element,image
2_1_1,3_0_0
2_1_2,3_0_1
2_1_3,3_0_2
2_1_4,3_0_3
2_1_5,3_0_4
2_1_6,3_0_5
2_1_7,3_0_6
2_1_8,3_0_7
2_1_9,3_0_8
2_1_10,3_0_9
2_1_11,3_0_10
2_1_12,3_0_11
2_1_13,3_0_12
2_1_14,3_0_13
2_1_15,3_0_14
2_1_16,3_0_15
2_1_17,3_0_16
2_1_18,3_0_17
2_1_19,3_0_18
2_1_20,3_0_19
2_1_21,3_0_20
2_1_22,3_0_21
2_1_23,3_0_22
2_1_24,3_0_23
2_1_25,3_0_24
2_1_26,3_0_25
2_1_27,3_0_26
2_2_2,3_1_1
2_3_3,3_2_2
2_4_3,3_3_2
2_4_4,3_3_3
2_5_4,3_4_3
2_6_5,3_5_4
2_9_4,3_8_3
2_10_5,3_9_4
2_10_6,3_9_5
2_11_5,3_10_4
2_11_6,3_10_5
2_11_7,3_10_6
2_12_5,3_11_4
2_12_6,3_11_5
2_12_7,3_11_6
2_12_8,3_11_7
2_13_7,3_12_6
2_13_8,3_12_7
2_14_9,3_13_8
2_15_6,3_14_5
2_16_6,3_15_5
2_17_7,3_16_6
2_17_8,3_16_7
2_18_7,3_17_6
2_18_8,3_17_7
2_18_9,3_17_8
2_18_10,3_17_9
2_19_8,3_18_7
2_19_9,3_18_8
2_19_10,3_18_9
2_19_11,3_18_10
2_20_9,3_19_8
2_20_10,3_19_9
2_20_11,3_19_10
2_20_12,3_19_11
2_21_7,3_20_6
2_21_11,3_20_10
2_21_12,3_20_11
2_22_13,3_21_12
2_23_8,3_22_7
2_24_7,3_23_6
2_24_10,3_23_9
2_25_6,3_24_5
2_25_9,3_24_8
2_25_11,3_24_10
2_25_12,3_24_11
2_26_6,3_25_5
2_26_7,3_25_6
2_26_8,3_25_7
2_26_11,3_25_10
2_26_12,3_25_11
2_26_13,3_25_12
2_26_14,3_25_13
2_27_7,3_26_6
2_27_8,3_26_7
2_27_10,3_26_9
2_27_12,3_26_11
2_27_13,3_26_12
2_27_14,3_26_13
2_27_15,3_26_14
2_28_7,3_27_6
2_28_8,3_27_7
2_28_9,3_27_8
2_28_13,3_27_12
2_28_14,3_27_13
2_28_15,3_27_14
2_28_16,3_27_15
2_29_7,3_28_6
2_29_8,3_28_7
2_29_11,3_28_10
2_29_15,3_28_14
2_29_16,3_28_15
2_30_9,3_29_8
2_30_10,3_29_9
2_30_17,3_29_16
2_31_8,3_30_7
2_31_9,3_30_8
2_31_12,3_30_11
2_32_7,3_31_6
2_32_8,3_31_7
2_32_9,3_31_8
2_32_11,3_31_10
2_32_14,3_31_13
2_33_7,3_32_6
2_33_8,3_32_7
2_33_10,3_32_9
2_33_13,3_32_12
2_33_15,3_32_14
2_33_16,3_32_15
2_34_8,3_33_7
2_34_12,3_33_11
2_34_15,3_33_14
2_34_16,3_33_15
2_34_17,3_33_16
2_34_18,3_33_17
2_35_9,3_34_8
2_35_11,3_34_10
2_35_14,3_34_13
2_35_16,3_34_15
2_35_17,3_34_16
2_35_18,3_34_17
2_35_19,3_34_18
2_36_10,3_35_9
2_36_13,3_35_12
2_36_17,3_35_16
2_36_18,3_35_17
2_36_19,3_35_18
2_36_20,3_35_19
2_37_12,3_36_11
2_37_15,3_36_14
2_37_19,3_36_18
2_37_20,3_36_19
2_38_11,3_37_10
2_38_14,3_37_13
2_38_21,3_37_20
2_39_8,3_38_7
2_39_10,3_38_9
2_39_13,3_38_12
2_39_16,3_38_15
2_40_8,3_39_7
2_40_9,3_39_8
2_40_10,3_39_9
2_40_12,3_39_11
2_40_15,3_39_14
2_40_18,3_39_17
2_41_9,3_40_8
2_41_11_0,3_40_10_0
2_41_11_1,3_40_10_1
2_41_14,3_40_13
2_41_17,3_40_16
2_41_19,3_40_18
2_41_20,3_40_19
2_42_11,3_41_10
2_42_12,3_41_11
2_42_13,3_41_12
2_42_16,3_41_15
2_42_19,3_41_18
2_42_20,3_41_19
2_42_21,3_41_20
2_42_22,3_41_21
2_43_10,3_42_9
2_43_12_0,3_42_11_0
2_43_12_1,3_42_11_1
2_43_15,3_42_14
2_43_18,3_42_17
2_43_20,3_42_19
2_43_21,3_42_20
2_43_22,3_42_21
2_43_23,3_42_22
2_44_9,3_43_8
2_44_10,3_43_9
2_44_11,3_43_10
2_44_13,3_43_12
2_44_14,3_43_13
2_44_17,3_43_16
2_44_21,3_43_20
2_44_22,3_43_21
2_44_23,3_43_22
2_44_24,3_43_23
2_45_9,3_44_8
2_45_10,3_44_9
2_45_11,3_44_10
2_45_13,3_44_12
2_45_16,3_44_15
2_45_19,3_44_18
2_45_23,3_44_22
2_45_24,3_44_23
2_46_10,3_45_9
2_46_11,3_45_10
2_46_12,3_45_11
2_46_15,3_45_14
2_46_18,3_45_17
2_46_25,3_45_24
2_47_11,3_46_10
2_47_12,3_46_11
2_47_14,3_46_13
2_47_17,3_46_16
2_47_20,3_46_19
2_48_13,3_47_12
2_48_14,3_47_13
2_48_16,3_47_15
2_48_19,3_47_18
2_48_22,3_47_21
2_49_10,3_48_9
2_49_12,3_48_11
2_49_13,3_48_12
2_49_15_0,3_48_14_0
2_49_15_1,3_48_14_1
2_49_18,3_48_17
2_49_21,3_48_20
2_49_23,3_48_22
2_49_24,3_48_23
2_50_10,3_49_9
2_50_11,3_49_10
2_50_12,3_49_11
2_50_14,3_49_13
2_50_15,3_49_14
2_50_16,3_49_15
2_50_17,3_49_16
2_50_20,3_49_19
2_50_23,3_49_22
2_50_24,3_49_23
2_50_25,3_49_24
2_50_26,3_49_25
2_51_11_0,3_50_10_0
2_51_11_1,3_50_10_1
2_51_13,3_50_12
2_51_14,3_50_13
2_51_16_0,3_50_15_0
2_51_16_1,3_50_15_1
2_51_19,3_50_18
2_51_22,3_50_21
2_51_24,3_50_23
2_51_25,3_50_24
2_51_26,3_50_25
2_51_27,3_50_26
2_52_12,3_51_11
2_52_13,3_51_12
2_52_15,3_51_14
2_52_17,3_51_16
2_52_18,3_51_17
2_52_21,3_51_20
2_52_25,3_51_24
2_52_26,3_51_25
2_52_27,3_51_26
2_53_14,3_52_13
2_53_15,3_52_14
2_53_17,3_52_16
2_53_20,3_52_19
2_53_23,3_52_22
2_54_9,3_53_8
2_54_10,3_53_9
2_54_13,3_53_12
2_54_14,3_53_13
2_54_16,3_53_15
2_54_19,3_53_18
2_54_22,3_53_21
2_55_7,3_54_6
2_55_10,3_54_9
2_55_11,3_54_10
2_55_12_0,3_54_11_0
2_55_12_1,3_54_11_1
2_55_13,3_54_12
2_55_15,3_54_14
2_55_16,3_54_15
2_55_18,3_54_17
2_55_21,3_54_20
2_55_24,3_54_23
2_56_8,3_55_7
2_56_9,3_55_8
2_56_10,3_55_9
2_56_11_0,3_55_10_0
2_56_11_1,3_55_10_1
2_56_12_0,3_55_11_1
2_56_12_1,3_55_11_0
2_56_13,3_55_12
2_56_14,3_55_13
2_56_15,3_55_14
2_56_17,3_55_16
2_56_18,3_55_17
2_56_20,3_55_19
2_56_23,3_55_22
2_57_8,3_56_7
2_57_9_0,3_56_8_1
2_57_9_1,3_56_8_0
2_57_10,3_56_9
2_57_11_0,3_56_10_0
2_57_11_1,3_56_10_1
2_57_12_0,3_56_11_1
2_57_12_1,3_56_11_0
2_57_13,3_56_12
2_57_14_0,3_56_13_0
2_57_14_1,3_56_13_1
2_57_16,3_56_15
2_57_17,3_56_16
2_57_19_0,3_56_18_0
2_57_19_1,3_56_18_1
2_57_22,3_56_21
2_58_8,3_57_7
2_58_9_0,3_57_8_0
2_58_9_1,3_57_8_1
2_58_10,3_57_9
2_58_11_0,3_57_10_0
2_58_11_1,3_57_10_1
2_58_12,3_57_11
2_58_13,3_57_12
2_58_14,3_57_13
2_58_15,3_57_14
2_58_16,3_57_15
2_58_18,3_57_17
2_58_19,3_57_18
2_58_20,3_57_19
2_58_21,3_57_20
2_59_8,3_58_7
2_59_9,3_58_8
2_59_10_0,3_58_9_0
2_59_10_1,3_58_9_1
2_59_11,3_58_10
2_59_13,3_58_12
2_59_14,3_58_13
2_59_15_0,3_58_14_0
2_59_15_1,3_58_14_1
2_59_17,3_58_16
2_59_18,3_58_17
2_59_20_0,3_58_19_0
2_59_20_1,3_58_19_1
2_60_8,3_59_7
2_60_10,3_59_9
2_60_12_0,3_59_11_0
2_60_12_1,3_59_11_1
2_60_13_0,3_59_12_0
2_60_13_1,3_59_12_1
2_60_14,3_59_13
2_60_16,3_59_15
2_60_17,3_59_16
2_60_19,3_59_18
2_61_9,3_60_8
2_61_10,3_60_9
2_61_12_0,3_60_11_0
2_61_12_1,3_60_11_1
2_61_13,3_60_12
2_61_15,3_60_14
2_61_16,3_60_15
2_61_18,3_60_17
2_62_8,3_61_7
2_62_9_0,3_61_8_0
2_62_9_1,3_61_8_1 + 3_61_8_0
2_62_11_0,3_61_10_0
2_62_11_1,3_61_10_1 + 3_61_10_0
2_62_12,3_61_11
2_62_13,3_61_12
2_62_14,3_61_13
2_62_15,3_61_14
2_62_17,3_61_16
2_63_9_0,3_62_8_0
2_63_9_1,3_62_8_1
2_63_10_0,3_62_9_0
2_63_10_1,3_62_9_1
2_63_11_0,3_62_10_1
2_63_11_1,3_62_10_0 + 3_62_10_1
2_63_11_2,3_62_10_2
2_63_12,3_62_11
2_63_13,3_62_12
2_63_14,3_62_13
2_63_16_0,3_62_15_0
2_63_16_1,3_62_15_1
2_64_9,3_63_8
2_64_10_0,3_63_9_0
2_64_10_1,3_63_9_2 + 3_63_9_0
2_64_10_2,3_63_9_1
2_64_11,3_63_10
2_64_12_0,3_63_11_0
2_64_12_1,3_63_11_1
2_64_13,3_63_12
2_64_14,3_63_13
2_64_15_0,3_63_14_0
2_64_15_1,3_63_14_1
2_65_10_0,3_64_9_0
2_65_10_1,3_64_9_1
2_65_11_0,3_64_10_0
2_65_11_1,3_64_10_1
2_65_12,3_64_11
2_65_13_0,3_64_12_1
2_65_13_1,3_64_12_0
2_65_14_0,3_64_13_0
2_65_14_1,3_64_13_1
2_66_9,3_65_8
2_66_10,3_65_9
2_66_12,3_65_11
2_66_13_0,3_65_12_0
2_66_13_1,3_65_12_1
2_67_9,3_66_8
2_68_11,3_67_10
2_69_9,3_68_8
2_69_10,3_68_9
2_70_8,3_69_7
3_3_2,5_1_1
3_4_3,5_2_2
3_5_4,5_3_3
3_8_3,5_6_2
3_9_5,5_7_4
3_10_4,5_8_3
3_11_4,5_9_3
3_11_5,5_9_4
3_11_6,5_9_5
3_12_6,5_10_5
3_12_7,5_10_6
3_13_8,5_11_7
3_14_5,5_12_4
3_15_5,5_13_4
3_16_7,5_14_6
3_17_6,5_15_5
3_17_9,5_15_8
3_18_7,5_16_6
3_18_8,5_16_7
3_19_8,5_17_7
3_19_9,5_17_8
3_19_10,5_17_9
3_20_6,5_18_5
3_20_10,5_18_9
3_20_11,5_18_10
3_21_12,5_19_11
3_22_7,5_20_6
3_23_6,5_21_5
3_23_9,5_21_8
3_24_5,5_22_4
3_24_8,5_22_7
3_24_11,5_22_10
3_25_5,5_23_4
3_25_7,5_23_6
3_25_10,5_23_9
3_25_13,5_23_12
3_26_6,5_24_5
3_26_7,5_24_6
3_26_9,5_24_8
3_26_11,5_24_10
3_26_12,5_24_11
3_27_6,5_25_5_1
3_27_7,5_25_6_0
3_27_8,5_25_7
3_27_12,5_25_11
3_27_13,5_25_12
3_27_14,5_25_13
3_28_6,5_26_5_1 + 5_26_5_0
3_28_7,5_26_6_1
3_28_10,5_26_9
3_28_14,5_26_13
3_28_15,5_26_14
3_29_9,5_27_8
3_29_16,5_27_15
3_30_7,5_28_6
3_30_8,5_28_7
3_30_11,5_28_10
3_31_6,5_29_5
3_31_7,5_29_6
3_31_8,5_29_7_1
3_31_10,5_29_9
3_31_13,5_29_12
3_32_6,5_30_5
3_32_9,5_30_8
3_32_12,5_30_11
3_32_15,5_30_14
3_33_7,5_31_6_1
3_33_11,5_31_10
3_33_14,5_31_13
3_33_17,5_31_16
3_34_8,5_32_7
3_34_10,5_32_9
3_34_13,5_32_12
3_34_15,5_32_14
3_34_16,5_32_15
3_35_9,5_33_8
3_35_12,5_33_11
3_35_16,5_33_15
3_35_17,5_33_16
3_35_18,5_33_17
3_36_11,5_34_10
3_36_14,5_34_13
3_36_18,5_34_17
3_36_19,5_34_18
3_37_10,5_35_9
3_37_13,5_35_12
3_37_20,5_35_19
3_38_7,5_36_6
3_38_9,5_36_8
3_38_12,5_36_11
3_38_15,5_36_14
3_39_7,5_37_6
3_39_8,5_37_7
3_39_9,5_37_8
3_39_11,5_37_10
3_39_14,5_37_13
3_39_17,5_37_16
3_40_8,5_38_7
3_40_10_0,5_38_9
3_40_13,5_38_12
3_40_16,5_38_15
3_40_19,5_38_18
3_41_10,5_39_9
3_41_12,5_39_11
3_41_15,5_39_14
3_41_18,5_39_17
3_41_21,5_39_20
3_42_9,5_40_8
3_42_11_0,5_40_10
3_42_14,5_40_13
3_42_17,5_40_16
3_42_19,5_40_18
3_42_20,5_40_19
3_43_8,5_41_7
3_43_9,5_41_8
3_43_10,5_41_9
3_43_12,5_41_11_1
3_43_13,5_41_12
3_43_16,5_41_15
3_43_20,5_41_19
3_43_21,5_41_20
3_43_22,5_41_21
3_44_8,5_42_7
3_44_9,5_42_8_1
3_44_10,5_42_9
3_44_12,5_42_11
3_44_15,5_42_14
3_44_18,5_42_17
3_44_22,5_42_21
3_44_23,5_42_22
3_45_9,5_43_8_1 + 5_43_8_0
3_45_14,5_43_13
3_45_17,5_43_16
3_45_24,5_43_23
3_46_10,5_44_9
3_46_11,5_44_10
3_46_13,5_44_12
3_46_16,5_44_15
3_46_19,5_44_18
3_47_13,5_45_12
3_47_15,5_45_14
3_47_18,5_45_17
3_47_21,5_45_20
3_48_9,5_46_8
3_48_11,5_46_10
3_48_12,5_46_11
3_48_14_0,5_46_13
3_48_17,5_46_16
3_48_20,5_46_19
3_48_23,5_46_22
3_49_9,5_47_8
3_49_10,5_47_9
3_49_11,5_47_10
3_49_14,5_47_13
3_49_16,5_47_15
3_49_19,5_47_18
3_49_22,5_47_21
3_49_25,5_47_24
3_50_10_0,5_48_9_0
3_50_10_1,5_48_9_1
3_50_13,5_48_12
3_50_15_0,5_48_14
3_50_18,5_48_17
3_50_21,5_48_20
3_50_23,5_48_22
3_50_24,5_48_23
3_51_11,5_49_10
3_51_12,5_49_11
3_51_16,5_49_15_1
3_51_17,5_49_16
3_51_20,5_49_19
3_51_24,5_49_23
3_51_25,5_49_24
3_51_26,5_49_25
3_52_14,5_50_13
3_52_16,5_50_15
3_52_19,5_50_18
3_52_22,5_50_21
3_52_26,5_50_25
3_52_27,5_50_26
3_53_8,5_51_7
3_53_9,5_51_8
3_53_12,5_51_11
3_53_13,5_51_12
3_53_18,5_51_17
3_53_21,5_51_20
3_54_6,5_52_5
3_54_9,5_52_8
3_54_11_0,5_52_10_0
3_54_11_1,5_52_10_1
3_54_12,5_52_11
3_54_15,5_52_14
3_54_17,5_52_16
3_54_20,5_52_19
3_54_23,5_52_22
3_55_8,5_53_7_1
3_55_9,5_53_8
3_55_10_0,5_53_9
3_55_11_0,5_53_10
3_55_14,5_53_13
3_55_17,5_53_16
3_55_19,5_53_18
3_55_22,5_53_21
3_56_7,5_54_6
3_56_8_0,5_54_7
3_56_10_0,5_54_9_0
3_56_10_1,5_54_9_1
3_56_11_0,5_54_10_1
3_56_12,5_54_11
3_56_13_1,5_54_12
3_56_16,5_54_15
3_56_18_0,5_54_17
3_56_21,5_54_20
3_57_7,5_55_6
3_57_8_0,5_55_7_1
3_57_8_1,5_55_7_0
3_57_9,5_55_8_1
3_57_10_0,5_55_9_2 + 5_55_9_0
3_57_10_1,5_55_9_0
3_57_11,5_55_10_2
3_57_12,5_55_11
3_57_13,5_55_12_1
3_57_15,5_55_14
3_57_18,5_55_17
3_57_20,5_55_19
3_58_7,5_56_6_0
3_58_8,5_56_7_1 + 5_56_7_2
3_58_9_0,5_56_8_1
3_58_9_1,5_56_8_2
3_58_10,5_56_9_1 + 5_56_9_2
3_58_12,5_56_11_0
3_58_13,5_56_12_0
3_58_14_0,5_56_13_0
3_58_14_1,5_56_13_1
3_58_17,5_56_16
3_58_19_0,5_56_18
3_59_7,5_57_6_1
3_59_9,5_57_8_1 + 5_57_8_0
3_59_11_0,5_57_10_1
3_59_12_0,5_57_11_1
3_59_12_1,5_57_11_2
3_59_13,5_57_12_1
3_59_16,5_57_15
3_59_20,5_57_19_1
3_60_8,5_58_7_0
3_60_9,5_58_8_2
3_60_11_0,5_58_10_0
3_60_11_1,5_58_10_1
3_60_12,5_58_11_1 + 5_58_11_0
3_60_15,5_58_14
3_60_18,5_58_17
3_61_7,5_59_6_1 + 5_59_6_0
3_61_8_0,5_59_7_0
3_61_8_1,5_59_7_1
3_61_10_0,5_59_9_0
3_61_10_1,5_59_9_1
3_61_11,5_59_10_1 + 5_59_10_2
3_61_13,5_59_12
3_61_14,5_59_13
3_61_17,5_59_16
3_62_8_0,5_60_7_1
3_62_9_0,5_60_8_0
3_62_10_0,5_60_9_0
3_62_10_1,5_60_9_1
3_62_10_2,5_60_9_2
3_62_12,5_60_11_1
3_62_13,5_60_12
3_62_15_1,5_60_14
3_62_16,5_60_15
3_63_8,5_61_7_1
3_63_9_1,5_61_8_0
3_63_9_2,5_61_8_1
3_63_11_0,5_61_10_1
3_63_13,5_61_12_0
3_63_14_0,5_61_13_0
3_63_14_1,5_61_13_1
3_63_15,5_61_14
3_64_9_0,5_62_8_1
3_64_9_1,5_62_8_0
3_64_10_0,5_62_9_3
3_64_10_1,5_62_9_2
3_64_11,5_62_10
3_64_12_0,5_62_11_0
3_64_13_0,5_62_12_0
3_64_13_1,5_62_12_2
3_64_14,5_62_13
3_65_8,5_63_7_0
3_65_9,5_63_8_2
3_65_11,5_63_10_1
3_65_12_0,5_63_11_1
3_65_12_1,5_63_11_2
3_65_13,5_63_12_1
3_66_8,5_64_7
3_66_13,5_64_12_0
3_67_10,5_65_9
3_68_8,5_66_7_1 + 5_66_7_0
3_68_9,5_66_8
3_68_10,5_66_9
3_68_11,5_66_10
3_69_7,5_67_6
3_69_9_0,5_67_8_0
3_69_9_1,5_67_8_1
3_70_9_0,5_68_8_1
3_70_9_1,5_68_8_0 + 5_68_8_1
3_71_8,5_69_7
4_3_1,7_0_0
4_3_2_1,7_0_1
4_3_3_1,7_0_2
4_3_4,7_0_3
4_3_5,7_0_4
4_3_6,7_0_5
4_3_7,7_0_6
4_3_8,7_0_7
4_3_9,7_0_8
4_3_10,7_0_9
4_3_11,7_0_10
4_3_12,7_0_11
4_3_13,7_0_12
4_3_14,7_0_13
4_3_15,7_0_14
4_3_16,7_0_15
4_3_17,7_0_16
4_3_18,7_0_17
4_3_19,7_0_18
4_3_20,7_0_19
4_3_21,7_0_20
4_3_22,7_0_21
4_3_23,7_0_22
4_3_24,7_0_23
4_3_25,7_0_24
4_3_26,7_0_25
4_3_27,7_0_26
4_4_2,7_1_1
4_5_3,7_2_2
4_6_2,7_3_1
4_6_3,7_3_2
4_6_4,7_3_3
4_9_3,7_6_2
4_10_3,7_7_2
4_10_4_0,7_7_3
4_10_5_0,7_7_4
4_11_3,7_8_2
4_11_4_1,7_8_3_0
4_11_4_2,7_8_3_1
4_12_4,7_9_3
4_12_5_0,7_9_4_0
4_12_5_1,7_9_4_1
4_12_6_1,7_9_5
4_13_4,7_10_3
4_13_5,7_10_4
4_13_6,7_10_5
4_13_7,7_10_6
4_14_4,7_11_3
4_14_6,7_11_5
4_14_7,7_11_6
4_14_8,7_11_7
4_16_5,7_13_4
4_17_4,7_14_3
4_17_5_0,7_14_4_0
4_17_5_1,7_14_4_1
4_17_6_0,7_14_5
4_17_7_0,7_14_6
4_18_5,7_15_4
4_18_6_0,7_15_5_0
4_18_6_1,7_15_5_1
4_18_7_1,7_15_6
4_18_8_0,7_15_7
4_18_9_0,7_15_8
4_19_7_0,7_16_6_0
4_19_7_1,7_16_6_1
4_19_8_1,7_16_7_0
4_19_8_2,7_16_7_1
4_20_6_0,7_17_5
4_20_7,7_17_6
4_20_8,7_17_7
4_20_9_0,7_17_8_0
4_20_9_1,7_17_8_1
4_20_10_1,7_17_9
4_21_5,7_18_4
4_21_6,7_18_5
4_21_8,7_18_7
4_21_9,7_18_8
4_21_10,7_18_9
4_21_11,7_18_10
4_22_4,7_19_3
4_22_10,7_19_9
4_22_11,7_19_10
4_22_12,7_19_11
4_23_5,7_20_4
4_23_6_0,7_20_5
4_23_7,7_20_6
4_24_6,7_21_5
4_24_7,7_21_6
4_24_8_0,7_21_7
4_24_9,7_21_8
4_25_5_1,7_22_4
4_25_6_0,7_22_5
4_25_7_0,7_22_6
4_25_8_0,7_22_7_1
4_25_8_1,7_22_7_0
4_25_9,7_22_8
4_25_10_0,7_22_9
4_25_11_0,7_22_10
4_26_5_0,7_23_4_0
4_26_5_1,7_23_4_1
4_26_6_1,7_23_5_0
4_26_6_2,7_23_5_1
4_26_7_0,7_23_6
4_26_9_0,7_23_8
4_26_10_0,7_23_9_0
4_26_10_1,7_23_9_1
4_26_11_1,7_23_10
4_26_12_0,7_23_11
4_26_13_0,7_23_12
4_27_5,7_24_4
4_27_6_1,7_24_5_0
4_27_6_2,7_24_5_1
4_27_7_1,7_24_6
4_27_8_0,7_24_7
4_27_9,7_24_8
4_27_11_0,7_24_10_0
4_27_11_1,7_24_10_1
4_27_12_1,7_24_11_0
4_27_12_2,7_24_11_1
4_28_5_0,7_25_4_0
4_28_5_1,7_25_4_1
4_28_6_0,7_25_5_0
4_28_6_1,7_25_5_1
4_28_7_0,7_25_6_0
4_28_7_1,7_25_6_1
4_28_8,7_25_7
4_28_10_0,7_25_9
4_28_11,7_25_10
4_28_12,7_25_11
4_28_13_0,7_25_12_0
4_28_13_1,7_25_12_1
4_28_14_1,7_25_13
4_29_5,7_26_4
4_29_6_0,7_26_5_0
4_29_6_1,7_26_5_1
4_29_7_0,7_26_6_0
4_29_7_1,7_26_6_1
4_29_8_1,7_26_7
4_29_9_0,7_26_8
4_29_10,7_26_9
4_29_12,7_26_11
4_29_13,7_26_12
4_29_14,7_26_13
4_29_15,7_26_14
4_30_6,7_27_5
4_30_7_1,7_27_6
4_30_8_0,7_27_7
4_30_9,7_27_8
4_30_14,7_27_13
4_30_15,7_27_14
4_30_16,7_27_15
4_31_6_0,7_28_5
4_31_7_1,7_28_6
4_31_8_1,7_28_7
4_31_9,7_28_8
4_31_10_0,7_28_9
4_31_11,7_28_10
4_32_6_0,7_29_5
4_32_7_0,7_29_6_2
4_32_7_1,7_29_6_0
4_32_7_2,7_29_6_1
4_32_8_0,7_29_7_0
4_32_8_1,7_29_7_1
4_32_9_0,7_29_8
4_32_10,7_29_9
4_32_11,7_29_10
4_32_12_0,7_29_11
4_32_13,7_29_12
4_33_6_0,7_30_5_0
4_33_6_1,7_30_5_1
4_33_7_1,7_30_6
4_33_8,7_30_7
4_33_9,7_30_8
4_33_10,7_30_9
4_33_11_0,7_30_10
4_33_12_0,7_30_11_1
4_33_12_1,7_30_11_0
4_33_13,7_30_12
4_33_14_0,7_30_13
4_33_15_0,7_30_14
4_34_7_0,7_31_6_0
4_34_7_1,7_31_6_1
4_34_8_1,7_31_7
4_34_9,7_31_8
4_34_10_0,7_31_9
4_34_11,7_31_10
4_34_13_0,7_31_12
4_34_14_0,7_31_13_0
4_34_14_1,7_31_13_1
4_34_15_1,7_31_14
4_34_16_0,7_31_15
4_34_17_0,7_31_16
4_35_6,7_32_5
4_35_7,7_32_6
4_35_8_0,7_32_7_0
4_35_8_1,7_32_7_1
4_35_9_0,7_32_8
4_35_10,7_32_9
4_35_11,7_32_10
4_35_12_0,7_32_11
4_35_13,7_32_12
4_35_15_0,7_32_14_0
4_35_15_1,7_32_14_1
4_35_16_1,7_32_15_0
4_35_16_2,7_32_15_1
4_36_6,7_33_5
4_36_8,7_33_7
4_36_9,7_33_8
4_36_10,7_33_9
4_36_11_0,7_33_10
4_36_12,7_33_11
4_36_14_0,7_33_13
4_36_15,7_33_14
4_36_16,7_33_15
4_36_17_0,7_33_16_0
4_36_17_1,7_33_16_1
4_36_18_1,7_33_17
4_37_7,7_34_6
4_37_9,7_34_8
4_37_10_0,7_34_9
4_37_11,7_34_10
4_37_12,7_34_11
4_37_13_0,7_34_12
4_37_14,7_34_13
4_37_16,7_34_15
4_37_17,7_34_16
4_37_18,7_34_17
4_37_19,7_34_18
4_38_6,7_35_5
4_38_8,7_35_7
4_38_9_0,7_35_8
4_38_10,7_35_9
4_38_11,7_35_10
4_38_12_0,7_35_11
4_38_13,7_35_12
4_38_18,7_35_17
4_38_19,7_35_18
4_38_20,7_35_19
4_39_6,7_36_5
4_39_7_1,7_36_6
4_39_10,7_36_9
4_39_11_0,7_36_10
4_39_12,7_36_11
4_39_13,7_36_12
4_39_14_0,7_36_13
4_39_15,7_36_14
4_40_7_0,7_37_6_0
4_40_7_1,7_37_6_1
4_40_8_1,7_37_7
4_40_9_0,7_37_8_1
4_40_9_1,7_37_8_0
4_40_10_1,7_37_9
4_40_11,7_37_10
4_40_12,7_37_11
4_40_13_0,7_37_12
4_40_14,7_37_13
4_40_15,7_37_14
4_40_16_0,7_37_15
4_40_17,7_37_16
4_41_6,7_38_5
4_41_7,7_38_6
4_41_8_0,7_38_7_0
4_41_8_1,7_38_7_1
4_41_8_2,7_38_7_2 + 7_38_7_0
4_41_9_0,7_38_8_0 + 7_38_8_1
4_41_9_1,7_38_8_1
4_41_10_0,7_38_9
4_41_11_0,7_38_10
4_41_12_0,7_38_11
4_41_13,7_38_12
4_41_14,7_38_13
4_41_15_0,7_38_14
4_41_16_0,7_38_15_1
4_41_16_1,7_38_15_0
4_41_17,7_38_16
4_41_18_0,7_38_17
4_41_19_0,7_38_18
4_42_7_0,7_39_6_0
4_42_7_1,7_39_6_1
4_42_8_0,7_39_7_0
4_42_8_1,7_39_7_1
4_42_9_1,7_39_8
4_42_10_0,7_39_9_0
4_42_10_1,7_39_9_1
4_42_11_1,7_39_10
4_42_12,7_39_11
4_42_13,7_39_12
4_42_14_0,7_39_13
4_42_15,7_39_14
4_42_17_0,7_39_16
4_42_18_0,7_39_17_0
4_42_18_1,7_39_17_1
4_42_19_1,7_39_18
4_42_20_0,7_39_19
4_42_21_0,7_39_20
4_43_7_0,7_40_6_0 + 7_40_6_1
4_43_7_1,7_40_6_1
4_43_8_1,7_40_7_0
4_43_8_2,7_40_7_1
4_43_9_1,7_40_8
4_43_10_0,7_40_9
4_43_11,7_40_10
4_43_12_1,7_40_11
4_43_13_0,7_40_12
4_43_14,7_40_13
4_43_15,7_40_14
4_43_16_0,7_40_15
4_43_17,7_40_16
4_43_19_0,7_40_18_0
4_43_19_1,7_40_18_1
4_43_20_1,7_40_19_0
4_43_20_2,7_40_19_1
4_44_7_0,7_41_6_0
4_44_7_1,7_41_6_1
4_44_9_0,7_41_8_0
4_44_9_1,7_41_8_1
4_44_11_0,7_41_10_0
4_44_11_1,7_41_10_1
4_44_12_0,7_41_11_1
4_44_12_1,7_41_11_0
4_44_13,7_41_12
4_44_14,7_41_13
4_44_15_0,7_41_14
4_44_16,7_41_15
4_44_18_0,7_41_17
4_44_19,7_41_18
4_44_20,7_41_19
4_44_21_0,7_41_20_0
4_44_21_1,7_41_20_1
4_44_22_1,7_41_21
4_45_8_0,7_42_7_0
4_45_8_1,7_42_7_1
4_45_8_2,7_42_7_2
4_45_9_0,7_42_8
4_45_10_1,7_42_9_0
4_45_10_2,7_42_9_1
4_45_11_1,7_42_10
4_45_12,7_42_11
4_45_13,7_42_12
4_45_14_0,7_42_13
4_45_15,7_42_14
4_45_16,7_42_15
4_45_17_0,7_42_16
4_45_18,7_42_17
4_45_20,7_42_19
4_45_21,7_42_20
4_45_22,7_42_21
4_45_23,7_42_22
4_46_8_0,7_43_7_0
4_46_8_1,7_43_7_1
4_46_9_0,7_43_8_0
4_46_9_1,7_43_8_1
4_46_9_2,7_43_8_2
4_46_10_1,7_43_9
4_46_12,7_43_11
4_46_13_0,7_43_12
4_46_14,7_43_13
4_46_15,7_43_14
4_46_16_0,7_43_15
4_46_17,7_43_16
4_46_22,7_43_21
4_46_23,7_43_22
4_46_24,7_43_23
4_47_8,7_44_7
4_47_9,7_44_8
4_47_10_0,7_44_9_0
4_47_10_1,7_44_9_1
4_47_11_0,7_44_10_0
4_47_11_1,7_44_10_1
4_47_14,7_44_13
4_47_15_0,7_44_14
4_47_16,7_44_15
4_47_17,7_44_16
4_47_18_0,7_44_17
4_47_19,7_44_18
4_48_9_0,7_45_8_0
4_48_9_1,7_45_8_1 + 7_45_8_0
4_48_10,7_45_9
4_48_13_0,7_45_12_0
4_48_13_1,7_45_12_1
4_48_14_1,7_45_13
4_48_15,7_45_14
4_48_16,7_45_15
4_48_17_0,7_45_16
4_48_18,7_45_17
4_48_19,7_45_18
4_48_20_0,7_45_19
4_48_21,7_45_20
4_49_8,7_46_7
4_49_12_0,7_46_11_0
4_49_12_1,7_46_11_1
4_49_12_2,7_46_11_2
4_49_13_1,7_46_12
4_49_14_0,7_46_13
4_49_15_0,7_46_14
4_49_16_0,7_46_15
4_49_17,7_46_16
4_49_18,7_46_17
4_49_19_0,7_46_18
4_49_20_0,7_46_19_1
4_49_20_1,7_46_19_0
4_49_21,7_46_20
4_49_22_0,7_46_21
4_49_23_0,7_46_22
4_50_7,7_47_6
4_50_9,7_47_8
4_50_11_0,7_47_10_0
4_50_11_1,7_47_10_1
4_50_13_0,7_47_12
4_50_14_0,7_47_13_0
4_50_14_1,7_47_13_1
4_50_15_1,7_47_14
4_50_16,7_47_15
4_50_17,7_47_16
4_50_18_0,7_47_17
4_50_19,7_47_18
4_50_21_0,7_47_20
4_50_22_0,7_47_21_0
4_50_22_1,7_47_21_1
4_50_23_1,7_47_22
4_50_24_0,7_47_23
4_50_25_0,7_47_24
4_51_8,7_48_7
4_51_9,7_48_8
4_51_10_0,7_48_9_1
4_51_10_1,7_48_9_0
4_51_10_2,7_48_9_2
4_51_11_1,7_48_10
4_51_13_0,7_48_12_0
4_51_13_1,7_48_12_1
4_51_14_1,7_48_13
4_51_15,7_48_14
4_51_16_1,7_48_15
4_51_17_0,7_48_16
4_51_18,7_48_17
4_51_19,7_48_18
4_51_20_0,7_48_19
4_51_21,7_48_20
4_51_23_0,7_48_22_0
4_51_23_1,7_48_22_1
4_51_24_1,7_48_23_0
4_51_24_2,7_48_23_1
4_52_9,7_49_8
4_52_10_0,7_49_9_0
4_52_10_1,7_49_9_1
4_52_11,7_49_10
4_52_12_0,7_49_11_0
4_52_12_1,7_49_11_1
4_52_15_0,7_49_14_0
4_52_15_1,7_49_14_1
4_52_16_0,7_49_15_1
4_52_16_1,7_49_15_0
4_52_17,7_49_16
4_52_18,7_49_17
4_52_19_0,7_49_18
4_52_20,7_49_19
4_52_22_0,7_49_21
4_52_23,7_49_22
4_52_24,7_49_23
4_52_25_0,7_49_24_0
4_52_25_1,7_49_24_1
4_52_26_1,7_49_25
4_53_7,7_50_6
4_53_11,7_50_10
4_53_14_0,7_50_13_0
4_53_14_1,7_50_13_1
4_53_15_1,7_50_14
4_53_16,7_50_15
4_53_17,7_50_16
4_53_18_0,7_50_17
4_53_19,7_50_18
4_53_20,7_50_19
4_53_21_0,7_50_20
4_53_22,7_50_21
4_53_24,7_50_23
4_53_25,7_50_24
4_53_26,7_50_25
4_54_7,7_51_6
4_54_8,7_51_7
4_54_9_0,7_51_8
4_54_10_0,7_51_9
4_54_13_0,7_51_12_0
4_54_13_1,7_51_12_1
4_54_16,7_51_15
4_54_17_0,7_51_16
4_54_18,7_51_17
4_54_19,7_51_18
4_54_20_0,7_51_19
4_54_21,7_51_20
4_55_6,7_52_5
4_55_7_0,7_52_6
4_55_8_0,7_52_7
4_55_9_0,7_52_8_1
4_55_9_1,7_52_8_0 + 7_52_8_1
4_55_9_2,7_52_8_2
4_55_9_4,7_52_8_3
4_55_10_0,7_52_9_1
4_55_10_1,7_52_9_0
4_55_11_0,7_52_10
4_55_12_0,7_52_11_0
4_55_12_1,7_52_11_1
4_55_15_0,7_52_14_0
4_55_15_1,7_52_14_1
4_55_18,7_52_17
4_55_19_0,7_52_18
4_55_20,7_52_19
4_55_21,7_52_20
4_55_22_0,7_52_21
4_55_23,7_52_22
4_56_6,7_53_5
4_56_7_0,7_53_6
4_56_8_0,7_53_7_1
4_56_8_1,7_53_7_0
4_56_8_2,7_53_7_2
4_56_8_5,7_53_7_3
4_56_9_0,7_53_8_1
4_56_9_2,7_53_8_0
4_56_9_3,7_53_8_2
4_56_10_1,7_53_9_0
4_56_10_2,7_53_9_1
4_56_10_3,7_53_9_2
4_56_11_1,7_53_10_2 + 7_53_10_0
4_56_11_2,7_53_10_0
4_56_11_3,7_53_10_1 + 7_53_10_0
4_56_12_0,7_53_11
4_56_14_0,7_53_13_0
4_56_14_1,7_53_13_1
4_56_17_0,7_53_16_1 + 7_53_16_0
4_56_17_1,7_53_16_0
4_56_18_1,7_53_17
4_56_19,7_53_18
4_56_20,7_53_19
4_56_21_0,7_53_20
4_56_22,7_53_21
4_56_23,7_53_22
4_57_6,7_54_5
4_57_7_1,7_54_6_0
4_57_7_2,7_54_6_1
4_57_8_2,7_54_7
4_57_9_1,7_54_8_0
4_57_9_2,7_54_8_1
4_57_10_1,7_54_9_0
4_57_10_2,7_54_9_1
4_57_10_3,7_54_9_2
4_57_10_4,7_54_9_3
4_57_11_1,7_54_10_0
4_57_11_2,7_54_10_1
4_57_11_3,7_54_10_3
4_57_11_4,7_54_10_2
4_57_12_1,7_54_11
4_57_13_1,7_54_12_0
4_57_13_2,7_54_12_1
4_57_16_0,7_54_15_0
4_57_16_1,7_54_15_2 + 7_54_15_1
4_57_16_2,7_54_15_1
4_57_17_1,7_54_16
4_57_18_0,7_54_17
4_57_19_0,7_54_18
4_57_20_0,7_54_19
4_57_21,7_54_20
4_57_22,7_54_21
4_58_6,7_55_5
4_58_7_1,7_55_6
4_58_8_0,7_55_7_0
4_58_8_1,7_55_7_2
4_58_8_2,7_55_7_1
4_58_9_2,7_55_8_1
4_58_9_3,7_55_8_0 + 7_55_8_1
4_58_9_4,7_55_8_2
4_58_10_0,7_55_9_0
4_58_10_1,7_55_9_2
4_58_10_2,7_55_9_1
4_58_10_3,7_55_9_3 + 7_55_9_0
4_58_11_0,7_55_10_1
4_58_11_1,7_55_10_0
4_58_11_2,7_55_10_2
4_58_12_1,7_55_11_0
4_58_12_2,7_55_11_1
4_58_13_1,7_55_12
4_58_15_0,7_55_14_0
4_58_15_1,7_55_14_1
4_58_17_0,7_55_16
4_58_18_0,7_55_17_0
4_58_18_1,7_55_17_1
4_58_19_1,7_55_18
4_58_20,7_55_19
4_58_21,7_55_20
4_59_6,7_56_5
4_59_7_0,7_56_6_0
4_59_7_1,7_56_6_1
4_59_8_0,7_56_7_3
4_59_8_1,7_56_7_1
4_59_8_2,7_56_7_0 + 7_56_7_1
4_59_8_3,7_56_7_2
4_59_9_0,7_56_8_0
4_59_9_1,7_56_8_2
4_59_9_2,7_56_8_1
4_59_10_0,7_56_9_1
4_59_10_1,7_56_9_0
4_59_10_2,7_56_9_2
4_59_11_0,7_56_10_0
4_59_11_3,7_56_10_1 + 7_56_10_0
4_59_12_0,7_56_11_0
4_59_12_2,7_56_11_1
4_59_13_0,7_56_12
4_59_14_0,7_56_13_1
4_59_14_1,7_56_13_0
4_59_14_2,7_56_13_2
4_59_17_0,7_56_16_0
4_59_17_1,7_56_16_1
4_59_18_1,7_56_17
4_59_19,7_56_18
4_59_20_1,7_56_19
4_60_7_0,7_57_6_0
4_60_7_1,7_57_6_1
4_60_7_2,7_57_6_2 + 7_57_6_0
4_60_8_1,7_57_7
4_60_9_0,7_57_8_0
4_60_9_2,7_57_8_1
4_60_10_0,7_57_9_2
4_60_10_1,7_57_9_0
4_60_10_2,7_57_9_1
4_60_11_0,7_57_10_2
4_60_11_2,7_57_10_0
4_60_11_3,7_57_10_1
4_60_12_1,7_57_11
4_60_13_0,7_57_12_0
4_60_13_1,7_57_12_1
4_60_16_0,7_57_15_0
4_60_16_1,7_57_15_1
4_60_19_0,7_57_18_0
4_60_19_1,7_57_18_1
4_61_7_0,7_58_6
4_61_8_1,7_58_7_1
4_61_8_2,7_58_7_0
4_61_9,7_58_8
4_61_10_1,7_58_9_0
4_61_10_2,7_58_9_1
4_61_11_1,7_58_10_0
4_61_11_2,7_58_10_1
4_61_12_0,7_58_11_0
4_61_12_1,7_58_11_1
4_61_13_0,7_58_12
4_61_15_0,7_58_14_0
4_61_15_1,7_58_14_1
4_61_18_0,7_58_17_0
4_61_18_1,7_58_17_1
4_62_7_0,7_59_6_0
4_62_7_1,7_59_6_1
4_62_8_1,7_59_7_0
4_62_8_2,7_59_7_1
4_62_9_0,7_59_8_1
4_62_9_1,7_59_8_0
4_62_9_2,7_59_8_2
4_62_10_0,7_59_9_0
4_62_10_3,7_59_9_1
4_62_10_4,7_59_9_2 + 7_59_9_0
4_62_11_0,7_59_10_2
4_62_11_1,7_59_10_0
4_62_11_2,7_59_10_1
4_62_11_4,7_59_10_3
4_62_12_0,7_59_11_2
4_62_12_1,7_59_11_0
4_62_12_2,7_59_11_1
4_62_13_0,7_59_12
4_62_14_0,7_59_13_0
4_62_14_1,7_59_13_1
4_62_17_0,7_59_16_0
4_62_17_1,7_59_16_1
4_63_7_0,7_60_6_0
4_63_7_1,7_60_6_1 + 7_60_6_0
4_63_8_0,7_60_7_2
4_63_8_1,7_60_7_0
4_63_8_2,7_60_7_1
4_63_8_3,7_60_7_3
4_63_8_5,7_60_7_4
4_63_9_1,7_60_8_1
4_63_9_2,7_60_8_2
4_63_9_3,7_60_8_0 + 7_60_8_1
4_63_10_0,7_60_9_1
4_63_10_1,7_60_9_3 + 7_60_9_1
4_63_10_2,7_60_9_0
4_63_10_3,7_60_9_2 + 7_60_9_1
4_63_11_0,7_60_10_0
4_63_11_1,7_60_10_1 + 7_60_10_0
4_63_12_1,7_60_11_1
4_63_12_2,7_60_11_0
4_63_12_3,7_60_11_2
4_63_13_1,7_60_12_1
4_63_13_2,7_60_12_0
4_63_14_1,7_60_13
4_63_15_0,7_60_14
4_63_16_0,7_60_15_0
4_63_16_1,7_60_15_1
4_64_7_0,7_61_6_0
4_64_7_1,7_61_6_1
4_64_8_0,7_61_7_0
4_64_8_1,7_61_7_2
4_64_8_2,7_61_7_1
4_64_9_2,7_61_8_0
4_64_9_3,7_61_8_1
4_64_9_4,7_61_8_3
4_64_9_5,7_61_8_2
4_64_10_2,7_61_9
4_64_11_0,7_61_10_0
4_64_11_1,7_61_10_2
4_64_11_2,7_61_10_1
4_64_12_1,7_61_11_0
4_64_12_3,7_61_11_1
4_64_13_0,7_61_12_0
4_64_13_2,7_61_12_1
4_64_14_0,7_61_13_1
4_64_14_1,7_61_13_0
4_64_15_0,7_61_14_0
4_64_15_1,7_61_14_1
4_65_7,7_62_6
4_65_8_1,7_62_7_0
4_65_8_2,7_62_7_1
4_65_9_0,7_62_8_2 + 7_62_8_0
4_65_9_1,7_62_8_0
4_65_9_2,7_62_8_1
4_65_10_0,7_62_9_2
4_65_10_1,7_62_9_1 + 7_62_9_2
4_65_10_2,7_62_9_0
4_65_10_3,7_62_9_3
4_65_11_1,7_62_10_0
4_65_11_2,7_62_10_1
4_65_12_1,7_62_11_2
4_65_12_2,7_62_11_0
4_65_12_3,7_62_11_1
4_65_13_0,7_62_12_1
4_65_13_2,7_62_12_0
4_65_14_1,7_62_13_0
4_65_14_2,7_62_13_1
4_66_7,7_63_6
4_66_8_1,7_63_7_0
4_66_8_2,7_63_7_1
4_66_9_0,7_63_8_0
4_66_9_1,7_63_8_1
4_66_10,7_63_9
4_66_11_0,7_63_10_1
4_66_11_1,7_63_10_0
4_66_11_2,7_63_10_2
4_66_12_0,7_63_11_2 + 7_63_11_1
4_66_12_1,7_63_11_0
4_66_12_2,7_63_11_1
4_66_13_1,7_63_12_0
4_66_13_2,7_63_12_2
4_66_13_3,7_63_12_1
4_67_8_0,7_64_7_0
4_67_8_1,7_64_7_1
4_67_9,7_64_8
4_67_11,7_64_10
4_67_12_0,7_64_11_1
4_67_12_1,7_64_11_0
4_68_7,7_65_6
4_68_8_1,7_65_7
4_68_9_0,7_65_8
4_68_10_0,7_65_9_1
4_68_10_2,7_65_9_0
4_68_11_1,7_65_10
4_69_8_0,7_66_7_0
4_69_8_1,7_66_7_2
4_69_8_2,7_66_7_1
4_69_9_0,7_66_8_2
4_69_9_1,7_66_8_1
4_69_9_2,7_66_8_0
4_69_10_0,7_66_9_1
4_69_10_2,7_66_9_0
4_70_7,7_67_6
4_70_8_0,7_67_7_0
4_70_8_1,7_67_7_1
4_70_9_1,7_67_8_0
4_70_9_2,7_67_8_1
4_70_9_3,7_67_8_2
4_70_9_4,7_67_8_4
4_70_9_5,7_67_8_3
4_71_7_0,7_68_6_1
4_71_7_1,7_68_6_0
4_71_8_0,7_68_7_2
4_71_8_1,7_68_7_0
4_71_8_2,7_68_7_1
4_71_8_4,7_68_7_3
4_72_7,7_69_6
5_7_4,9_3_3
5_10_3,9_6_2
5_11_5,9_7_4
5_13_4,9_9_3_1
5_15_8,9_11_7
5_18_5,9_14_4_0
5_18_7,9_14_6
5_19_9,9_15_8
5_20_5,9_16_4
5_21_8,9_17_7_1
5_22_6,9_18_5
5_23_4,9_19_3
5_23_12,9_19_11
5_24_7,9_20_6
5_25_4,9_21_3
5_25_6_1,9_21_5_1
5_26_5_1,9_22_4_1
5_26_8,9_22_7
5_26_11,9_22_10
5_27_7,9_23_6
5_27_13,9_23_12
5_28_9,9_24_8
5_29_6,9_25_5_2
5_29_12,9_25_11_1
5_30_5,9_26_4_0
5_30_7,9_26_6_1
5_30_10,9_26_9
5_31_16,9_27_15
5_32_5,9_28_4
5_32_11,9_28_10
5_33_8,9_29_7_0
5_33_10,9_29_9_1
5_34_12,9_30_11
5_34_15,9_30_14
5_35_11,9_31_10
5_35_17,9_31_16
5_36_10,9_32_9_1
5_36_13,9_32_12
5_37_6,9_33_5
5_37_8,9_33_7_0 + 9_33_7_1
5_37_16,9_33_15_1
5_38_7,9_34_6
5_38_11,9_34_10
5_38_14,9_34_13
5_39_10,9_35_9_1
5_39_20,9_35_19
5_40_15,9_36_14
5_41_8,9_37_7_0
5_41_11_0,9_37_10
5_41_14,9_37_13_1
5_42_7,9_38_6_2
5_42_9,9_38_8_0
5_42_10_1,9_38_9_1
5_42_16,9_38_15
5_42_19,9_38_18
5_43_8_1,9_39_7_2
5_43_15,9_39_14
5_43_21,9_39_20
5_44_14,9_40_13_1
5_44_17,9_40_16
5_45_12,9_41_11_1
5_45_20,9_41_19_1
5_46_15,9_42_14
5_46_18,9_42_17
5_47_8,9_43_7_0
5_47_10,9_43_9
5_47_14,9_43_13_1
5_47_24,9_43_23
5_48_8,9_44_7
5_48_9_1,9_44_8_2
5_48_19,9_44_18
5_49_8,9_45_7_0
5_49_9,9_45_8
5_49_15_0,9_45_14
5_49_18,9_45_17_1
5_50_9_1,9_46_8
5_50_14_1,9_46_13_1
5_50_20,9_46_19
5_50_23,9_46_22
5_51_7,9_47_6
5_51_19,9_47_18
5_51_25,9_47_24
5_52_5,9_48_4
5_52_8,9_48_7_1 + 9_48_7_0
5_52_10_1,9_48_9_0
5_52_11,9_48_10
5_52_18,9_48_17_1
5_52_21,9_48_20
5_53_7_0,9_49_6
5_53_10,9_49_9_0 + 9_49_9_1
5_53_16,9_49_15_1
5_53_24,9_49_23_1
5_54_7,9_50_6
5_54_19,9_50_18
5_54_22,9_50_21
5_55_8_0,9_51_7
5_55_9_1,9_51_8
5_55_18,9_51_17_1
5_56_6_1,9_52_5
5_56_7_0,9_52_6_0
5_56_7_1,9_52_6_2
5_56_9_1,9_52_8_0
5_56_9_2,9_52_8_2
5_56_11_1,9_52_10_1
5_56_23,9_52_22
5_57_6_1,9_53_5_1
5_57_8_1,9_53_7_3
5_57_9_1,9_53_8_1
5_57_11_2,9_53_10
5_57_12_1,9_53_11
5_57_19_0,9_53_18
5_57_22,9_53_21_1
5_58_7_1,9_54_6_1
5_58_11_1,9_54_10_0
5_58_18_1,9_54_17_1
5_59_6_1,9_55_5_1
5_59_7_1,9_55_6_1
5_59_9_1,9_55_8_3
5_59_10_1,9_55_9_2
5_59_11_1,9_55_10_1
5_60_7_1,9_56_6_2
5_60_8_1,9_56_7_0 + 9_56_7_3
5_60_9_0,9_56_8_0
5_60_14,9_56_13_0
5_61_8_0,9_57_7_0
5_61_11,9_57_10_1
5_61_12_1,9_57_11_1
5_62_8_2,9_58_7
5_62_13,9_58_12
5_63_8_1,9_59_7_0
5_63_8_2,9_59_7_1
5_63_11_2,9_59_10_0
5_63_12_1,9_59_11_0
5_63_13_1,9_59_12_1
5_64_7,9_60_6_0
5_64_10,9_60_9_2
5_64_15_1,9_60_14_1
5_65_14_1,9_61_13_1
5_66_7_1,9_62_6_1 + 9_62_6_2
5_66_10,9_62_9_0
5_66_13,9_62_12_2
5_67_6,9_63_5
5_67_8_0,9_63_7_2
5_67_8_1,9_63_7_1
5_67_11,9_63_10_1
5_67_12,9_63_11_4 + 9_63_11_3
5_68_8_0,9_64_7
5_69_8_0,9_65_7_1
5_69_10,9_65_9_0
5_70_9_2,9_66_8_0
5_71_7_0,9_67_6
5_71_8_0,9_67_7_0
5_72_7_1,9_68_6_1
6_5_2,11_0_1
6_5_3,11_0_2
6_5_4,11_0_3
6_5_5,11_0_4
6_5_6,11_0_5
6_5_7,11_0_6
6_5_8,11_0_7
6_5_9,11_0_8
6_5_10,11_0_9
6_5_11,11_0_10
6_5_12,11_0_11
6_5_13,11_0_12
6_5_14,11_0_13
6_5_15,11_0_14
6_5_16,11_0_15
6_5_17,11_0_16
6_5_18,11_0_17
6_5_19,11_0_18
6_5_20,11_0_19
6_5_21,11_0_20
6_5_22,11_0_21
6_5_23,11_0_22
6_5_24,11_0_23
6_5_25,11_0_24
6_5_26,11_0_25
6_5_27,11_0_26
6_7_3,11_2_2
6_8_2,11_3_1
6_8_3_0,11_3_2
6_8_4,11_3_3
6_11_3,11_6_2
6_12_3,11_7_2
6_12_4,11_7_3
6_12_5,11_7_4
6_14_4,11_9_3
6_14_5,11_9_4
6_15_7,11_10_6
6_16_6_0,11_11_5
6_16_7_0,11_11_6
6_16_8,11_11_7
6_17_4,11_12_3
6_18_4,11_13_3
6_18_5_0,11_13_4
6_19_3,11_14_2
6_19_4,11_14_3
6_19_6,11_14_5
6_19_7,11_14_6
6_20_6_0,11_15_5_1 + 11_15_5_0
6_20_7,11_15_6
6_20_8,11_15_7
6_20_9,11_15_8
6_21_7,11_16_6
6_22_5,11_17_4
6_22_6_0,11_17_5
6_22_7_0,11_17_6
6_22_8,11_17_7
6_22_9,11_17_8
6_23_4_0,11_18_3
6_23_5_0,11_18_4_2
6_23_5_1,11_18_4_0 + 11_18_4_2
6_23_5_2,11_18_4_1
6_23_6_0,11_18_5_1
6_23_6_1,11_18_5_0 + 11_18_5_1
6_23_7,11_18_6
6_23_11,11_18_10
6_24_4,11_19_3
6_24_5_0,11_19_4
6_24_6,11_19_5
6_24_10_0,11_19_9
6_24_11_0,11_19_10
6_24_12,11_19_11
6_25_6_0,11_20_5
6_25_7_0,11_20_6_1
6_25_7_1,11_20_6_0
6_25_8,11_20_7
6_26_4,11_21_3
6_26_6_0,11_21_5_0
6_26_6_1,11_21_5_1
6_26_7,11_21_6
6_26_8_0,11_21_7
6_26_9_0,11_21_8
6_27_5,11_22_4_1
6_27_6,11_22_5
6_27_7_0,11_22_6
6_27_8_0,11_22_7
6_27_10,11_22_9
6_27_11,11_22_10
6_28_6,11_23_5
6_28_7_0,11_23_6
6_28_10_0,11_23_9_1 + 11_23_9_0
6_28_11,11_23_10
6_28_12,11_23_11
6_28_13,11_23_12
6_29_6_1,11_24_5_0
6_29_6_2,11_24_5_1
6_29_7_0,11_24_6
6_29_11,11_24_10
6_30_5_0,11_25_4
6_30_6,11_25_5_1
6_30_9,11_25_8
6_30_10_0,11_25_9
6_30_11_0,11_25_10
6_30_12,11_25_11
6_30_13,11_25_12
6_31_7,11_26_6
6_31_8_0,11_26_7_0
6_31_8_1,11_26_7_1
6_31_9_0,11_26_8_1
6_31_9_1,11_26_8_0
6_31_10_0,11_26_9_1
6_31_10_1,11_26_9_0 + 11_26_9_1
6_31_11,11_26_10
6_31_15,11_26_14
6_32_5_0,11_27_4
6_32_7_0,11_27_6
6_32_9_0,11_27_8
6_32_10,11_27_9
6_32_14_0,11_27_13
6_32_15_0,11_27_14
6_32_16,11_27_15
6_33_5,11_28_4
6_33_6,11_28_5
6_33_7,11_28_6
6_33_9,11_28_8
6_33_10_0,11_28_9
6_33_11_0,11_28_10_1
6_33_11_1,11_28_10_0
6_33_12,11_28_11
6_34_6_0,11_29_5_1
6_34_6_1,11_29_5_0
6_34_7,11_29_6
6_34_8,11_29_7
6_34_9_0,11_29_8
6_34_10_0,11_29_9_1
6_34_10_1,11_29_9_0 + 11_29_9_1
6_34_11,11_29_10
6_34_12_0,11_29_11
6_34_13_0,11_29_12
6_35_5,11_30_4
6_35_7,11_30_6
6_35_8_0,11_30_7
6_35_9_0,11_30_8
6_35_10,11_30_9
6_35_11_0,11_30_10
6_35_12_0,11_30_11
6_35_14,11_30_13
6_35_15,11_30_14
6_36_6,11_31_5
6_36_9,11_31_8
6_36_10_0,11_31_9
6_36_11_0,11_31_10
6_36_14_0,11_31_13_1 + 11_31_13_0
6_36_15,11_31_14
6_36_16,11_31_15
6_36_17,11_31_16
6_37_8_1,11_32_7
6_37_9_0,11_32_8_1
6_37_9_1,11_32_8_0
6_37_10_0,11_32_9_1
6_37_10_1,11_32_9_0 + 11_32_9_1
6_37_11,11_32_10
6_37_15,11_32_14
6_38_6_0,11_33_5
6_38_7_0,11_33_6
6_38_8_0,11_33_7_0
6_38_8_1,11_33_7_1
6_38_8_2,11_33_7_2
6_38_9_0,11_33_8
6_38_10,11_33_9
6_38_13,11_33_12
6_38_14_0,11_33_13
6_38_15_0,11_33_14
6_38_16,11_33_15
6_38_17,11_33_16
6_39_7_0,11_34_6_0
6_39_7_1,11_34_6_1
6_39_9_0,11_34_8
6_39_10_0,11_34_9
6_39_11_0,11_34_10
6_39_12_0,11_34_11_0
6_39_12_1,11_34_11_1
6_39_13_0,11_34_12_1
6_39_13_1,11_34_12_0
6_39_14_0,11_34_13_1
6_39_14_1,11_34_13_0 + 11_34_13_1
6_39_15,11_34_14
6_39_19,11_34_18
6_40_6,11_35_5
6_40_8_0,11_35_7_0
6_40_8_1,11_35_7_1
6_40_9_0,11_35_8_1
6_40_9_1,11_35_8_0
6_40_10_0,11_35_9_1
6_40_10_1,11_35_9_0 + 11_35_9_1
6_40_11,11_35_10
6_40_13_0,11_35_12
6_40_14,11_35_13
6_40_18_0,11_35_17
6_40_19_0,11_35_18
6_40_20,11_35_19
6_41_6,11_36_5
6_41_8_1,11_36_7
6_41_9,11_36_8
6_41_10_0,11_36_9
6_41_13,11_36_12
6_41_14_0,11_36_13
6_41_15_0,11_36_14_1
6_41_15_1,11_36_14_0
6_41_16,11_36_15
6_42_7_1,11_37_6
6_42_8,11_37_7_0
6_42_9_0,11_37_8_1
6_42_9_1,11_37_8_0
6_42_10_1,11_37_9
6_42_11_0,11_37_10
6_42_12,11_37_11
6_42_13_0,11_37_12
6_42_14_0,11_37_13_1
6_42_14_1,11_37_13_0 + 11_37_13_1
6_42_15,11_37_14
6_42_16_0,11_37_15
6_42_17_0,11_37_16
6_43_6,11_38_5
6_43_7,11_38_6_1
6_43_8_1,11_38_7
6_43_9_0,11_38_8_1
6_43_9_1,11_38_8_0 + 11_38_8_1
6_43_10_0,11_38_9_1
6_43_10_1,11_38_9_0 + 11_38_9_1
6_43_11,11_38_10
6_43_12_0,11_38_11
6_43_13_0,11_38_12
6_43_14,11_38_13
6_43_15_0,11_38_14
6_43_16_0,11_38_15
6_43_18,11_38_17
6_43_19,11_38_18
6_44_8,11_39_7
6_44_9_1,11_39_8
6_44_10_0,11_39_9_0
6_44_13,11_39_12
6_44_14_0,11_39_13
6_44_15_0,11_39_14
6_44_18_0,11_39_17_1 + 11_39_17_0
6_44_19,11_39_18
6_44_20,11_39_19
6_44_21,11_39_20
6_45_6,11_40_5
6_45_7,11_40_6
6_45_9,11_40_8
6_45_12_0,11_40_11
6_45_13_0,11_40_12_1
6_45_13_1,11_40_12_0
6_45_14_0,11_40_13_1
6_45_14_1,11_40_13_0 + 11_40_13_1
6_45_15,11_40_14
6_45_19,11_40_18
6_46_5,11_41_4
6_46_6,11_41_5
6_46_7,11_41_6
6_46_9,11_41_8
6_46_10,11_41_9
6_46_11_0,11_41_10_0
6_46_11_1,11_41_10_1
6_46_12_0,11_41_11_1
6_46_12_1,11_41_11_0 + 11_41_11_1
6_46_13_0,11_41_12
6_46_14,11_41_13
6_46_17,11_41_16
6_46_18_0,11_41_17
6_46_19_0,11_41_18
6_46_20,11_41_19
6_46_21,11_41_20
6_47_6,11_42_5
6_47_8_0,11_42_7_1 + 11_42_7_0
6_47_9,11_42_8_1 + 11_42_8_0
6_47_10_0,11_42_9_0
6_47_10_1,11_42_9_1
6_47_13_0,11_42_12
6_47_14_0,11_42_13
6_47_15_0,11_42_14
6_47_16_0,11_42_15_0
6_47_16_1,11_42_15_1
6_47_17_0,11_42_16_1
6_47_17_1,11_42_16_0
6_47_18_0,11_42_17_1
6_47_18_1,11_42_17_0 + 11_42_17_1
6_47_19,11_42_18
6_47_23,11_42_22
6_48_7,11_43_6
6_48_9_0,11_43_8
6_48_12_0,11_43_11
6_48_13_0,11_43_12_1
6_48_13_1,11_43_12_0
6_48_14_0,11_43_13_1
6_48_14_1,11_43_13_0 + 11_43_13_1
6_48_15,11_43_14
6_48_17_0,11_43_16
6_48_18,11_43_17
6_48_22_0,11_43_21
6_48_23_0,11_43_22
6_48_24,11_43_23
6_49_7,11_44_6
6_49_9_0,11_44_8
6_49_10_0,11_44_9
6_49_11_0,11_44_10
6_49_12_1,11_44_11
6_49_13,11_44_12
6_49_14_0,11_44_13
6_49_17,11_44_16
6_49_18_0,11_44_17
6_49_19_0,11_44_18_1
6_49_19_1,11_44_18_0
6_49_20,11_44_19
6_50_6,11_45_5
6_50_8,11_45_7
6_50_10,11_45_9
6_50_11_1,11_45_10
6_50_12,11_45_11
6_50_13_0,11_45_12_0
6_50_13_1,11_45_12_1
6_50_14_1,11_45_13
6_50_15_0,11_45_14
6_50_16,11_45_15
6_50_17_0,11_45_16
6_50_18_0,11_45_17_1
6_50_18_1,11_45_17_0 + 11_45_17_1
6_50_19,11_45_18
6_50_20_0,11_45_19
6_50_21_0,11_45_20
6_51_9,11_46_8
6_51_10,11_46_9
6_51_11,11_46_10
6_51_12_0,11_46_11_0
6_51_12_1,11_46_11_1
6_51_13_1,11_46_12_1
6_51_13_2,11_46_12_0
6_51_14_0,11_46_13_1
6_51_14_1,11_46_13_0 + 11_46_13_1
6_51_15,11_46_14
6_51_16_0,11_46_15
6_51_17_0,11_46_16
6_51_18,11_46_17
6_51_19_0,11_46_18
6_51_20_0,11_46_19
6_51_22,11_46_21
6_51_23,11_46_22
6_52_6,11_47_5
6_52_7,11_47_6
6_52_8_0,11_47_7
6_52_9_0,11_47_8_0
6_52_9_1,11_47_8_1
6_52_11_0,11_47_10
6_52_12_1,11_47_11
6_52_13,11_47_12
6_52_14_0,11_47_13_0
6_52_17,11_47_16
6_52_18_0,11_47_17
6_52_19_0,11_47_18
6_52_22_0,11_47_21_1 + 11_47_21_0
6_52_23,11_47_22
6_52_24,11_47_23
6_52_25,11_47_24
6_53_5,11_48_4
6_53_6,11_48_5
6_53_7_0,11_48_6
6_53_8_0,11_48_7_2 + 11_48_7_1
6_53_8_1,11_48_7_0 + 11_48_7_2 + 11_48_7_1
6_53_8_3,11_48_7_1
6_53_9_0,11_48_8_1
6_53_10_0,11_48_9_0
6_53_10_2,11_48_9_1 + 11_48_9_0
6_53_11_0,11_48_10
6_53_13_0,11_48_12
6_53_16_1,11_48_15
6_53_17_0,11_48_16_1
6_53_17_1,11_48_16_0
6_53_18_0,11_48_17_1
6_53_18_1,11_48_17_0 + 11_48_17_1
6_53_19,11_48_18
6_53_23,11_48_22
6_54_6_0,11_49_5_0
6_54_6_1,11_49_5_1
6_54_7_0,11_49_6_2
6_54_7_1,11_49_6_1 + 11_49_6_2
6_54_7_2,11_49_6_0 + 11_49_6_2
6_54_8,11_49_7
6_54_9_0,11_49_8
6_54_10_0,11_49_9
6_54_12_0,11_49_11
6_54_13_1,11_49_12
6_54_14,11_49_13
6_54_15_0,11_49_14_0
6_54_15_2,11_49_14_1
6_54_16_0,11_49_15_1
6_54_16_1,11_49_15_0 + 11_49_15_1
6_54_17_0,11_49_16
6_54_18,11_49_17
6_54_21,11_49_20
6_54_22_0,11_49_21
6_54_23_0,11_49_22
6_54_24,11_49_23
6_54_25,11_49_24
6_55_5,11_50_4
6_55_6_0,11_50_5
6_55_7_0,11_50_6_0
6_55_7_1,11_50_6_1
6_55_8_0,11_50_7_0
6_55_8_1,11_50_7_1
6_55_11_1,11_50_10
6_55_12_1,11_50_11_0
6_55_12_2,11_50_11_1
6_55_13,11_50_12
6_55_14_0,11_50_13_0
6_55_14_1,11_50_13_1
6_55_17_0,11_50_16
6_55_18_0,11_50_17
6_55_19_0,11_50_18
6_55_20_0,11_50_19_0
6_55_20_1,11_50_19_1
6_55_21_0,11_50_20_1
6_55_21_1,11_50_20_0
6_55_22_0,11_50_21_1
6_55_22_1,11_50_21_0 + 11_50_21_1
6_55_23,11_50_22
6_56_7_0,11_51_6_2
6_56_7_1,11_51_6_1
6_56_7_2,11_51_6_0 + 11_51_6_1 + 11_51_6_2
6_56_8_0,11_51_7_1
6_56_8_2,11_51_7_0
6_56_9_0,11_51_8_0
6_56_9_1,11_51_8_1
6_56_10_2,11_51_9
6_56_11_0,11_51_10
6_56_13_0,11_51_12_0
6_56_13_1,11_51_12_1
6_56_16_0,11_51_15
6_56_17_0,11_51_16_1
6_56_17_1,11_51_16_0
6_56_18_0,11_51_17_1
6_56_18_1,11_51_17_0 + 11_51_17_1
6_56_19,11_51_18
6_56_21_0,11_51_20
6_56_22,11_51_21
6_57_6_2,11_52_5
6_57_7_1,11_52_6_0
6_57_7_2,11_52_6_1
6_57_7_3,11_52_6_2
6_57_8_0,11_52_7_1
6_57_8_1,11_52_7_0 + 11_52_7_1
6_57_9_0,11_52_8_0
6_57_9_1,11_52_8_1
6_57_9_3,11_52_8_2
6_57_10_0,11_52_9_2
6_57_10_1,11_52_9_0
6_57_10_2,11_52_9_1
6_57_11_0,11_52_10_1
6_57_12_1,11_52_11
6_57_13_1,11_52_12
6_57_14,11_52_13
6_57_15_0,11_52_14
6_57_16_1,11_52_15
6_57_17,11_52_16
6_57_18_0,11_52_17
6_57_21,11_52_20
6_57_22_0,11_52_21
6_58_6,11_53_5_1
6_58_7_0,11_53_6_1
6_58_7_1,11_53_6_0
6_58_8_0,11_53_7_0
6_58_8_1,11_53_7_1
6_58_8_3,11_53_7_2
6_58_9_0,11_53_8_1
6_58_9_1,11_53_8_0
6_58_9_2,11_53_8_2
6_58_10_0,11_53_9_1
6_58_11_0,11_53_10
6_58_12_0,11_53_11
6_58_14_0,11_53_13
6_58_15_1,11_53_14
6_58_16,11_53_15
6_58_17_0,11_53_16_1 + 11_53_16_0
6_58_17_1,11_53_16_0
6_58_18_1,11_53_17
6_58_19_0,11_53_18
6_58_20,11_53_19
6_58_21_0,11_53_20
6_59_7_1,11_54_6_0
6_59_8_1,11_54_7_0
6_59_8_2,11_54_7_1
6_59_11_0,11_54_10
6_59_13_0,11_54_12
6_59_14_1,11_54_13
6_59_15,11_54_14
6_59_16_0,11_54_15_1 + 11_54_15_0
6_59_16_1,11_54_15_0
6_59_17_1,11_54_16_1
6_59_17_2,11_54_16_0
6_59_18_0,11_54_17_1
6_59_18_1,11_54_17_0 + 11_54_17_1
6_59_19,11_54_18
6_59_20_0,11_54_19
6_60_6,11_55_5_1
6_60_7_1,11_55_6_0
6_60_7_2,11_55_6_2
6_60_7_3,11_55_6_1
6_60_8_0,11_55_7_0
6_60_8_1,11_55_7_2
6_60_8_2,11_55_7_1 + 11_55_7_0
6_60_8_4,11_55_7_4
6_60_9_0,11_55_8_2
6_60_9_1,11_55_8_1
6_60_10,11_55_9
6_60_12,11_55_11
6_60_13_1,11_55_12_0
6_60_13_2,11_55_12_1
6_60_15_0,11_55_14
6_60_16_1,11_55_15
6_60_17,11_55_16
6_60_18_0,11_55_17_0
6_61_6,11_56_5_0
6_61_7_0,11_56_6_2
6_61_7_1,11_56_6_4
6_61_7_2,11_56_6_3 + 11_56_6_1 + 11_56_6_4 + 11_56_6_2
6_61_7_3,11_56_6_1 + 11_56_6_0
6_61_8_0,11_56_7_1
6_61_8_1,11_56_7_2 + 11_56_7_0 + 11_56_7_1
6_61_8_2,11_56_7_0
6_61_9,11_56_8_0
6_61_10_1,11_56_9_0
6_61_10_3,11_56_9_1
6_61_11_1,11_56_10_0
6_61_12_0,11_56_11_1
6_61_12_1,11_56_11_0
6_61_13_0,11_56_12
6_61_14_0,11_56_13_0
6_61_14_1,11_56_13_1
6_61_15_1,11_56_14
6_61_17_0,11_56_16
6_62_6,11_57_5_1 + 11_57_5_0
6_62_8_0,11_57_7_0
6_62_9_1,11_57_8_0
6_62_9_2,11_57_8_1
6_62_9_3,11_57_8_2
6_62_10_0,11_57_9_2
6_62_10_1,11_57_9_0
6_62_10_2,11_57_9_1
6_62_11_0,11_57_10_2
6_62_11_1,11_57_10_1 + 11_57_10_2
6_62_11_2,11_57_10_0
6_62_12_1,11_57_11_1
6_62_13_0,11_57_12
6_62_14_1,11_57_13
6_62_16_0,11_57_15
6_62_17_1,11_57_16
6_63_7_1,11_58_6_1
6_63_8_0,11_58_7_0
6_63_8_2,11_58_7_1
6_63_9_0,11_58_8
6_63_10_0,11_58_9_0 + 11_58_9_1
6_63_10_1,11_58_9_2 + 11_58_9_0
6_63_10_4,11_58_9_1
6_63_11_0,11_58_10_0
6_63_11_1,11_58_10_1
6_63_13_0,11_58_12
6_63_15_0,11_58_14
6_63_16_1,11_58_15_0
6_63_16_2,11_58_15_1
6_64_7_1,11_59_6_1 + 11_59_6_0
6_64_8_0,11_59_7_0
6_64_8_1,11_59_7_1
6_64_9_0,11_59_8_0
6_64_9_1,11_59_8_1 + 11_59_8_0 + 11_59_8_2
6_64_9_2,11_59_8_2
6_64_10_0,11_59_9_1
6_64_12_0,11_59_11_1
6_64_12_1,11_59_11_0
6_64_13_0,11_59_12
6_64_14_0,11_59_13
6_64_15_1,11_59_14
6_65_7,11_60_6_0
6_65_8_0,11_60_7_0
6_65_9_0,11_60_8_1
6_65_9_2,11_60_8_0
6_65_10,11_60_9_1
6_65_12_0,11_60_11_1
6_65_12_2,11_60_11_0
6_65_13_0,11_60_12_1
6_65_13_1,11_60_12_0
6_65_14_1,11_60_13_1
6_65_14_2,11_60_13_0
6_66_8_1,11_61_7_0 + 11_61_7_1
6_66_8_2,11_61_7_1
6_66_9_0,11_61_8_1 + 11_61_8_0
6_66_9_1,11_61_8_0
6_66_10_0,11_61_9
6_66_11_0,11_61_10_1
6_66_12,11_61_11_0
6_66_13_0,11_61_12_1
6_66_13_1,11_61_12_0
6_67_7_0,11_62_6_0
6_67_7_1,11_62_6_1
6_67_8_0,11_62_7_0 + 11_62_7_1
6_67_8_1,11_62_7_1
6_67_9_0,11_62_8_0
6_67_9_2,11_62_8_1
6_67_10,11_62_9
6_67_11_1,11_62_10_1 + 11_62_10_0
6_67_12_0,11_62_11_1
6_67_12_1,11_62_11_0
6_68_6,11_63_5
6_68_7_0,11_63_6_0
6_68_7_1,11_63_6_1
6_68_8_0,11_63_7_0
6_68_8_1,11_63_7_1 + 11_63_7_0
6_68_8_2,11_63_7_2 + 11_63_7_0
6_68_9_0,11_63_8_0
6_68_9_1,11_63_8_1
6_68_10_0,11_63_9_1
6_68_10_1,11_63_9_0 + 11_63_9_1
6_68_11_0,11_63_10_2
6_68_11_1,11_63_10_0
6_68_11_2,11_63_10_1 + 11_63_10_0 + 11_63_10_2
6_68_11_3,11_63_10_3
6_69_6,11_64_5
6_69_7_0,11_64_6_2
6_69_7_1,11_64_6_1
6_69_7_2,11_64_6_0
6_69_8_0,11_64_7_2
6_69_8_1,11_64_7_1
6_69_8_2,11_64_7_0
6_69_8_4,11_64_7_3
6_69_9_0,11_64_8_0 + 11_64_8_1
6_69_9_1,11_64_8_1
6_69_10_0,11_64_9_0
6_69_10_1,11_64_9_1 + 11_64_9_0
6_70_6,11_65_5
6_70_7_0,11_65_6_0
6_70_7_2,11_65_6_1
6_70_8_0,11_65_7_1
6_70_8_1,11_65_7_2
6_70_9_0,11_65_8_1
6_70_9_1,11_65_8_0
6_70_9_2,11_65_8_2 + 11_65_8_0
6_71_8_2,11_66_7_0
6_72_7_1,11_67_6
7_7_2,13_1_1
7_8_3_0,13_2_2
7_9_4_0,13_3_3
7_14_3,13_8_2
7_14_4_1,13_8_3
7_15_4,13_9_3
7_15_5_0,13_9_4
7_15_6,13_9_5
7_16_7_0,13_10_6
7_17_8_0,13_11_7
7_20_4,13_14_3
7_21_6,13_15_5_0
7_22_7_0,13_16_6
7_22_8,13_16_7
7_23_4_0,13_17_3
7_23_8,13_17_7
7_23_9_0,13_17_8
7_23_10,13_17_9
7_24_5_0,13_18_4_2
7_24_6,13_18_5_1
7_24_11_0,13_18_10
7_25_4_1,13_19_3_1
7_25_12_0,13_19_11
7_26_5_1,13_20_4_0
7_26_7,13_20_6_1
7_27_6,13_21_5_1
7_28_5,13_22_4_1
7_28_8,13_22_7
7_29_5,13_23_4
7_29_7_1,13_23_6
7_29_10,13_23_9_0
7_30_5_0,13_24_4
7_30_6,13_24_5_1
7_30_11_0,13_24_10
7_30_12,13_24_11
7_31_6_0,13_25_5
7_31_12,13_25_11
7_31_13_0,13_25_12
7_31_14,13_25_13
7_32_7_1,13_26_6_1
7_32_10,13_26_9_1
7_32_15_0,13_26_14
7_33_16_0,13_27_15
7_34_11,13_28_10_1
7_35_7,13_29_6
7_35_10,13_29_9_1
7_36_5,13_30_4
7_36_12,13_30_11
7_37_6_1,13_31_5
7_37_11,13_31_10
7_37_14,13_31_13_0
7_38_5,13_32_4
7_38_7_1,13_32_6_0
7_38_7_2,13_32_6_1
7_38_10,13_32_9_1
7_38_15_0,13_32_14
7_38_16,13_32_15
7_39_6_1,13_33_5_1
7_39_8,13_33_7_1
7_39_16,13_33_15
7_39_17_0,13_33_16
7_39_18,13_33_17
7_40_6_0,13_34_5_1 + 13_34_5_0
7_40_7_1,13_34_6
7_40_11,13_34_10_1
7_40_14,13_34_13_1
7_40_19_0,13_34_18
7_41_6_1,13_35_5
7_41_10_0,13_35_9_1
7_41_20_0,13_35_19
7_42_7_2,13_36_6
7_42_15,13_36_14_1
7_43_7_0,13_37_6
7_43_8_0,13_37_7_1
7_43_8_1,13_37_7_0 + 13_37_7_1
7_43_11,13_37_10
7_43_14,13_37_13_1
7_44_7,13_38_6_1
7_44_10_0,13_38_9_1
7_44_16,13_38_15
7_45_8_1,13_39_7
7_45_15,13_39_14
7_45_18,13_39_17_0
7_46_7,13_40_6
7_46_11_0,13_40_10
7_46_14,13_40_13_1
7_46_19_0,13_40_18
7_46_20,13_40_19
7_47_6,13_41_5_1
7_47_12,13_41_11_1
7_47_20,13_41_19
7_47_21_0,13_41_20
7_47_22,13_41_21
7_48_9_0,13_42_8_1
7_48_15,13_42_14_1
7_48_18,13_42_17_1
7_48_23_0,13_42_22
7_49_8,13_43_7_0
7_49_14_0,13_43_13_1
7_49_24_0,13_43_23
7_50_19,13_44_18_1
7_51_6,13_45_5
7_51_15,13_45_14
7_51_18,13_45_17_1
7_52_7,13_46_6
7_52_8_0,13_46_7_0
7_52_8_2,13_46_7_1
7_52_9_0,13_46_8_1
7_52_14_0,13_46_13_1
7_52_20,13_46_19
7_53_7_0,13_47_6_0
7_53_7_2,13_47_6_1
7_53_8_0,13_47_7_1
7_53_9_0,13_47_8_0
7_53_9_1,13_47_8_1
7_53_10_1,13_47_9
7_53_19,13_47_18
7_53_22,13_47_21_0
7_54_5,13_48_4
7_54_8_0,13_48_7_0
7_54_8_1,13_48_7_2 + 13_48_7_1
7_54_9_1,13_48_8_1
7_54_9_2,13_48_8_0
7_54_10_0,13_48_9_1
7_54_10_1,13_48_9_2
7_54_15_0,13_48_14
7_54_18,13_48_17_1
7_54_23_0,13_48_22
7_54_24,13_48_23
7_55_7_0,13_49_6_1
7_55_8_0,13_49_7_0
7_55_9_1,13_49_8_0
7_55_10_0,13_49_9
7_55_16,13_49_15_1
7_55_24,13_49_23
7_56_5,13_50_4_1
7_56_7_2,13_50_6_2
7_56_8_1,13_50_7
7_56_19,13_50_18_1
7_56_22,13_50_21_1
7_57_6_1,13_51_5_0
7_57_8_1,13_51_7_1
7_57_9_0,13_51_8_0
7_57_10_1,13_51_9_1
7_57_18_0,13_51_17_1
7_58_7_1,13_52_6_2
7_58_9_1,13_52_8_2
7_58_10_1,13_52_9_0
7_58_11_1,13_52_10_0
7_59_6_1,13_53_5_2
7_59_8_0,13_53_7_3
7_59_8_1,13_53_7_2
7_59_9_1,13_53_8_1
7_59_9_2,13_53_8_0
7_59_10_1,13_53_9_0
7_59_10_3,13_53_9_2
7_59_11_1,13_53_10_1
7_59_19,13_53_18
7_60_6_1,13_54_5
7_60_7_4,13_54_6_2
7_60_8_0,13_54_7
7_60_9_2,13_54_8
7_60_10_1,13_54_9_0
7_60_11_0,13_54_10
7_60_12_1,13_54_11
7_60_18_0,13_54_17_1
7_61_6_0,13_55_5_0
7_61_6_1,13_55_5_1
7_61_7_0,13_55_6_3
7_61_8_0,13_55_7_3
7_61_8_1,13_55_7_2
7_61_9,13_55_8
7_61_10_0,13_55_9
7_61_13_0,13_55_12
7_62_7_0,13_56_6_2
7_62_7_1,13_56_6_1 + 13_56_6_4
7_62_8_1,13_56_7_0
7_62_10_1,13_56_9
7_62_11_1,13_56_10_1
7_62_14,13_56_13_1
7_63_6,13_57_5_1 + 13_57_5_0
7_63_11_0,13_57_10_1
7_63_12_1,13_57_11_0
7_63_12_2,13_57_11_1
7_64_11_0,13_58_10
7_65_6,13_59_5
7_65_9_1,13_59_8_1
7_65_10,13_59_9
7_65_13_1,13_59_12
7_66_7_1,13_60_6_2
7_66_7_2,13_60_6_1 + 13_60_6_2
7_66_10_1,13_60_9_0 + 13_60_9_1
7_66_12_0,13_60_11_0
7_67_8_0,13_61_7_1
7_67_8_1,13_61_7_0 + 13_61_7_1
7_67_9_0,13_61_8_1
7_67_11_1,13_61_10_0
7_67_11_3,13_61_10_1
7_67_12_0,13_61_11_1
7_68_6_1,13_62_5
7_68_7_1,13_62_6_1
7_68_9_2,13_62_8_0
7_68_9_3,13_62_8_1 + 13_62_8_0
7_68_10_0,13_62_9_1
7_68_10_1,13_62_9_0
7_68_11_2,13_62_10_1
7_69_7_0,13_63_6_2
7_69_7_1,13_63_6_3
7_69_8_1,13_63_7_0
7_69_8_3,13_63_7_2
7_69_10_1,13_63_9_3 + 13_63_9_0
7_70_7_0,13_64_6_4 + 13_64_6_3
7_70_7_1,13_64_6_0
7_70_8_0,13_64_7_2
7_70_8_1,13_64_7_0 + 13_64_7_2
7_70_9_1,13_64_8_1 + 13_64_8_2
7_70_9_2,13_64_8_2
7_71_6,13_65_5_1
7_71_7_0,13_65_6_1
7_71_7_2,13_65_6_2
7_71_8_5,13_65_7_2
7_72_7_1,13_66_6
8_7_1,15_0_0
8_7_2_1,15_0_1
8_7_3_1,15_0_2
8_7_4_1,15_0_3
8_7_5,15_0_4
8_7_6,15_0_5
8_7_7,15_0_6
8_7_8,15_0_7
8_7_9,15_0_8
8_7_10,15_0_9
8_7_11,15_0_10
8_7_12,15_0_11
8_7_13,15_0_12
8_7_14,15_0_13
8_7_15,15_0_14
8_7_16,15_0_15
8_7_17,15_0_16
8_7_18,15_0_17
8_7_19,15_0_18
8_7_20,15_0_19
8_7_21,15_0_20
8_7_22,15_0_21
8_7_23,15_0_22
8_7_24,15_0_23
8_7_25,15_0_24
8_7_26,15_0_25
8_7_27,15_0_26
8_8_2_0,15_1_1
8_9_3_0,15_2_2
8_10_2,15_3_1
8_10_3_0,15_3_2
8_10_4_0,15_3_3
8_13_3,15_6_2
8_14_2,15_7_1
8_14_3_0,15_7_2
8_14_4_0,15_7_3
8_14_5_0,15_7_4
8_15_3,15_8_2
8_15_4_1,15_8_3
8_16_4,15_9_3
8_16_5,15_9_4
8_16_6_1,15_9_5
8_17_7_0,15_10_6
8_18_6,15_11_5
8_18_7_0,15_11_6
8_18_8_0,15_11_7
8_21_3,15_14_2
8_21_4,15_14_3
8_21_5_0,15_14_4
8_21_6_0,15_14_5
8_21_7_0,15_14_6
8_22_3,15_15_2
8_22_4_0,15_15_3
8_22_5_0,15_15_4
8_22_6_0,15_15_5_1 + 15_15_5_0
8_22_6_1,15_15_5_0
8_22_7_1,15_15_6
8_22_8_0,15_15_7
8_22_9_0,15_15_8
8_23_3,15_16_2
8_23_4_1,15_16_3
8_23_7,15_16_6
8_23_8_1,15_16_7
8_24_4_0,15_17_3
8_24_5_1,15_17_4_0
8_24_5_2,15_17_4_1
8_24_6_0,15_17_5
8_24_7_0,15_17_6
8_24_8_0,15_17_7
8_24_9,15_17_8
8_24_10_1,15_17_9
8_25_3,15_18_2
8_25_4_0,15_18_3_1
8_25_4_1,15_18_3_0 + 15_18_3_1
8_25_5_0,15_18_4_2
8_25_5_1,15_18_4_0 + 15_18_4_2
8_25_5_3,15_18_4_1
8_25_6_0,15_18_5_1
8_25_6_2,15_18_5_0 + 15_18_5_1
8_25_11_0,15_18_10
8_26_4_1,15_19_3_0
8_26_4_2,15_19_3_1
8_26_10,15_19_9
8_26_11_0,15_19_10
8_26_12_0,15_19_11
8_27_5_1,15_20_4
8_27_6_0,15_20_5
8_27_7_0,15_20_6
8_28_4,15_21_3
8_28_5_0,15_21_4
8_28_6_0,15_21_5
8_29_4,15_22_3
8_29_5_0,15_22_4_0 + 15_22_4_1
8_29_5_1,15_22_4_1
8_29_5_2,15_22_4_2
8_29_6_1,15_22_5
8_29_7_0,15_22_6
8_29_9_0,15_22_8
8_29_10_0,15_22_9
8_29_11_0,15_22_10
8_30_4,15_23_3
8_30_5_1,15_23_4_0
8_30_5_2,15_23_4_1
8_30_6_1,15_23_5_0
8_30_6_2,15_23_5_1
8_30_7_0,15_23_6
8_30_8_1,15_23_7
8_30_9_0,15_23_8
8_30_10_0,15_23_9_1 + 15_23_9_0
8_30_10_1,15_23_9_0
8_30_11_1,15_23_10
8_30_12_0,15_23_11
8_30_13_0,15_23_12
8_31_5,15_24_4
8_31_6_1,15_24_5_0
8_31_6_2,15_24_5_1
8_31_7_1,15_24_6
8_31_8_0,15_24_7
8_31_11,15_24_10
8_31_12_1,15_24_11
8_32_4,15_25_3
8_32_5_0,15_25_4
8_32_6_0,15_25_5
8_32_9_0,15_25_8_0
8_32_9_1,15_25_8_1
8_32_10_0,15_25_9
8_32_11_0,15_25_10
8_32_12_0,15_25_11
8_32_13,15_25_12
8_32_14_1,15_25_13
8_33_7_0,15_26_6
8_33_8_1,15_26_7_0
8_33_8_2,15_26_7_1
8_33_9_0,15_26_8_1
8_33_9_1,15_26_8_0
8_33_10_0,15_26_9_1
8_33_10_1,15_26_9_0 + 15_26_9_1
8_33_15_0,15_26_14
8_34_14,15_27_13
8_34_15_0,15_27_14
8_34_16_0,15_27_15
8_35_9_0,15_28_8
8_35_10_0,15_28_9
8_35_11_0,15_28_10
8_36_5_0,15_29_4
8_36_6_0,15_29_5
8_36_7,15_29_6
8_36_8_0,15_29_7_0
8_36_8_1,15_29_7_1
8_36_9_0,15_29_8_1
8_36_9_1,15_29_8_0
8_36_10_0,15_29_9
8_37_4,15_30_3
8_37_5_0,15_30_4_1
8_37_5_1,15_30_4_0
8_37_6_1,15_30_5
8_37_7_1,15_30_6
8_37_8_0,15_30_7_1
8_37_8_1,15_30_7_0
8_37_9_0,15_30_8
8_37_10_0,15_30_9
8_37_11_0,15_30_10
8_37_12_0,15_30_11
8_37_13_0,15_30_12
8_37_14_0,15_30_13
8_37_15_0,15_30_14
8_38_4,15_31_3
8_38_5_1,15_31_4
8_38_6_0,15_31_5_0
8_38_6_1,15_31_5_1
8_38_9_0,15_31_8_0
8_38_9_1,15_31_8_1
8_38_10_0,15_31_9_1
8_38_10_1,15_31_9_0
8_38_11_0,15_31_10_0
8_38_11_1,15_31_10_1
8_38_12_1,15_31_11
8_38_13_0,15_31_12
8_38_14_0,15_31_13_1 + 15_31_13_0
8_38_14_1,15_31_13_0
8_38_15_1,15_31_14
8_38_16_0,15_31_15
8_38_17_0,15_31_16
8_39_5_0,15_32_4_0
8_39_5_1,15_32_4_1
8_39_6_2,15_32_5
8_39_7_0,15_32_6_0
8_39_7_2,15_32_6_1
8_39_8_1,15_32_7_0
8_39_8_2,15_32_7_1
8_39_9_0,15_32_8_1
8_39_9_1,15_32_8_0
8_39_10_0,15_32_9_1
8_39_10_1,15_32_9_0 + 15_32_9_1
8_39_11_1,15_32_10
8_39_12_0,15_32_11
8_39_15,15_32_14
8_39_16_1,15_32_15
8_40_5_0,15_33_4_0
8_40_5_1,15_33_4_1
8_40_6_0,15_33_5_0
8_40_6_1,15_33_5_1
8_40_7_0,15_33_6_0
8_40_7_2,15_33_6_1 + 15_33_6_0
8_40_8_0,15_33_7_0
8_40_8_1,15_33_7_1
8_40_13_0,15_33_12_0
8_40_13_1,15_33_12_1
8_40_14_0,15_33_13
8_40_15_0,15_33_14
8_40_16_0,15_33_15
8_40_17,15_33_16
8_40_18_1,15_33_17
8_41_5,15_34_4
8_41_6_1,15_34_5
8_41_7_0,15_34_6_0
8_41_7_1,15_34_6_1
8_41_9,15_34_8
8_41_10_0,15_34_9
8_41_11_0,15_34_10
8_41_12_1,15_34_11_0
8_41_12_2,15_34_11_1
8_41_13_0,15_34_12_1
8_41_13_1,15_34_12_0
8_41_14_0,15_34_13_1
8_41_14_1,15_34_13_0 + 15_34_13_1
8_41_19_0,15_34_18
8_42_6_0,15_35_5_0
8_42_6_1,15_35_5_1
8_42_7_2,15_35_6
8_42_8_0,15_35_7_0
8_42_8_2,15_35_7_1
8_42_9_0,15_35_8_1
8_42_9_1,15_35_8_0
8_42_10_0,15_35_9
8_42_18,15_35_17
8_42_19_0,15_35_18
8_42_20_0,15_35_19
8_43_6_0,15_36_5_0
8_43_6_1,15_36_5_1
8_43_7_2,15_36_6_0
8_43_7_3,15_36_6_1
8_43_8_2,15_36_7
8_43_13_0,15_36_12
8_43_14_0,15_36_13
8_43_15_0,15_36_14
8_44_6,15_37_5
8_44_7_0,15_37_6_1
8_44_7_1,15_37_6_0
8_44_8_0,15_37_7_0 + 15_37_7_2 + 15_37_7_1
8_44_8_1,15_37_7_1
8_44_8_2,15_37_7_2
8_44_9_1,15_37_8_1
8_44_9_3,15_37_8_0
8_44_10_1,15_37_9
8_44_11_0,15_37_10_1
8_44_11_1,15_37_10_0 + 15_37_10_1
8_44_12_0,15_37_11_0
8_44_12_1,15_37_11_1
8_44_13_0,15_37_12_1
8_44_13_1,15_37_12_0
8_44_14_0,15_37_13
8_45_7_0,15_38_6_0
8_45_7_1,15_38_6_2
8_45_7_2,15_38_6_1
8_45_7_3,15_38_6_3
8_45_8_1,15_38_7_1
8_45_8_2,15_38_7_0
8_45_9_0,15_38_8_1
8_45_9_1,15_38_8_0 + 15_38_8_1
8_45_10_0,15_38_9_1
8_45_10_1,15_38_9_0
8_45_11,15_38_10
8_45_12_0,15_38_11_1
8_45_12_1,15_38_11_0
8_45_13_0,15_38_12
8_45_14_0,15_38_13
8_45_15_0,15_38_14
8_45_17_0,15_38_16
8_45_18_0,15_38_17
8_45_19_0,15_38_18
8_46_6,15_39_5
8_46_8_0,15_39_7_0
8_46_8_1,15_39_7_1
8_46_10,15_39_9
8_46_13_0,15_39_12_0
8_46_13_1,15_39_12_1
8_46_14_0,15_39_13_1
8_46_14_1,15_39_13_0
8_46_15_0,15_39_14
8_46_16_1,15_39_15
8_46_17_0,15_39_16
8_46_18_0,15_39_17_1 + 15_39_17_0
8_46_18_1,15_39_17_0
8_46_19_1,15_39_18
8_46_20_0,15_39_19
8_46_21_0,15_39_20
8_47_5,15_40_4
8_47_6_0,15_40_5
8_47_7,15_40_6
8_47_9,15_40_8
8_47_11_0,15_40_10_0
8_47_11_1,15_40_10_1
8_47_12_1,15_40_11_0
8_47_12_2,15_40_11_1
8_47_13_0,15_40_12_1
8_47_13_1,15_40_12_0
8_47_14_0,15_40_13_1
8_47_14_1,15_40_13_0 + 15_40_13_1
8_47_15_1,15_40_14
8_47_16_0,15_40_15
8_47_19,15_40_18
8_47_20_1,15_40_19
8_48_4,15_41_3
8_48_5,15_41_4
8_48_6,15_41_5
8_48_8_0,15_41_7
8_48_9_0,15_41_8
8_48_10_0,15_41_9
8_48_11_0,15_41_10_0
8_48_11_1,15_41_10_1
8_48_12_0,15_41_11_1
8_48_12_1,15_41_11_0 + 15_41_11_1
8_48_17_0,15_41_16_0
8_48_17_1,15_41_16_1
8_48_18_0,15_41_17
8_48_19_0,15_41_18
8_48_20_0,15_41_19
8_48_21,15_41_20
8_48_22_1,15_41_21
8_49_7,15_42_6
8_49_8_0,15_42_7
8_49_9_0,15_42_8
8_49_10_1,15_42_9
8_49_13,15_42_12
8_49_14_0,15_42_13
8_49_15_0,15_42_14
8_49_16_1,15_42_15_0
8_49_16_2,15_42_15_1
8_49_17_0,15_42_16_1
8_49_17_1,15_42_16_0
8_49_18_0,15_42_17_1
8_49_18_1,15_42_17_0 + 15_42_17_1
8_49_23_0,15_42_22
8_50_11,15_43_10
8_50_12_0,15_43_11_0
8_50_12_1,15_43_11_1
8_50_13_0,15_43_12_1
8_50_13_1,15_43_12_0
8_50_14_0,15_43_13
8_50_22,15_43_21
8_50_23_0,15_43_22
8_50_24_0,15_43_23
8_51_5,15_44_4
8_51_6_0,15_44_5
8_51_7_0,15_44_6
8_51_10,15_44_9
8_51_11_0,15_44_10_0
8_51_11_1,15_44_10_1
8_51_12_1,15_44_11
8_51_17_0,15_44_16
8_51_18_0,15_44_17
8_51_19_0,15_44_18
8_52_5_0,15_45_4
8_52_6_0,15_45_5_0
8_52_6_1,15_45_5_1 + 15_45_5_0
8_52_7_0,15_45_6_1
8_52_7_1,15_45_6_0
8_52_8_0,15_45_7
8_52_9_0,15_45_8
8_52_10_0,15_45_9_0
8_52_10_1,15_45_9_1
8_52_11_1,15_45_10
8_52_12,15_45_11
8_52_13_0,15_45_12_0
8_52_13_1,15_45_12_1
8_52_14_1,15_45_13
8_52_15,15_45_14
8_52_16_0,15_45_15_0
8_52_16_1,15_45_15_1
8_52_17_0,15_45_16_1
8_52_17_1,15_45_16_0
8_52_18_0,15_45_17
8_53_6_0,15_46_5_0
8_53_6_1,15_46_5_1 + 15_46_5_0
8_53_7_1,15_46_6
8_53_8_1,15_46_7_0
8_53_8_2,15_46_7_1 + 15_46_7_0
8_53_8_3,15_46_7_2
8_53_9_1,15_46_8_0 + 15_46_8_1
8_53_9_2,15_46_8_1
8_53_9_3,15_46_8_2
8_53_10_1,15_46_9
8_53_11_0,15_46_10_1
8_53_11_1,15_46_10_0
8_53_12_0,15_46_11_1
8_53_12_1,15_46_11_0
8_53_12_2,15_46_11_2
8_53_13_1,15_46_12_1
8_53_13_2,15_46_12_0
8_53_14,15_46_13
8_53_15,15_46_14
8_53_16_0,15_46_15_1
8_53_16_1,15_46_15_0
8_53_17_0,15_46_16
8_53_18_0,15_46_17
8_53_19_0,15_46_18
8_53_20_0,15_46_19
8_53_21_0,15_46_20
8_53_22_0,15_46_21
8_53_23_0,15_46_22
8_54_5_0,15_47_4
8_54_6_1,15_47_5
8_54_7_0,15_47_6_2
8_54_7_1,15_47_6_0
8_54_7_2,15_47_6_1
8_54_8_1,15_47_7_2
8_54_8_2,15_47_7_0
8_54_8_3,15_47_7_1
8_54_9_3,15_47_8_0
8_54_9_4,15_47_8_1
8_54_9_5,15_47_8_2
8_54_10_2,15_47_9
8_54_11_0,15_47_10_0
8_54_11_1,15_47_10_1
8_54_12_1,15_47_11
8_54_14,15_47_13
8_54_17_0,15_47_16_0
8_54_17_1,15_47_16_1
8_54_18_0,15_47_17_1
8_54_18_1,15_47_17_0
8_54_19_0,15_47_18_0
8_54_19_1,15_47_18_1
8_54_20_1,15_47_19
8_54_21_0,15_47_20
8_54_22_0,15_47_21_1 + 15_47_21_0
8_54_22_1,15_47_21_0
8_54_23_1,15_47_22
8_54_24_0,15_47_23
8_54_25_0,15_47_24
8_55_5_1,15_48_4
8_55_6_0,15_48_5_0
8_55_6_1,15_48_5_1
8_55_7_0,15_48_6_2
8_55_7_1,15_48_6_1
8_55_7_2,15_48_6_0 + 15_48_6_1
8_55_8_0,15_48_7_3 + 15_48_7_2
8_55_8_1,15_48_7_0 + 15_48_7_3 + 15_48_7_2
8_55_8_4,15_48_7_1
8_55_8_5,15_48_7_2
8_55_9_0,15_48_8_1
8_55_9_3,15_48_8_0
8_55_10_0,15_48_9_1
8_55_10_2,15_48_9_0
8_55_10_4,15_48_9_2
8_55_13,15_48_12
8_55_15_0,15_48_14_0
8_55_15_1,15_48_14_1
8_55_16_1,15_48_15_0
8_55_16_2,15_48_15_1
8_55_17_0,15_48_16_1
8_55_17_1,15_48_16_0
8_55_18_0,15_48_17_1
8_55_18_1,15_48_17_0 + 15_48_17_1
8_55_19_1,15_48_18
8_55_20_0,15_48_19
8_55_23,15_48_22
8_55_24_1,15_48_23
8_56_5_0,15_49_4
8_56_6_0,15_49_5_0
8_56_6_1,15_49_5_1
8_56_6_2,15_49_5_2
8_56_7_0,15_49_6_2
8_56_7_1,15_49_6_0 + 15_49_6_2
8_56_7_4,15_49_6_1
8_56_8_3,15_49_7
8_56_9_0,15_49_8_1
8_56_9_1,15_49_8_0
8_56_10_0,15_49_9
8_56_11_1,15_49_10
8_56_12_0,15_49_11_0
8_56_12_1,15_49_11_1
8_56_13_1,15_49_12
8_56_14,15_49_13
8_56_15_0,15_49_14_0
8_56_15_1,15_49_14_1
8_56_16_0,15_49_15_1
8_56_16_1,15_49_15_0 + 15_49_15_1
8_56_21_0,15_49_20_0
8_56_21_1,15_49_20_1
8_56_22_0,15_49_21
8_56_23_0,15_49_22
8_57_5_0,15_50_4_0
8_57_5_1,15_50_4_1
8_57_6_2,15_50_5
8_57_7_1,15_50_6
8_57_8_1,15_50_7_0
8_57_8_2,15_50_7_1
8_57_9_0,15_50_8
8_57_10_1,15_50_9
8_57_11_0,15_50_10_0
8_57_11_1,15_50_10_1
8_57_12_1,15_50_11
8_57_14,15_50_13
8_57_17,15_50_16
8_57_18_0,15_50_17
8_57_19_0,15_50_18
8_57_20_1,15_50_19_0
8_57_20_2,15_50_19_1
8_57_21_0,15_50_20_1
8_57_21_1,15_50_20_0
8_57_22_0,15_50_21_1
8_57_22_1,15_50_21_0 + 15_50_21_1
8_58_6_1,15_51_5_0
8_58_6_2,15_51_5_1
8_58_7_0,15_51_6
8_58_8_0,15_51_7_1
8_58_8_2,15_51_7_0
8_58_9_1,15_51_8_0
8_58_9_2,15_51_8_1
8_58_9_3,15_51_8_2
8_58_10_2,15_51_9_0
8_58_10_3,15_51_9_1
8_58_13,15_51_12
8_58_15,15_51_14
8_58_16_0,15_51_15_0
8_58_16_1,15_51_15_1
8_58_17_0,15_51_16_1
8_58_17_1,15_51_16_0
8_58_18_0,15_51_17
8_59_5,15_52_4
8_59_6_1,15_52_5_0
8_59_6_3,15_52_5_1
8_59_7_1,15_52_6_1
8_59_7_3,15_52_6_0
8_59_8_0,15_52_7_1
8_59_8_1,15_52_7_0 + 15_52_7_2
8_59_8_2,15_52_7_2
8_59_9_0,15_52_8_1
8_59_9_3,15_52_8_0
8_59_9_4,15_52_8_2
8_59_10_1,15_52_9_1
8_59_10_3,15_52_9_0
8_59_11_0,15_52_10_1
8_59_11_1,15_52_10_0
8_59_12_0,15_52_11
8_59_14,15_52_13
8_59_15_0,15_52_14_0
8_59_15_1,15_52_14_1
8_59_16_1,15_52_15
8_60_5,15_53_4
8_60_6_0,15_53_5_0 + 15_53_5_1
8_60_6_2,15_53_5_1
8_60_6_3,15_53_5_3
8_60_6_4,15_53_5_2 + 15_53_5_3
8_60_7_1,15_53_6_2
8_60_7_2,15_53_6_3 + 15_53_6_4
8_60_7_4,15_53_6_0
8_60_7_5,15_53_6_1
8_60_7_7,15_53_6_4
8_60_8_0,15_53_7_0
8_60_8_1,15_53_7_1
8_60_8_4,15_53_7_2
8_60_9_2,15_53_8_0
8_60_9_3,15_53_8_1 + 15_53_8_2
8_60_9_4,15_53_8_2
8_60_10_0,15_53_9_1
8_60_10_1,15_53_9_0
8_60_10_4,15_53_9_2
8_60_11_1,15_53_10
8_60_13_0,15_53_12
8_60_14_0,15_53_13_1
8_60_14_1,15_53_13_0
8_60_15_1,15_53_14
8_60_16,15_53_15
8_60_17_0,15_53_16_1 + 15_53_16_0
8_60_17_1,15_53_16_0
8_60_18_1,15_53_17
8_60_19_0,15_53_18_1
8_60_19_1,15_53_18_0 + 15_53_18_1
8_61_5_0,15_54_4_0
8_61_5_1,15_54_4_1
8_61_6_2,15_54_5_0
8_61_6_3,15_54_5_1
8_61_6_4,15_54_5_2
8_61_7_1,15_54_6_0
8_61_7_3,15_54_6_1
8_61_7_4,15_54_6_2
8_61_8_2,15_54_7_0
8_61_8_3,15_54_7_1
8_61_9_1,15_54_8_0
8_61_9_2,15_54_8_1
8_61_10_1,15_54_9_1 + 15_54_9_0
8_61_10_2,15_54_9_0
8_61_11_0,15_54_10
8_61_12_1,15_54_11_0
8_61_12_2,15_54_11_2 + 15_54_11_1
8_61_12_3,15_54_11_1
8_61_13_1,15_54_12_1 + 15_54_12_0
8_61_13_2,15_54_12_0
8_61_14_1,15_54_13
8_61_15_0,15_54_14_1
8_61_15_1,15_54_14_0
8_61_16_0,15_54_15_2 + 15_54_15_1
8_61_16_1,15_54_15_0
8_61_16_2,15_54_15_1
8_61_17_1,15_54_16_1
8_61_17_2,15_54_16_0
8_61_18_0,15_54_17_1
8_61_18_1,15_54_17_0
8_62_6_0,15_55_5_0
8_62_6_1,15_55_5_1
8_62_7_1,15_55_6_3
8_62_7_2,15_55_6_0
8_62_7_3,15_55_6_1 + 15_55_6_3
8_62_7_4,15_55_6_4
8_62_7_5,15_55_6_2
8_62_8_1,15_55_7_1
8_62_8_2,15_55_7_2
8_62_8_3,15_55_7_0
8_62_8_4,15_55_7_3
8_62_9_2,15_55_8_0
8_62_9_3,15_55_8_1
8_62_10_0,15_55_9
8_62_11_1,15_55_10
8_62_12_1,15_55_11
8_62_13_1,15_55_12_0
8_62_13_2,15_55_12_1
8_62_14_1,15_55_13
8_62_15_0,15_55_14_0
8_62_15_1,15_55_14_1
8_62_16_1,15_55_15
8_63_5,15_56_4
8_63_6_0,15_56_5_0
8_63_6_1,15_56_5_2
8_63_6_2,15_56_5_1 + 15_56_5_2
8_63_7_0,15_56_6_1
8_63_7_1,15_56_6_3
8_63_7_2,15_56_6_2 + 15_56_6_0 + 15_56_6_3 + 15_56_6_1
8_63_7_3,15_56_6_0 + 15_56_6_3
8_63_8_0,15_56_7_0
8_63_8_2,15_56_7_1 + 15_56_7_0
8_63_9_0,15_56_8
8_63_10_1,15_56_9_0
8_63_10_2,15_56_9_1
8_63_11_1,15_56_10_0
8_63_11_2,15_56_10_1
8_63_11_3,15_56_10_2
8_63_12_1,15_56_11
8_63_13_0,15_56_12_1
8_63_13_1,15_56_12_0
8_63_14_0,15_56_13_1
8_63_14_1,15_56_13_0 + 15_56_13_1
8_63_14_3,15_56_13_2
8_64_6_0,15_57_5_0
8_64_6_1,15_57_5_1
8_64_9_0,15_57_8_0
8_64_9_1,15_57_8_1
8_64_10_0,15_57_9_1
8_64_10_1,15_57_9_0
8_64_10_3,15_57_9_2
8_64_11_0,15_57_10_1
8_64_11_1,15_57_10_0 + 15_57_10_1
8_64_12_1,15_57_11_0
8_64_12_3,15_57_11_1
8_64_13_1,15_57_12
8_64_15_0,15_57_14
8_65_7_0,15_58_6
8_65_14_0,15_58_13
8_66_6,15_59_5
8_66_7_1,15_59_6
8_66_8_0,15_59_7_0 + 15_59_7_1
8_66_8_2,15_59_7_1
8_66_9_0,15_59_8_0 + 15_59_8_1
8_66_9_1,15_59_8_1
8_66_11_0,15_59_10
8_66_12_0,15_59_11
8_66_13_0,15_59_12_1
8_66_13_1,15_59_12_0
8_67_7_1,15_60_6_0 + 15_60_6_1
8_67_7_2,15_60_6_1
8_67_7_3,15_60_6_2
8_67_8_3,15_60_7_0
8_67_8_4,15_60_7_1
8_67_8_5,15_60_7_2
8_67_9_0,15_60_8_1
8_67_9_1,15_60_8_0
8_67_10_0,15_60_9_2
8_67_10_1,15_60_9_0
8_67_10_2,15_60_9_1
8_67_10_4,15_60_9_3
8_67_11_1,15_60_10
8_67_12_0,15_60_11_2
8_67_12_1,15_60_11_0
8_67_12_2,15_60_11_1
8_68_6_0,15_61_5
8_68_7_1,15_61_6_0
8_68_7_2,15_61_6_1
8_68_8_0,15_61_7_2 + 15_61_7_0 + 15_61_7_1
8_68_8_1,15_61_7_1
8_68_8_2,15_61_7_0 + 15_61_7_1
8_68_8_6,15_61_7_3
8_68_9_2,15_61_8_2
8_68_9_4,15_61_8_0
8_68_9_5,15_61_8_3
8_68_9_6,15_61_8_1
8_68_10_1,15_61_9_1
8_68_10_3,15_61_9_0
8_68_10_6,15_61_9_2
8_68_11_0,15_61_10_1
8_68_11_1,15_61_10_2
8_68_11_2,15_61_10_0
8_69_6_0,15_62_5_0
8_69_6_1,15_62_5_1
8_69_6_3,15_62_5_2
8_69_7_3,15_62_6_0
8_69_7_4,15_62_6_1
8_69_7_5,15_62_6_2
8_69_8_1,15_62_7_1 + 15_62_7_2
8_69_8_3,15_62_7_2
8_69_8_4,15_62_7_0
8_69_9_0,15_62_8_0
8_69_9_2,15_62_8_1 + 15_62_8_0
8_69_9_4,15_62_8_2
8_69_10_2,15_62_9_0
8_69_10_3,15_62_9_1
8_70_6_0,15_63_5
8_70_7_1,15_63_6_0
8_70_7_2,15_63_6_1
8_70_7_3,15_63_6_2
8_70_7_4,15_63_6_3
8_70_7_5,15_63_6_4
8_70_8_2,15_63_7_1
8_70_8_5,15_63_7_0
8_70_8_7,15_63_7_2
8_70_9_2,15_63_8_0
8_70_9_4,15_63_8_1
8_71_6_0,15_64_5_0
8_71_6_1,15_64_5_1
8_71_6_2,15_64_5_2
8_71_7_0,15_64_6_3
8_71_7_1,15_64_6_2
8_71_7_2,15_64_6_4
8_71_7_4,15_64_6_0
8_71_7_5,15_64_6_1 + 15_64_6_2
8_71_8_0,15_64_7_3
8_71_8_2,15_64_7_0
8_71_8_5,15_64_7_1
8_71_8_9,15_64_7_4 + 15_64_7_3
8_71_8_10,15_64_7_2 + 15_64_7_1 + 15_64_7_4
8_72_6_0,15_65_5_0
8_72_6_1,15_65_5_1
8_72_7_2,15_65_6_0
8_72_7_3,15_65_6_1
8_72_7_5,15_65_6_2
8_72_7_6,15_65_6_3
9_15_5_1,17_7_4
9_17_4,17_9_3
9_22_4_0,17_14_3
9_23_9_1,17_15_8
9_25_8,17_17_7
9_29_4,17_21_3_1
9_31_13_1,17_23_12
9_33_12,17_25_11
9_38_6_3,17_30_5
9_38_12,17_30_11
9_39_17_1,17_31_16
9_41_16,17_33_15
9_45_11,17_37_10_1
9_46_7,17_38_6_2
9_46_10_1,17_38_9_1
9_47_8_1,17_39_7
9_47_21_1,17_39_20
9_48_7_1,17_40_6
9_49_6,17_41_5
9_49_20,17_41_19
9_52_7_2,17_44_6
9_53_5_0,17_45_4
9_53_6_2,17_45_5_0
9_53_8_3,17_45_7_1
9_54_14_1,17_46_13
9_54_20,17_46_19
9_55_7_2,17_47_6_1
9_56_5_1,17_48_4_1
9_56_10_2,17_48_9_1
9_59_8_3,17_51_7_2
9_60_7_3,17_52_6_2
9_60_11_1,17_52_10
9_61_11_2,17_53_10
9_63_6_1,17_55_5_4
9_64_7,17_56_6_1
9_64_14_1,17_56_13_0
9_68_5,17_60_4
10_9_2,19_0_1
10_9_3_1,19_0_2
10_9_4_1,19_0_3
10_9_5_1,19_0_4
10_9_6,19_0_5
10_9_7,19_0_6
10_9_8,19_0_7
10_9_9,19_0_8
10_9_10,19_0_9
10_9_11,19_0_10
10_9_12,19_0_11
10_9_13,19_0_12
10_9_14,19_0_13
10_9_15,19_0_14
10_9_16,19_0_15
10_9_17,19_0_16
10_9_18,19_0_17
10_9_19,19_0_18
10_9_20,19_0_19
10_9_21,19_0_20
10_9_22,19_0_21
10_9_23,19_0_22
10_9_24,19_0_23
10_9_25,19_0_24
10_9_26,19_0_25
10_9_27,19_0_26
10_12_3,19_3_2
10_12_4,19_3_3
10_16_3,19_7_2
10_16_4,19_7_3
10_16_5,19_7_4
10_18_4_1,19_9_3
10_18_5_0,19_9_4
10_20_6_0,19_11_5
10_20_7,19_11_6
10_20_8,19_11_7
10_23_3,19_14_2
10_23_4_0,19_14_3
10_23_6_0,19_14_5
10_23_7,19_14_6
10_24_3,19_15_2
10_24_4_0,19_15_3
10_24_5_0,19_15_4
10_24_6_0,19_15_5_1 + 19_15_5_0
10_24_7_1,19_15_6
10_24_8,19_15_7
10_24_9,19_15_8
10_26_6_0,19_17_5
10_26_7_0,19_17_6
10_26_8_0,19_17_7
10_26_9_0,19_17_8
10_27_4,19_18_3
10_27_5_0,19_18_4_1
10_27_6_0,19_18_5
10_28_10_0,19_19_9
10_28_11,19_19_10
10_28_12,19_19_11
10_29_4_0,19_20_3
10_29_6_0,19_20_5
10_29_7_0,19_20_6
10_30_4,19_21_3_1
10_30_5_1,19_21_4
10_31_4,19_22_3
10_31_5_0,19_22_4_0
10_31_5_1,19_22_4_1
10_31_6_1,19_22_5
10_31_10_0,19_22_9
10_31_11,19_22_10
10_32_6,19_23_5
10_32_7_0,19_23_6
10_32_8_0,19_23_7
10_32_9_0,19_23_8
10_32_10_0,19_23_9_1 + 19_23_9_0
10_32_11_1,19_23_10
10_32_12,19_23_11
10_32_13,19_23_12
10_33_6,19_24_5
10_34_10_0,19_25_9
10_34_11_0,19_25_10
10_34_12_0,19_25_11
10_34_13_0,19_25_12
10_35_5_0,19_26_4
10_35_6,19_26_5
10_35_7_0,19_26_6_0
10_35_7_1,19_26_6_1
10_35_8_0,19_26_7
10_35_9_0,19_26_8
10_35_10_0,19_26_9
10_36_5_0,19_27_4
10_36_6_0,19_27_5
10_36_14_0,19_27_13
10_36_15,19_27_14
10_36_16,19_27_15
10_37_7_0,19_28_6
10_37_8_0,19_28_7
10_37_10_0,19_28_9
10_37_11_0,19_28_10
10_38_5,19_29_4
10_38_6_1,19_29_5
10_38_7_0,19_29_6
10_38_8_0,19_29_7_0
10_38_8_1,19_29_7_1
10_38_9_0,19_29_8_1
10_38_9_1,19_29_8_0
10_38_10_0,19_29_9
10_39_4,19_30_3
10_39_5_0,19_30_4
10_39_6,19_30_5
10_39_8_0,19_30_7
10_39_9_0,19_30_8
10_39_10,19_30_9
10_39_11,19_30_10
10_39_12_0,19_30_11
10_39_14_0,19_30_13
10_39_15,19_30_14
10_40_10_0,19_31_9_0
10_40_10_1,19_31_9_1 + 19_31_9_0
10_40_11_0,19_31_10_0
10_40_11_1,19_31_10_1
10_40_12_0,19_31_11
10_40_13_0,19_31_12
10_40_14_0,19_31_13_1 + 19_31_13_0
10_40_15_1,19_31_14
10_40_16,19_31_15
10_40_17,19_31_16
10_41_5,19_32_4_0
10_41_6_1,19_32_5
10_41_7_0,19_32_6_0
10_41_8,19_32_7
10_41_9_0,19_32_8
10_41_10_0,19_32_9
10_42_5,19_33_4
10_42_6_0,19_33_5_1
10_42_8_1,19_33_7
10_42_14_0,19_33_13
10_42_15_0,19_33_14
10_42_16_0,19_33_15
10_42_17_0,19_33_16
10_43_8_1,19_34_7
10_43_9,19_34_8_0
10_43_10_0,19_34_9_1
10_43_10_1,19_34_9_0
10_43_11_0,19_34_10_1
10_43_11_1,19_34_10_0
10_43_12_0,19_34_11
10_43_13_0,19_34_12
10_43_14_0,19_34_13
10_44_5,19_35_4
10_44_7_1,19_35_6
10_44_9_0,19_35_8_1
10_44_9_1,19_35_8_0
10_44_10_0,19_35_9_1
10_44_10_1,19_35_9_0
10_44_18_0,19_35_17
10_44_19,19_35_18
10_44_20,19_35_19
10_45_5,19_36_4
10_45_6,19_36_5
10_45_11_0,19_36_10
10_45_12_0,19_36_11
10_45_14_0,19_36_13
10_45_15_0,19_36_14
10_46_7_0,19_37_6
10_46_8_0,19_37_7_1 + 19_37_7_0
10_46_8_1,19_37_7_0
10_46_9_0,19_37_8_1
10_46_9_1,19_37_8_0
10_46_10_1,19_37_9_1
10_46_10_2,19_37_9_0
10_46_11_0,19_37_10_1
10_46_11_1,19_37_10_0 + 19_37_10_1
10_46_12_0,19_37_11_0
10_46_12_1,19_37_11_1
10_46_13_0,19_37_12_1
10_46_13_1,19_37_12_0
10_46_14_0,19_37_13
10_47_7_0,19_38_6_0
10_47_7_1,19_38_6_1
10_47_8_0,19_38_7_1
10_47_8_1,19_38_7_0 + 19_38_7_1
10_47_9_0,19_38_8_1
10_47_9_1,19_38_8_0
10_47_10_0,19_38_9_1
10_47_10_1,19_38_9_0
10_47_11,19_38_10
10_47_12_0,19_38_11
10_47_13_0,19_38_12
10_47_14,19_38_13
10_47_18_0,19_38_17
10_47_19,19_38_18
10_48_6,19_39_5
10_48_8_0,19_39_7
10_48_14_0,19_39_13
10_48_15_0,19_39_14
10_48_16_0,19_39_15
10_48_17_0,19_39_16
10_48_18_0,19_39_17_1 + 19_39_17_0
10_48_19_1,19_39_18
10_48_20,19_39_19
10_48_21,19_39_20
10_49_5,19_40_4
10_49_6_0,19_40_5_0
10_49_6_1,19_40_5_1
10_49_7_0,19_40_6_0
10_49_9_0,19_40_8_0
10_49_10_1,19_40_9
10_49_11_0,19_40_10_0
10_49_12,19_40_11
10_49_13_0,19_40_12
10_49_14_0,19_40_13
10_50_4,19_41_3
10_50_5,19_41_4
10_50_6_0,19_41_5_1
10_50_6_1,19_41_5_0
10_50_7,19_41_6
10_50_8_0,19_41_7_0
10_50_8_1,19_41_7_1 + 19_41_7_0
10_50_9,19_41_8
10_50_10_0,19_41_9
10_50_11,19_41_10
10_50_12_0,19_41_11
10_50_18_0,19_41_17
10_50_19_0,19_41_18
10_50_20_0,19_41_19
10_50_21_0,19_41_20
10_51_7_0,19_42_6_0
10_51_7_1,19_42_6_1
10_51_8_0,19_42_7
10_51_9_0,19_42_8
10_51_10,19_42_9
10_51_12_0,19_42_11
10_51_13,19_42_12_0
10_51_14_0,19_42_13_1
10_51_14_1,19_42_13_0
10_51_15_0,19_42_14_1
10_51_15_1,19_42_14_0
10_51_16_0,19_42_15
10_51_17_0,19_42_16
10_51_18_0,19_42_17
10_52_8_0,19_43_7
10_52_9_0,19_43_8
10_52_10_0,19_43_9
10_52_11_0,19_43_10
10_52_12,19_43_11
10_52_13_0,19_43_12_1
10_52_13_1,19_43_12_0
10_52_14_0,19_43_13_1
10_52_14_1,19_43_13_0
10_52_22_0,19_43_21
10_52_23,19_43_22
10_52_24,19_43_23
10_53_6_0,19_44_5
10_53_7_0,19_44_6
10_53_8_1,19_44_7
10_53_9_0,19_44_8
10_53_10_0,19_44_9
10_53_11,19_44_10
10_53_15_0,19_44_14
10_53_16_0,19_44_15
10_53_18_0,19_44_17
10_53_19_0,19_44_18
10_54_4,19_45_3
10_54_5_0,19_45_4
10_54_6_2,19_45_5_0
10_54_7_0,19_45_6_1
10_54_7_1,19_45_6_0 + 19_45_6_1
10_54_8_0,19_45_7_1
10_54_9_1,19_45_8
10_54_10_0,19_45_9_0
10_54_11_1,19_45_10
10_54_12_0,19_45_11
10_54_13,19_45_12
10_54_14_1,19_45_13
10_54_15_0,19_45_14
10_54_16_0,19_45_15_0
10_54_16_1,19_45_15_1
10_54_17_0,19_45_16_1
10_54_17_1,19_45_16_0
10_54_18_0,19_45_17
10_55_8_2,19_46_7_0
10_55_9_1,19_46_8_1
10_55_9_2,19_46_8_0 + 19_46_8_1
10_55_10_1,19_46_9_1
10_55_10_2,19_46_9_0 + 19_46_9_1
10_55_11_0,19_46_10_1
10_55_11_1,19_46_10_0
10_55_12_0,19_46_11_0
10_55_12_1,19_46_11_1
10_55_13_1,19_46_12
10_55_14_0,19_46_13
10_55_15,19_46_14
10_55_16_0,19_46_15
10_55_17_0,19_46_16
10_55_18,19_46_17
10_55_19,19_46_18
10_55_20_0,19_46_19
10_55_22_0,19_46_21
10_55_23,19_46_22
10_56_6_1,19_47_5_1
10_56_7_0,19_47_6_1
10_56_7_4,19_47_6_0 + 19_47_6_1
10_56_8_2,19_47_7_1
10_56_9_1,19_47_8_0
10_56_10_0,19_47_9
10_56_11_0,19_47_10
10_56_18_0,19_47_17_0
10_56_18_1,19_47_17_1 + 19_47_17_0
10_56_19_0,19_47_18_0
10_56_19_1,19_47_18_1
10_56_20_0,19_47_19
10_56_21_0,19_47_20
10_56_22_0,19_47_21_1 + 19_47_21_0
10_56_23_1,19_47_22
10_57_5_1,19_48_4_1
10_57_6_1,19_48_5_0
10_57_7_0,19_48_6_1
10_57_7_1,19_48_6_0
10_57_8_0,19_48_7_1 + 19_48_7_0
10_57_9_0,19_48_8_1
10_57_10_0,19_48_9_0
10_57_10_2,19_48_9_1
10_57_13_0,19_48_12_0
10_57_13_1,19_48_12_1
10_57_14_1,19_48_13
10_57_15_0,19_48_14_0
10_57_16,19_48_15
10_57_17_0,19_48_16
10_57_18_0,19_48_17
10_58_5,19_49_4
10_58_6_0,19_49_5_0
10_58_7_0,19_49_6
10_58_8,19_49_7_1
10_58_9_2,19_49_8
10_58_10_0,19_49_9
10_58_11,19_49_10
10_58_12_0,19_49_11_0
10_58_12_1,19_49_11_1
10_58_13_1,19_49_12
10_58_14_0,19_49_13
10_58_15,19_49_14
10_58_16_0,19_49_15
10_59_6_1,19_50_5
10_59_10_0,19_50_9
10_59_14,19_50_13
10_59_16_0,19_50_15
10_59_17,19_50_16_0
10_59_18_0,19_50_17_1
10_59_18_1,19_50_17_0
10_59_19_0,19_50_18_1
10_59_19_1,19_50_18_0
10_59_20_0,19_50_19
10_60_5,19_51_4
10_60_7_0,19_51_6_1
10_60_8_0,19_51_7_1
10_60_9_1,19_51_8_0
10_60_13_0,19_51_12_0
10_60_13_1,19_51_12_1
10_60_14_1,19_51_13
10_60_15_0,19_51_14
10_60_16,19_51_15
10_60_17_0,19_51_16_1
10_60_17_1,19_51_16_0
10_60_18_0,19_51_17_1
10_60_18_1,19_51_17_0
10_61_6_1,19_52_5_0
10_61_7_1,19_52_6_1 + 19_52_6_0
10_61_7_2,19_52_6_2
10_61_8_0,19_52_7_0
10_61_8_1,19_52_7_1
10_61_9_0,19_52_8_1
10_61_10_1,19_52_9_1
10_61_10_2,19_52_9_0
10_61_11_0,19_52_10
10_61_12_0,19_52_11_0
10_61_12_1,19_52_11_1
10_61_13_1,19_52_12
10_61_14_0,19_52_13
10_61_15,19_52_14
10_62_5,19_53_4
10_62_6_0,19_53_5_0
10_62_6_2,19_53_5_3
10_62_7_0,19_53_6_0
10_62_7_1,19_53_6_1 + 19_53_6_2
10_62_8_0,19_53_7_0
10_62_8_2,19_53_7_2
10_62_9_1,19_53_8
10_62_10_0,19_53_9_0
10_62_12_0,19_53_11
10_62_13_0,19_53_12
10_62_14_0,19_53_13_1
10_62_14_1,19_53_13_0
10_62_15_1,19_53_14
10_62_16_0,19_53_15
10_62_17_0,19_53_16_1 + 19_53_16_0
10_62_17_1,19_53_16_0
10_63_8_0,19_54_7
10_63_9_0,19_54_8_1 + 19_54_8_0
10_63_10_0,19_54_9
10_63_11_0,19_54_10_0
10_63_12_0,19_54_11_1 + 19_54_11_0
10_63_13_1,19_54_12_2 + 19_54_12_1
10_63_13_2,19_54_12_0
10_63_13_3,19_54_12_1
10_63_14_1,19_54_13_1
10_63_14_2,19_54_13_0 + 19_54_13_1
10_63_15_0,19_54_14_1
10_63_15_1,19_54_14_0
10_63_16_0,19_54_15_2 + 19_54_15_1
10_63_16_1,19_54_15_0 + 19_54_15_2 + 19_54_15_1
10_63_16_2,19_54_15_1
10_64_6_0,19_55_5_2
10_64_6_1,19_55_5_0
10_64_7_0,19_55_6_0
10_64_7_1,19_55_6_1
10_64_8_0,19_55_7_0
10_64_8_1,19_55_7_2
10_64_9_1,19_55_8
10_64_12,19_55_11_0
10_64_13_1,19_55_12_0
10_64_14_0,19_55_13
10_64_15_0,19_55_14
10_65_5,19_56_4_0
10_65_6_0,19_56_5
10_65_7_0,19_56_6
10_65_8,19_56_7
10_65_9_0,19_56_8
10_65_11_0,19_56_10_0
10_65_12_0,19_56_11
10_65_13_0,19_56_12
10_65_14_0,19_56_13_0
10_65_14_1,19_56_13_1
10_66_6_0,19_57_5
10_66_7_0,19_57_6_1
10_66_7_1,19_57_6_0
10_66_8_0,19_57_7
10_66_9_1,19_57_8_0
10_66_9_2,19_57_8_1
10_66_10_0,19_57_9_0
10_66_10_1,19_57_9_1 + 19_57_9_0
10_66_11_0,19_57_10
10_66_12_2,19_57_11
10_66_13_1,19_57_12_0
10_66_13_2,19_57_12_1
10_67_6_0,19_58_5
10_67_7_0,19_58_6_1
10_67_8_0,19_58_7
10_67_12_0,19_58_11_0
10_67_12_1,19_58_11_1
10_68_7_0,19_59_6_1
10_68_7_4,19_59_6_0 + 19_59_6_1
10_68_8_0,19_59_7_1 + 19_59_7_2
10_68_8_1,19_59_7_2
10_68_8_2,19_59_7_0
10_68_9_0,19_59_8_0
10_68_9_2,19_59_8_1
10_68_11_0,19_59_10_0
10_69_5,19_60_4
10_69_7_0,19_60_6_1
10_69_8_3,19_60_7_0
10_69_9_0,19_60_8_1
10_69_9_1,19_60_8_0
10_69_10_0,19_60_9_2
10_69_10_1,19_60_9_0
10_69_10_2,19_60_9_1
10_70_7_1,19_61_6
10_70_8_0,19_61_7_1 + 19_61_7_0
10_70_8_1,19_61_7_2
10_70_8_2,19_61_7_0
10_70_9_0,19_61_8_1
10_70_9_3,19_61_8_0
10_71_6_1,19_62_5_0
10_71_8_1,19_62_7
10_72_7_2,19_63_6_0
10_73_6,19_64_5_0
11_12_3,21_2_2
11_13_4,21_3_3
11_18_3,21_8_2
11_18_4_0,21_8_3
11_19_4,21_9_3
11_19_5,21_9_4
11_20_7,21_10_6
11_21_8,21_11_7
11_26_7_0,21_16_6
11_26_8_0,21_16_7
11_27_4,21_17_3
11_27_8,21_17_7
11_27_9,21_17_8
11_28_5,21_18_4_1
11_28_11,21_18_10
11_29_12,21_19_11
11_30_7,21_20_6
11_33_5,21_23_4
11_33_7_1,21_23_6
11_34_6_0,21_24_5
11_34_11_0,21_24_10
11_34_12_0,21_24_11
11_35_12,21_25_11
11_35_13,21_25_12
11_36_7,21_26_6
11_36_15,21_26_14
11_37_16,21_27_15
11_38_5,21_28_4
11_38_11,21_28_10
11_40_12_0,21_30_11
11_41_4,21_31_3
11_41_11_0,21_31_10_0
11_42_7_1,21_32_6
11_42_15_0,21_32_14
11_42_16_0,21_32_15
11_43_6,21_33_5
11_43_8,21_33_7
11_43_16,21_33_15
11_43_17,21_33_16
11_44_11,21_34_10
11_44_19,21_34_18
11_45_10,21_35_9
11_45_20,21_35_19
11_46_15,21_36_14
11_47_8_0,21_37_7_0
11_47_11,21_37_10_1
11_48_5,21_38_4
11_48_7_0,21_38_6_1
11_48_10,21_38_9_1
11_49_5_0,21_39_4
11_49_6_0,21_39_5
11_49_8,21_39_7
11_49_15_0,21_39_14
11_50_5,21_40_4_1
11_50_6_0,21_40_5_1
11_50_7_0,21_40_6_1
11_50_7_1,21_40_6_0
11_50_11_0,21_40_10
11_50_19_0,21_40_18
11_50_20_0,21_40_19
11_51_6_0,21_41_5_1
11_51_6_1,21_41_5_2
11_51_8_0,21_41_7_1
11_51_12_0,21_41_11
11_51_20,21_41_19
11_51_21,21_41_20
11_52_6_0,21_42_5_1 + 21_42_5_0
11_52_9_0,21_42_8
11_52_15,21_42_14
11_52_23,21_42_22
11_53_14,21_43_13
11_53_24,21_43_23
11_54_19,21_44_18
11_55_6_1,21_45_5_0
11_55_7_1,21_45_6_0
11_55_8_1,21_45_7_0
11_56_6_3,21_46_5
11_56_14,21_46_13
11_56_20_0,21_46_19
11_57_7_0,21_47_6_0
11_57_8_0,21_47_7_1
11_57_9_0,21_47_8_1
11_57_9_1,21_47_8_2
11_57_19_0,21_47_18_0
11_58_7_1,21_48_6_0
11_58_10_0,21_48_9_0
11_58_10_1,21_48_9_1
11_58_15_0,21_48_14
11_59_6_1,21_49_5_0
11_59_7_1,21_49_6
11_59_16_0,21_49_15
11_60_19,21_50_18
11_61_8_1,21_51_7_2
11_61_10_0,21_51_9
11_61_18,21_51_17
11_62_7_0,21_52_6_2
11_63_6_1,21_53_5_3
11_63_7_1,21_53_6_0
11_63_10_1,21_53_9
11_64_5,21_54_4_0
11_64_6_1,21_54_5
11_64_7_0,21_54_6_0
11_64_7_3,21_54_6_1
11_64_8_2,21_54_7
11_64_11,21_54_10_0
11_65_6_0,21_55_5_1
11_65_7_1,21_55_6_1
11_65_8_1,21_55_7_1
11_65_8_2,21_55_7_0 + 21_55_7_1
11_65_10_0,21_55_9
11_65_13_0,21_55_12_1
11_66_9_2,21_56_8
11_66_10_0,21_56_9_1
11_66_11_1,21_56_10_0
11_67_9_0,21_57_8_0
11_67_10_1,21_57_9_1
11_67_11_0,21_57_10
11_68_8_0,21_58_7
11_69_6_0,21_59_5_0
11_69_9_0,21_59_8
11_71_8_2,21_61_7_0
11_73_6,21_63_5_1
12_11_2,23_0_1
12_11_3,23_0_2
12_11_4,23_0_3
12_11_5_1,23_0_4
12_11_6_1,23_0_5
12_11_7_1,23_0_6
12_11_8,23_0_7
12_11_9,23_0_8
12_11_10,23_0_9
12_11_11,23_0_10
12_11_12,23_0_11
12_11_13,23_0_12
12_11_14,23_0_13
12_11_15,23_0_14
12_11_16,23_0_15
12_11_17,23_0_16
12_11_18,23_0_17
12_11_19,23_0_18
12_11_20,23_0_19
12_11_21,23_0_20
12_11_22,23_0_21
12_11_23,23_0_22
12_11_24,23_0_23
12_11_25,23_0_24
12_11_26,23_0_25
12_11_27,23_0_26
12_12_2,23_1_1
12_13_3,23_2_2
12_14_3_0,23_3_2
12_14_4_0,23_3_3
12_17_3,23_6_2
12_18_2,23_7_1
12_18_3_0,23_7_2
12_18_4_0,23_7_3
12_18_5_0,23_7_4
12_19_3_0,23_8_2
12_19_4_1,23_8_3
12_20_4_0,23_9_3
12_20_5_0,23_9_4
12_20_6_1,23_9_5
12_21_7,23_10_6
12_22_7_0,23_11_6
12_22_8_0,23_11_7
12_25_3,23_14_2
12_25_4_0,23_14_3
12_25_6,23_14_5
12_25_7,23_14_6
12_26_3,23_15_2
12_26_4_0,23_15_3
12_26_5,23_15_4
12_26_6_0,23_15_5_1 + 23_15_5_0
12_26_6_1,23_15_5_0
12_26_7_1,23_15_6
12_26_8_0,23_15_7
12_26_9_0,23_15_8
12_27_3,23_16_2
12_27_7,23_16_6
12_27_8_1,23_16_7
12_28_4,23_17_3
12_28_6,23_17_5
12_28_7,23_17_6
12_28_8_0,23_17_7
12_28_9_0,23_17_8
12_28_10_1,23_17_9
12_29_4_0,23_18_3
12_29_5_0,23_18_4_1
12_29_6_0,23_18_5
12_29_11,23_18_10
12_30_11_0,23_19_10
12_30_12_0,23_19_11
12_31_6,23_20_5
12_31_7,23_20_6
12_32_4,23_21_3
12_32_6_0,23_21_5
12_33_5_1,23_22_4
12_33_10,23_22_9
12_33_11,23_22_10
12_34_5,23_23_4
12_34_7,23_23_6
12_34_9_0,23_23_8
12_34_10_0,23_23_9_1 + 23_23_9_0
12_34_10_1,23_23_9_0
12_34_11_1,23_23_10
12_34_12_0,23_23_11
12_34_13_0,23_23_12
12_35_4,23_24_3
12_35_6,23_24_5
12_35_11,23_24_10
12_35_12_1,23_24_11
12_36_5_0,23_25_4
12_36_10,23_25_9
12_36_11,23_25_10
12_36_12_0,23_25_11
12_36_13_0,23_25_12
12_36_14_1,23_25_13
12_37_4,23_26_3
12_37_5,23_26_4
12_37_6_0,23_26_5
12_37_7_0,23_26_6
12_37_9_0,23_26_8
12_37_10_0,23_26_9
12_37_15,23_26_14
12_38_4,23_27_3
12_38_15_0,23_27_14
12_38_16_0,23_27_15
12_39_10,23_28_9
12_39_11,23_28_10
12_40_4,23_29_3
12_40_5_0,23_29_4
12_40_9,23_29_8
12_40_10_0,23_29_9
12_41_3,23_30_2
12_41_4_0,23_30_3
12_41_5_0,23_30_4_1
12_41_5_1,23_30_4_0
12_41_6_0,23_30_5
12_41_7,23_30_6
12_41_8_0,23_30_7
12_41_9_0,23_30_8
12_41_10_0,23_30_9
12_41_11_0,23_30_10
12_41_12_0,23_30_11
12_41_14,23_30_13
12_41_15,23_30_14
12_42_4,23_31_3
12_42_5_1,23_31_4
12_42_6,23_31_5_0
12_42_7_1,23_31_6
12_42_8_0,23_31_7
12_42_9_0,23_31_8_1 + 23_31_8_0
12_42_10_0,23_31_9_0
12_42_10_1,23_31_9_1 + 23_31_9_0
12_42_11_0,23_31_10_0
12_42_11_1,23_31_10_1
12_42_12_0,23_31_11
12_42_13_0,23_31_12
12_42_14_0,23_31_13_1 + 23_31_13_0
12_42_14_1,23_31_13_0
12_42_15_1,23_31_14
12_42_16_0,23_31_15
12_42_17_0,23_31_16
12_43_6_1,23_32_5
12_43_7_0,23_32_6_0
12_43_7_2,23_32_6_1
12_43_8_1,23_32_7_0
12_43_9,23_32_8
12_43_10,23_32_9
12_43_15,23_32_14
12_43_16_1,23_32_15
12_44_5,23_33_4
12_44_6_0,23_33_5
12_44_8,23_33_7
12_44_9_1,23_33_8
12_44_14,23_33_13
12_44_15,23_33_14
12_44_16_0,23_33_15
12_44_17_0,23_33_16
12_44_18_1,23_33_17
12_45_8,23_34_7
12_45_9_0,23_34_8_0
12_45_9_1,23_34_8_1
12_45_10_0,23_34_9_1
12_45_10_1,23_34_9_0
12_45_11_0,23_34_10
12_45_13_0,23_34_12
12_45_14_0,23_34_13
12_45_19,23_34_18
12_46_6,23_35_5
12_46_8_0,23_35_7
12_46_9_0,23_35_8
12_46_10_0,23_35_9
12_46_19_0,23_35_18
12_46_20_0,23_35_19
12_47_7_0,23_36_6
12_47_14,23_36_13
12_47_15,23_36_14
12_48_6_0,23_37_5
12_48_7_0,23_37_6_1
12_48_7_1,23_37_6_0
12_48_8_0,23_37_7_2 + 23_37_7_1
12_48_8_1,23_37_7_0
12_48_8_2,23_37_7_1
12_48_9_0,23_37_8_2
12_48_9_1,23_37_8_0
12_48_9_2,23_37_8_1
12_48_10_1,23_37_9
12_48_11,23_37_10
12_48_13,23_37_12
12_48_14_0,23_37_13
12_49_4,23_38_3
12_49_5_0,23_38_4_1
12_49_5_2,23_38_4_0
12_49_6_1,23_38_5_1
12_49_6_2,23_38_5_0 + 23_38_5_1
12_49_7_1,23_38_6_0
12_49_7_2,23_38_6_1
12_49_7_3,23_38_6_2 + 23_38_6_1
12_49_8_0,23_38_7_2
12_49_8_1,23_38_7_1 + 23_38_7_2
12_49_8_2,23_38_7_0
12_49_9_0,23_38_8_1
12_49_9_1,23_38_8_0
12_49_10_0,23_38_9_1
12_49_10_1,23_38_9_0
12_49_11_0,23_38_10
12_49_18,23_38_17
12_49_19,23_38_18
12_50_4_0,23_39_3
12_50_5_1,23_39_4_0
12_50_5_2,23_39_4_1
12_50_6_1,23_39_5_1
12_50_6_2,23_39_5_0 + 23_39_5_1
12_50_8,23_39_7
12_50_9,23_39_8
12_50_10_0,23_39_9_0
12_50_10_1,23_39_9_1
12_50_14,23_39_13
12_50_15,23_39_14
12_50_17_0,23_39_16
12_50_18_0,23_39_17_1 + 23_39_17_0
12_50_18_1,23_39_17_0
12_50_19_1,23_39_18
12_50_20_0,23_39_19
12_50_21_0,23_39_20
12_51_5_0,23_40_4_2
12_51_5_1,23_40_4_0 + 23_40_4_2
12_51_5_2,23_40_4_1
12_51_6_0,23_40_5_1
12_51_6_2,23_40_5_0
12_51_6_3,23_40_5_2
12_51_7_0,23_40_6_1
12_51_7_2,23_40_6_0
12_51_7_3,23_40_6_2
12_51_8_1,23_40_7
12_51_9_0,23_40_8_0
12_51_9_1,23_40_8_1
12_51_10_1,23_40_9
12_51_11_0,23_40_10_0
12_51_11_1,23_40_10_1
12_51_12_1,23_40_11_0
12_51_13,23_40_12
12_51_14,23_40_13
12_51_19,23_40_18
12_51_20_1,23_40_19
12_52_4,23_41_3
12_52_5_0,23_41_4_2
12_52_5_1,23_41_4_0
12_52_5_2,23_41_4_1
12_52_6_0,23_41_5_2
12_52_6_1,23_41_5_0
12_52_6_2,23_41_5_1 + 23_41_5_2
12_52_7_0,23_41_6_0
12_52_7_2,23_41_6_1
12_52_8_0,23_41_7_0
12_52_8_1,23_41_7_1
12_52_11_0,23_41_10
12_52_12_0,23_41_11
12_52_13_1,23_41_12
12_52_18,23_41_17
12_52_19,23_41_18
12_52_20_0,23_41_19
12_52_21_0,23_41_20
12_52_22_1,23_41_21
12_53_5_0,23_42_4
12_53_6_1,23_42_5
12_53_7_0,23_42_6_0
12_53_8_0,23_42_7
12_53_9_0,23_42_8
12_53_10_0,23_42_9
12_53_12,23_42_11
12_53_13_0,23_42_12_0
12_53_13_2,23_42_12_1
12_53_14_0,23_42_13_1
12_53_14_1,23_42_13_0
12_53_15_0,23_42_14
12_53_17_0,23_42_16
12_53_18_0,23_42_17
12_53_23,23_42_22
12_54_6_0,23_43_5
12_54_7_1,23_43_6
12_54_8_0,23_43_7
12_54_9_0,23_43_8
12_54_12_1,23_43_11
12_54_13_0,23_43_12
12_54_14_0,23_43_13
12_54_23_0,23_43_22
12_54_24_0,23_43_23
12_55_6_0,23_44_5_1
12_55_6_1,23_44_5_0
12_55_7_0,23_44_6_1
12_55_7_2,23_44_6_0
12_55_8_2,23_44_7
12_55_11_0,23_44_10
12_55_18,23_44_17
12_55_19,23_44_18
12_56_4,23_45_3
12_56_5_0,23_45_4
12_56_6_1,23_45_5_0
12_56_6_2,23_45_5_1
12_56_7_1,23_45_6_2
12_56_7_2,23_45_6_1 + 23_45_6_0 + 23_45_6_2
12_56_7_3,23_45_6_0
12_56_8_0,23_45_7_2
12_56_8_1,23_45_7_0 + 23_45_7_1 + 23_45_7_2
12_56_8_2,23_45_7_1 + 23_45_7_2
12_56_9_0,23_45_8
12_56_10_0,23_45_9_0
12_56_10_1,23_45_9_1
12_56_11_1,23_45_10
12_56_12_0,23_45_11
12_56_13_0,23_45_12_0
12_56_13_1,23_45_12_1
12_56_17,23_45_16
12_56_18_0,23_45_17
12_57_6,23_46_5
12_57_7_1,23_46_6_0
12_57_7_3,23_46_6_3
12_57_7_4,23_46_6_1
12_57_8_2,23_46_7_1
12_57_8_3,23_46_7_0
12_57_8_4,23_46_7_2
12_57_9_1,23_46_8_1
12_57_9_2,23_46_8_0 + 23_46_8_1
12_57_9_5,23_46_8_2
12_57_10_1,23_46_9
12_57_11_0,23_46_10
12_57_12_0,23_46_11_1
12_57_12_1,23_46_11_0
12_57_12_2,23_46_11_2
12_57_13_1,23_46_12
12_57_14,23_46_13
12_57_15_0,23_46_14
12_57_16_0,23_46_15
12_57_17_0,23_46_16
12_57_18_0,23_46_17
12_57_19_0,23_46_18
12_57_20_0,23_46_19
12_57_22,23_46_21
12_58_6_0,23_47_5_0
12_58_6_2,23_47_5_1
12_58_7_0,23_47_6_1
12_58_7_2,23_47_6_0
12_58_8_1,23_47_7_0
12_58_8_2,23_47_7_2
12_58_8_3,23_47_7_1
12_58_9_2,23_47_8_0
12_58_9_3,23_47_8_1
12_58_11,23_47_10
12_58_13,23_47_12
12_58_14_0,23_47_13_0
12_58_14_1,23_47_13_1
12_58_15_1,23_47_14
12_58_16_0,23_47_15
12_58_17_0,23_47_16_1
12_58_18_0,23_47_17_0
12_58_18_1,23_47_17_1 + 23_47_17_0
12_58_19_0,23_47_18_0
12_58_19_1,23_47_18_1
12_58_20_0,23_47_19
12_58_21_0,23_47_20
12_59_5,23_48_4_1
12_59_6_1,23_48_5_0
12_59_7_0,23_48_6_1
12_59_7_1,23_48_6_0
12_59_8_0,23_48_7_1 + 23_48_7_0
12_59_9_0,23_48_8
12_59_10_0,23_48_9_0
12_59_10_1,23_48_9_1
12_59_11_1,23_48_10
12_59_12_0,23_48_11
12_59_13_0,23_48_12_0
12_59_13_1,23_48_12_1
12_59_14_1,23_48_13
12_59_15_0,23_48_14_0
12_59_15_1,23_48_14_1
12_59_16_1,23_48_15_0
12_59_17,23_48_16
12_59_18,23_48_17
12_60_5,23_49_4
12_60_6_0,23_49_5_0
12_60_6_2,23_49_5_1
12_60_7_0,23_49_6
12_60_9_0,23_49_8
12_60_10,23_49_9
12_60_11_0,23_49_10
12_60_12_0,23_49_11_0
12_60_12_1,23_49_11_1
12_60_15_0,23_49_14
12_60_16_0,23_49_15
12_60_17_1,23_49_16
12_61_11_0,23_50_10
12_61_14_0,23_50_13
12_61_16,23_50_15
12_61_17_0,23_50_16_0
12_61_17_1,23_50_16_1
12_61_18_0,23_50_17_1
12_61_18_1,23_50_17_0
12_62_6_0,23_51_5
12_62_7_0,23_51_6
12_62_8_0,23_51_7
12_62_9_0,23_51_8
12_62_10_0,23_51_9
12_62_11_1,23_51_10
12_62_12_0,23_51_11
12_62_13_0,23_51_12_0
12_62_13_1,23_51_12_1
12_62_16_1,23_51_15
12_62_17_0,23_51_16
12_63_6_1,23_52_5_0
12_63_6_3,23_52_5_1
12_63_7_1,23_52_6_0
12_63_7_2,23_52_6_1
12_63_8_0,23_52_7
12_63_9_0,23_52_8_0
12_63_9_3,23_52_8_1
12_63_10_1,23_52_9
12_63_11_0,23_52_10
12_63_12_0,23_52_11_0
12_63_12_1,23_52_11_1
12_63_15_0,23_52_14
12_64_5_0,23_53_4
12_64_6_0,23_53_5_1
12_64_6_2,23_53_5_0
12_64_6_5,23_53_5_2
12_64_7_0,23_53_6_1
12_64_8_0,23_53_7_0
12_64_8_2,23_53_7_1
12_64_10_0,23_53_9
12_64_12,23_53_11
12_64_13,23_53_12
12_64_14_0,23_53_13_1
12_64_14_1,23_53_13_0
12_64_15_1,23_53_14_1
12_64_15_2,23_53_14_0
12_65_5_0,23_54_4
12_65_6_1,23_54_5_0
12_65_6_2,23_54_5_1
12_65_7_1,23_54_6_0
12_65_7_2,23_54_6_1
12_65_8_1,23_54_7
12_65_9_0,23_54_8_0
12_65_10_0,23_54_9
12_65_11_0,23_54_10_1
12_65_11_1,23_54_10_0
12_65_11_3,23_54_10_2
12_65_12_0,23_54_11_2 + 23_54_11_1
12_65_12_1,23_54_11_0
12_65_12_2,23_54_11_1
12_65_13_1,23_54_12_2 + 23_54_12_1
12_65_13_2,23_54_12_0
12_65_13_3,23_54_12_1
12_65_14_1,23_54_13_1
12_65_14_2,23_54_13_0 + 23_54_13_1
12_66_5,23_55_4
12_66_6,23_55_5_1
12_66_7_0,23_55_6_0
12_66_7_1,23_55_6_2
12_66_8_0,23_55_7_2
12_66_8_1,23_55_7_0
12_66_8_2,23_55_7_1 + 23_55_7_2
12_66_9_3,23_55_8
12_66_10_0,23_55_9
12_66_11_0,23_55_10
12_66_12_0,23_55_11_0
12_66_12_1,23_55_11_1
12_66_13_1,23_55_12
12_67_6_0,23_56_5_1
12_67_6_1,23_56_5_0 + 23_56_5_1
12_67_8_0,23_56_7_0
12_67_8_2,23_56_7_1
12_67_10_0,23_56_9_0
12_67_10_1,23_56_9_1
12_67_11_1,23_56_10_0
12_67_12_1,23_56_11
12_68_5_0,23_57_4
12_68_6_0,23_57_5
12_68_7_0,23_57_6_0
12_68_7_2,23_57_6_1
12_68_9_0,23_57_8_0
12_68_9_2,23_57_8_2
12_68_10_0,23_57_9_0
12_68_10_1,23_57_9_1 + 23_57_9_0
12_68_11_0,23_57_10_1
12_68_11_1,23_57_10_0
12_69_5_0,23_58_4
12_69_8_0,23_58_7_0
12_69_8_1,23_58_7_1 + 23_58_7_0
12_69_9_0,23_58_8
12_69_10_1,23_58_9
12_70_7_0,23_59_6
12_70_8_0,23_59_7_0
12_70_8_1,23_59_7_1
12_70_9_1,23_59_8_0
12_70_9_2,23_59_8_1
12_71_5,23_60_4
12_71_6_0,23_60_5
12_71_7_0,23_60_6_0
12_71_7_2,23_60_6_1
12_71_8_1,23_60_7_0
12_72_6_0,23_61_5_0 + 23_61_5_1
12_72_6_1,23_61_5_1
12_72_7_0,23_61_6_1
12_73_6_1,23_62_5_0
12_73_6_2,23_62_5_1
13_15_4,25_3_3
13_18_3_0,25_6_2
13_21_4,25_9_3
13_23_8,25_11_7
13_26_7_0,25_14_6
13_29_8_0,25_17_7
13_30_5,25_18_4_1
13_30_6,25_18_5
13_31_12,25_19_11
13_32_7_0,25_20_6
13_33_4,25_21_3
13_33_6_1,25_21_5
13_34_5_1,25_22_4
13_34_11_0,25_22_10
13_35_7_0,25_23_6
13_37_12_0,25_25_11
13_38_7_0,25_26_6
13_38_10,25_26_9
13_39_16,25_27_15
13_40_11_0,25_28_10
13_41_10_0,25_29_9
13_42_6,25_30_5
13_42_15_0,25_30_14
13_43_11_0,25_31_10_0
13_44_10_0,25_32_9
13_45_6,25_33_5
13_45_16_0,25_33_15
13_46_7_0,25_34_6_1
13_46_11_0,25_34_10
13_46_14,25_34_13
13_47_6_0,25_35_5
13_47_10_0,25_35_9
13_47_20,25_35_19
13_48_15_0,25_36_14
13_49_4,25_37_3
13_49_8_0,25_37_7_1
13_49_11_0,25_37_10
13_49_14_0,25_37_13
13_50_7,25_38_6_2
13_50_10_1,25_38_9_1
13_50_19_0,25_38_18
13_51_8_0,25_39_7_1
13_51_15_0,25_39_14
13_52_5_1,25_40_4_3
13_52_7_1,25_40_6_1
13_52_14_0,25_40_13
13_53_6_1,25_41_5_3
13_53_20_0,25_41_19
13_54_9_1,25_42_8
13_54_15_0,25_42_14
13_54_18,25_42_17
13_55_14_0,25_43_13
13_55_24,25_43_23
13_56_5_1,25_44_4_0
13_56_19_0,25_44_18
13_57_8_1,25_45_7_2
13_57_18_0,25_45_17
13_58_14_1,25_46_13
13_59_7_1,25_47_6_2
13_59_19_0,25_47_18_0
13_60_10,25_48_9_1
13_60_18_0,25_48_17
13_61_7_2,25_49_6
13_62_5,25_50_4
13_63_8_0,25_51_7
13_63_9_1,25_51_8
13_64_5_0,25_52_4
13_64_7_1,25_52_6_1
13_65_6_1,25_53_5_2
13_65_7_3,25_53_6_1
13_65_8_0,25_53_7
13_66_11_3,25_54_10_1
13_67_6_0,25_55_5_1
13_67_7_1,25_55_6
13_69_10,25_57_9_2
14_13_2,27_0_1
14_13_3,27_0_2
14_13_4,27_0_3
14_13_5,27_0_4
14_13_6,27_0_5
14_13_7,27_0_6
14_13_8,27_0_7
14_13_9,27_0_8
14_13_10,27_0_9
14_13_11,27_0_10
14_13_12,27_0_11
14_13_13,27_0_12
14_13_14,27_0_13
14_13_15,27_0_14
14_13_16,27_0_15
14_13_17,27_0_16
14_13_18,27_0_17
14_13_19,27_0_18
14_13_20,27_0_19
14_13_21,27_0_20
14_13_22,27_0_21
14_13_23,27_0_22
14_13_24,27_0_23
14_13_25,27_0_24
14_13_26,27_0_25
14_13_27,27_0_26
14_15_3,27_2_2
14_16_2,27_3_1
14_16_3,27_3_2
14_16_4,27_3_3
14_19_3_0,27_6_2
14_20_3,27_7_2
14_20_4_0,27_7_3
14_20_5_0,27_7_4
14_22_4_0,27_9_3
14_23_7,27_10_6
14_24_6,27_11_5
14_24_7,27_11_6
14_24_8,27_11_7
14_27_4,27_14_3
14_27_6,27_14_5
14_27_7,27_14_6
14_28_3,27_15_2
14_28_4,27_15_3
14_28_5,27_15_4
14_28_6,27_15_5_1 + 27_15_5_0
14_28_7,27_15_6
14_28_8_0,27_15_7
14_28_9_0,27_15_8
14_29_7_0,27_16_6
14_30_4_1,27_17_3
14_30_6_0,27_17_5
14_30_7_0,27_17_6
14_30_8_0,27_17_7
14_31_3,27_18_2
14_31_4,27_18_3
14_31_5_0,27_18_4_1
14_31_5_1,27_18_4_0
14_31_6,27_18_5
14_31_11,27_18_10
14_32_4_1,27_19_3
14_32_10,27_19_9
14_32_11,27_19_10
14_32_12,27_19_11
14_33_6_0,27_20_5
14_33_7_0,27_20_6
14_34_4,27_21_3
14_34_6_0,27_21_5
14_35_5_0,27_22_4
14_35_10,27_22_9
14_35_11,27_22_10
14_36_6_0,27_23_5
14_36_7_0,27_23_6
14_36_9,27_23_8
14_36_10,27_23_9_1 + 27_23_9_0
14_36_11,27_23_10
14_36_12_0,27_23_11
14_36_13_0,27_23_12
14_37_6_1,27_24_5
14_37_11_0,27_24_10
14_38_9_0,27_25_8
14_38_10_0,27_25_9
14_38_11_0,27_25_10
14_38_12_0,27_25_11
14_39_7_0,27_26_6
14_39_9_0,27_26_8
14_39_10,27_26_9
14_39_15,27_26_14
14_40_14,27_27_13
14_40_15,27_27_14
14_40_16,27_27_15
14_41_4_0,27_28_3
14_41_9,27_28_8
14_41_10_0,27_28_9
14_41_11_0,27_28_10
14_42_5,27_29_4
14_42_9_0,27_29_8
14_42_10,27_29_9
14_43_4,27_30_3
14_43_5,27_30_4
14_43_6,27_30_5
14_43_8,27_30_7
14_43_9,27_30_8
14_43_10,27_30_9
14_43_11_0,27_30_10
14_43_12_0,27_30_11
14_43_14,27_30_13
14_43_15,27_30_14
14_44_4,27_31_3
14_44_6_0,27_31_5_1
14_44_7,27_31_6
14_44_8,27_31_7
14_44_9_0,27_31_8_1 + 27_31_8_0
14_44_9_1,27_31_8_0
14_44_10_0,27_31_9_0
14_44_10_1,27_31_9_1 + 27_31_9_0
14_44_11_0,27_31_10_0
14_44_11_1,27_31_10_1
14_44_12_1,27_31_11
14_44_13,27_31_12
14_44_14,27_31_13_1 + 27_31_13_0
14_44_15,27_31_14
14_44_16_0,27_31_15
14_44_17_0,27_31_16
14_45_5_1,27_32_4
14_45_8,27_32_7
14_45_9_0,27_32_8
14_45_10_0,27_32_9
14_45_15_0,27_32_14
14_46_5,27_33_4
14_46_6_0,27_33_5
14_46_8_0,27_33_7
14_46_14_0,27_33_13
14_46_15_0,27_33_14
14_46_16_0,27_33_15
14_47_4,27_34_3
14_47_5_0,27_34_4_1
14_47_5_1,27_34_4_0 + 27_34_4_1
14_47_6_0,27_34_5
14_47_7_0,27_34_6_0
14_47_7_1,27_34_6_1
14_47_9,27_34_8
14_47_10_0,27_34_9
14_47_11_0,27_34_10
14_47_13_0,27_34_12
14_47_14,27_34_13
14_47_19,27_34_18
14_48_5_0,27_35_4
14_48_6_0,27_35_5_0
14_48_6_1,27_35_5_1
14_48_9_0,27_35_8
14_48_10,27_35_9
14_48_18,27_35_17
14_48_19,27_35_18
14_48_20,27_35_19
14_49_7_0,27_36_6_0
14_49_8_0,27_36_7
14_49_13,27_36_12
14_49_14_0,27_36_13
14_49_15_0,27_36_14
14_50_4_0,27_37_3
14_50_6_0,27_37_5_0
14_50_7_0,27_37_6_1
14_50_7_1,27_37_6_0
14_50_8_0,27_37_7_2 + 27_37_7_1
14_50_8_1,27_37_7_0
14_50_8_2,27_37_7_1
14_50_9_0,27_37_8_2
14_50_9_1,27_37_8_0
14_50_9_2,27_37_8_1
14_50_10_1,27_37_9
14_50_11_0,27_37_10
14_50_13_0,27_37_12
14_50_14,27_37_13
14_51_4,27_38_3
14_51_5_0,27_38_4_2
14_51_6_1,27_38_5_1
14_51_6_2,27_38_5_0 + 27_38_5_1
14_51_7_1,27_38_6_0
14_51_7_2,27_38_6_1
14_51_8_0,27_38_7_1
14_51_8_1,27_38_7_0 + 27_38_7_1
14_51_9_0,27_38_8_1
14_51_9_1,27_38_8_0
14_51_10_0,27_38_9_1
14_51_10_1,27_38_9_0
14_51_18,27_38_17
14_51_19,27_38_18
14_52_6_1,27_39_5
14_52_8_0,27_39_7
14_52_13,27_39_12
14_52_14_0,27_39_13
14_52_15_0,27_39_14
14_52_17,27_39_16
14_52_18,27_39_17_1 + 27_39_17_0
14_52_19,27_39_18
14_52_20_0,27_39_19
14_52_21_0,27_39_20
14_53_5_0,27_40_4_2
14_53_5_2,27_40_4_1
14_53_6_0,27_40_5_1
14_53_6_1,27_40_5_0 + 27_40_5_1
14_53_7_0,27_40_6_1
14_53_7_1,27_40_6_0
14_53_12,27_40_11
14_53_13_0,27_40_12
14_53_14_0,27_40_13
14_53_19_0,27_40_18
14_54_4_1,27_41_3_1
14_54_5_0,27_41_4_1
14_54_5_1,27_41_4_0 + 27_41_4_1
14_54_6_0,27_41_5_2
14_54_6_1,27_41_5_1 + 27_41_5_2
14_54_8_1,27_41_7
14_54_11_1,27_41_10
14_54_12_0,27_41_11
14_54_17_0,27_41_16
14_54_18_0,27_41_17
14_54_19_0,27_41_18
14_54_20_0,27_41_19
14_55_7_0,27_42_6
14_55_8_0,27_42_7_1
14_55_8_1,27_42_7_0
14_55_9_0,27_42_8_1
14_55_9_1,27_42_8_0
14_55_10_0,27_42_9_0
14_55_10_1,27_42_9_1
14_55_11_1,27_42_10
14_55_13,27_42_12
14_55_14_0,27_42_13
14_55_15_0,27_42_14
14_55_17_0,27_42_16
14_55_18,27_42_17
14_55_23,27_42_22
14_56_5_0,27_43_4
14_56_7_0,27_43_6
14_56_9_0,27_43_8
14_56_10_0,27_43_9
14_56_12_0,27_43_11
14_56_13_0,27_43_12
14_56_14,27_43_13
14_56_22,27_43_21
14_56_23,27_43_22
14_57_5_1,27_44_4_0
14_57_6_0,27_44_5_1
14_57_6_1,27_44_5_0
14_57_7,27_44_6_1
14_57_11_0,27_44_10_0
14_57_11_1,27_44_10_1
14_57_12_1,27_44_11
14_57_17,27_44_16
14_57_18_0,27_44_17
14_57_19_0,27_44_18
14_58_5,27_45_4_1
14_58_6_1,27_45_5_1
14_58_7_0,27_45_6_1
14_58_7_1,27_45_6_0 + 27_45_6_1
14_58_8_0,27_45_7_1
14_58_8_1,27_45_7_0 + 27_45_7_1
14_58_10,27_45_9_0
14_58_11_1,27_45_10
14_58_12,27_45_11
14_58_13_0,27_45_12_0
14_58_13_1,27_45_12_1
14_58_17_0,27_45_16
14_58_18,27_45_17
14_59_7_0,27_46_6_0 + 27_46_6_1
14_59_8_0,27_46_7_0
14_59_9_1,27_46_8_0
14_59_10_0,27_46_9
14_59_11_0,27_46_10
14_59_12_0,27_46_11_0
14_59_12_1,27_46_11_1
14_59_13_1,27_46_12
14_59_14,27_46_13
14_59_16_0,27_46_15
14_59_17,27_46_16
14_59_18,27_46_17
14_59_19_0,27_46_18
14_59_20_0,27_46_19
14_60_6_0,27_47_5_1
14_60_7_0,27_47_6
14_60_8_0,27_47_7
14_60_9_2,27_47_8_0
14_60_11_0,27_47_10
14_60_14_0,27_47_13_1
14_60_15_1,27_47_14
14_60_16,27_47_15
14_60_17_0,27_47_16_1
14_60_17_1,27_47_16_0
14_60_18_0,27_47_17_0
14_60_18_1,27_47_17_1 + 27_47_17_0
14_60_19_0,27_47_18_0
14_60_19_1,27_47_18_1
14_61_5,27_48_4_1
14_61_6_0,27_48_5_0
14_61_6_1,27_48_5_1
14_61_7_0,27_48_6_1
14_61_7_1,27_48_6_0
14_61_8_0,27_48_7_1 + 27_48_7_0
14_61_8_1,27_48_7_0
14_61_9_0,27_48_8_1
14_61_9_1,27_48_8_0 + 27_48_8_1
14_61_10_0,27_48_9_1
14_61_10_1,27_48_9_0 + 27_48_9_1
14_61_10_4,27_48_9_2
14_61_11_0,27_48_10
14_61_13_0,27_48_12
14_61_16,27_48_15
14_61_17_0,27_48_16
14_61_18_0,27_48_17
14_62_5_0,27_49_4
14_62_6_0,27_49_5_1
14_62_6_1,27_49_5_0 + 27_49_5_1
14_62_6_2,27_49_5_2
14_62_7_0,27_49_6_1
14_62_7_1,27_49_6_0 + 27_49_6_1
14_62_8_0,27_49_7_0
14_62_8_1,27_49_7_1
14_62_9_0,27_49_8
14_62_10_0,27_49_9
14_62_12_0,27_49_11
14_62_15_1,27_49_14
14_62_16_0,27_49_15
14_63_5,27_50_4
14_63_7_0,27_50_6_0
14_63_7_3,27_50_6_1
14_63_12_1,27_50_11
14_63_13,27_50_12
14_63_14_0,27_50_13_0
14_63_14_1,27_50_13_1
14_63_15_1,27_50_14
14_64_7_0,27_51_6
14_64_8_0,27_51_7_1
14_64_8_1,27_51_7_0
14_64_9_1,27_51_8_0
14_64_9_2,27_51_8_1
14_64_10_1,27_51_9_0
14_64_11,27_51_10
14_64_13_0,27_51_12_0
14_64_13_1,27_51_12_1
14_64_14_1,27_51_13
14_65_5_0,27_52_4
14_65_6_2,27_52_5_0
14_65_6_3,27_52_5_1
14_65_7_1,27_52_6_0
14_65_7_2,27_52_6_1
14_65_8_0,27_52_7_0
14_65_8_2,27_52_7_1 + 27_52_7_0
14_65_9_1,27_52_8_0
14_65_9_2,27_52_8_1
14_65_10_0,27_52_9
14_65_12_0,27_52_11
14_66_5,27_53_4
14_66_6_0,27_53_5_1
14_66_6_1,27_53_5_2
14_66_7_0,27_53_6_1
14_66_7_2,27_53_6_0
14_66_8_1,27_53_7
14_66_10_2,27_53_9
14_66_12_0,27_53_11
14_66_13,27_53_12
14_67_9_0,27_54_8_0
14_67_9_2,27_54_8_1
14_67_10_0,27_54_9_1
14_67_10_1,27_54_9_0
14_67_11_0,27_54_10_1
14_67_11_1,27_54_10_0
14_67_11_3,27_54_10_2
14_67_12_0,27_54_11_2 + 27_54_11_1
14_67_12_1,27_54_11_0
14_68_6_0,27_55_5
14_68_7_2,27_55_6
14_68_8_3,27_55_7_0 + 27_55_7_1
14_68_9_1,27_55_8
14_68_10_0,27_55_9
14_69_10_0,27_56_9
14_70_9_0,27_57_8_0 + 27_57_8_2 + 27_57_8_1
14_70_9_1,27_57_8_1
14_70_9_2,27_57_8_2
14_71_6_0,27_58_5
14_71_8,27_58_7_1 + 27_58_7_0
14_72_5,27_59_4
14_72_7,27_59_6_0
14_73_6,27_60_5
15_15_2,29_1_1
15_16_3,29_2_2
15_17_4_0,29_3_3
15_22_3,29_8_2
15_23_4_0,29_9_3
15_23_5_0,29_9_4
15_24_7,29_10_6
15_25_8_0,29_11_7
15_29_6,29_15_5_0
15_30_3,29_16_2
15_30_7_0,29_16_6
15_31_4,29_17_3
15_31_8_0,29_17_7
15_31_9_0,29_17_8
15_31_10_1,29_17_9
15_32_5,29_18_4_1
15_32_6_0,29_18_5
15_32_11,29_18_10
15_33_4_1,29_19_3
15_33_12_0,29_19_11
15_35_6,29_21_5
15_36_5_1,29_22_4
15_37_5,29_23_4
15_37_10_0,29_23_9_0
15_38_6_0,29_24_5
15_38_11_0,29_24_10
15_39_12_0,29_25_11
15_39_13_0,29_25_12
15_40_10_0,29_26_9
15_40_15,29_26_14
15_41_16_0,29_27_15
15_43_10,29_29_9
15_45_4,29_31_3
15_45_6_0,29_31_5_0
15_45_14,29_31_13_0
15_46_5_1,29_32_4
15_46_7_1,29_32_6
15_46_10_0,29_32_9
15_46_15_0,29_32_14
15_47_4,29_33_3
15_47_6_0,29_33_5
15_47_8_0,29_33_7
15_47_16_0,29_33_15
15_47_17_0,29_33_16
15_47_18_1,29_33_17
15_48_5_0,29_34_4_1
15_48_7_1,29_34_6
15_48_14_0,29_34_13
15_48_19,29_34_18
15_49_6_1,29_35_5
15_49_10,29_35_9
15_49_20_0,29_35_19
15_50_5,29_36_4
15_50_7_1,29_36_6_1
15_51_8_0,29_37_7_1
15_51_14,29_37_13
15_52_7_0,29_38_6_1
15_52_10_0,29_38_9
15_53_4,29_39_3_1
15_53_6_0,29_39_5
15_53_8_1,29_39_7
15_53_18_0,29_39_17_0
15_54_5_0,29_40_4_2
15_54_5_1,29_40_4_0 + 29_40_4_2
15_54_6_0,29_40_5_2
15_54_7_0,29_40_6_0
15_54_11_0,29_40_10
15_54_14_0,29_40_13
15_54_19_0,29_40_18
15_55_6_1,29_41_5_0
15_55_6_3,29_41_5_1
15_55_8_1,29_41_7
15_55_12_0,29_41_11
15_55_20_0,29_41_19
15_55_21_0,29_41_20
15_56_9_0,29_42_8_1
15_56_18_0,29_42_17
15_56_23,29_42_22
15_57_14,29_43_13
15_59_6,29_45_5_1
15_59_18,29_45_17
15_60_7_1,29_46_6_1
15_60_9_1,29_46_8_1
15_61_6_0,29_47_5_0
15_61_7_3,29_47_6
15_61_8_0,29_47_7
15_61_9_0,29_47_8_0
15_61_9_2,29_47_8_1
15_62_5_0,29_48_4_0 + 29_48_4_1
15_62_5_2,29_48_4_2
15_62_7_0,29_48_6_0
15_62_8_2,29_48_7_2 + 29_48_7_1
15_62_10_0,29_48_9_1
15_62_10_1,29_48_9_2
15_62_15_0,29_48_14
15_63_6_1,29_49_5_1
15_63_7_1,29_49_6_2
15_63_16_0,29_49_15
15_64_5_1,29_50_4
15_64_7_2,29_50_6
15_65_10_0,29_51_9_1
15_66_7_1,29_52_6_1
15_66_9_1,29_52_8_1
15_67_6_1,29_53_5_2
15_67_7_1,29_53_6_0
15_67_8_1,29_53_7_0
15_67_8_2,29_53_7_1
15_68_5_0,29_54_4
15_68_11_0,29_54_10_1
15_69_6_0,29_55_5
15_69_7_0,29_55_6
15_69_8_0,29_55_7_1
15_69_8_3,29_55_7_0 + 29_55_7_1
16_15_1,31_0_0
16_15_2_1,31_0_1
16_15_3_1,31_0_2
16_15_4_1,31_0_3
16_15_5_2,31_0_4
16_15_6_1,31_0_5
16_15_7_1,31_0_6
16_15_8_1,31_0_7
16_15_9,31_0_8
16_15_10,31_0_9
16_15_11,31_0_10
16_15_12,31_0_11
16_15_13,31_0_12
16_15_14,31_0_13
16_15_15,31_0_14
16_15_16,31_0_15
16_15_17,31_0_16
16_15_18,31_0_17
16_15_19,31_0_18
16_15_20,31_0_19
16_15_21,31_0_20
16_15_22,31_0_21
16_15_23,31_0_22
16_15_24,31_0_23
16_15_25,31_0_24
16_15_26,31_0_25
16_15_27,31_0_26
16_16_2_0,31_1_1
16_17_3_0,31_2_2
16_18_2_0,31_3_1
16_18_3_0,31_3_2
16_18_4_0,31_3_3
16_21_3_0,31_6_2
16_22_2,31_7_1
16_22_3_0,31_7_2
16_22_4_0,31_7_3
16_22_5_0,31_7_4
16_23_3_0,31_8_2
16_23_4_1,31_8_3
16_24_4_0,31_9_3
16_24_5_1,31_9_4
16_24_6_1,31_9_5
16_25_7,31_10_6
16_26_6_0,31_11_5
16_26_7_0,31_11_6
16_26_8_0,31_11_7
16_29_3,31_14_2
16_29_4_0,31_14_3
16_29_5_1,31_14_4
16_29_6_0,31_14_5
16_29_7_0,31_14_6
16_30_2,31_15_1
16_30_3_0,31_15_2
16_30_4_0,31_15_3
16_30_5_0,31_15_4
16_30_6_0,31_15_5_1 + 31_15_5_0
16_30_6_1,31_15_5_0
16_30_7_1,31_15_6
16_30_8_0,31_15_7
16_30_9_0,31_15_8
16_31_3_0,31_16_2
16_31_7,31_16_6
16_31_8_1,31_16_7
16_32_4_0,31_17_3
16_32_5_1,31_17_4
16_32_6_0,31_17_5
16_32_7_0,31_17_6
16_32_8_0,31_17_7
16_32_9_1,31_17_8
16_32_10_1,31_17_9
16_33_3,31_18_2
16_33_4_0,31_18_3
16_33_5_0,31_18_4_1
16_33_5_2,31_18_4_0
16_33_6_0,31_18_5
16_33_11,31_18_10
16_34_4_1,31_19_3
16_34_10_0,31_19_9
16_34_11_0,31_19_10
16_34_12_0,31_19_11
16_35_5_1,31_20_4
16_35_6_0,31_20_5
16_35_7_0,31_20_6
16_36_4,31_21_3
16_36_6_0,31_21_5
16_37_5_0,31_22_4
16_37_9_0,31_22_8
16_37_10_0,31_22_9
16_37_11_0,31_22_10
16_38_5,31_23_4
16_38_6_2,31_23_5
16_38_7_0,31_23_6
16_38_8_1,31_23_7
16_38_9_0,31_23_8
16_38_10_0,31_23_9_1 + 31_23_9_0
16_38_10_1,31_23_9_0
16_38_11_1,31_23_10
16_38_12_0,31_23_11
16_38_13_0,31_23_12
16_39_6,31_24_5
16_39_11,31_24_10
16_39_12_1,31_24_11
16_40_9,31_25_8
16_40_10_0,31_25_9
16_40_11_0,31_25_10
16_40_12_0,31_25_11
16_40_13_1,31_25_12
16_40_14_1,31_25_13
16_41_7_0,31_26_6
16_41_8_1,31_26_7
16_41_9_0,31_26_8
16_41_10_0,31_26_9
16_41_15,31_26_14
16_42_14_0,31_27_13
16_42_15_0,31_27_14
16_42_16_0,31_27_15
16_43_9,31_28_8
16_43_10_0,31_28_9
16_43_11_0,31_28_10
16_44_8,31_29_7
16_44_9_0,31_29_8
16_44_10_0,31_29_9
16_45_3,31_30_2
16_45_4_0,31_30_3
16_45_5_0,31_30_4
16_45_6_0,31_30_5
16_45_7_0,31_30_6
16_45_8_0,31_30_7
16_45_9_0,31_30_8
16_45_10_0,31_30_9
16_45_11_0,31_30_10
16_45_12_0,31_30_11
16_45_13_1,31_30_12
16_45_14_0,31_30_13
16_45_15_0,31_30_14
16_46_3,31_31_2
16_46_4_0,31_31_3_1
16_46_4_1,31_31_3_0
16_46_5_1,31_31_4
16_46_6_0,31_31_5_1
16_46_6_1,31_31_5_0
16_46_7_1,31_31_6
16_46_8_0,31_31_7
16_46_9_0,31_31_8_1 + 31_31_8_0
16_46_9_1,31_31_8_0
16_46_10_0,31_31_9_0
16_46_10_1,31_31_9_1 + 31_31_9_0
16_46_11_0,31_31_10_0
16_46_11_1,31_31_10_1
16_46_12_1,31_31_11
16_46_13_0,31_31_12
16_46_14_0,31_31_13_1 + 31_31_13_0
16_46_14_1,31_31_13_0
16_46_15_1,31_31_14
16_46_16_0,31_31_15
16_46_17_0,31_31_16
16_47_3,31_32_2
16_47_4_1,31_32_3
16_47_5_0,31_32_4
16_47_7_1,31_32_6
16_47_8_1,31_32_7
16_47_9_0,31_32_8
16_47_10_0,31_32_9
16_47_15,31_32_14
16_47_16_1,31_32_15
16_48_4_0,31_33_3
16_48_5_1,31_33_4_0
16_48_5_2,31_33_4_1
16_48_6_0,31_33_5
16_48_8_0,31_33_7
16_48_13,31_33_12
16_48_14_0,31_33_13
16_48_15_0,31_33_14
16_48_16_0,31_33_15
16_48_17_1,31_33_16
16_48_18_1,31_33_17
16_49_3,31_34_2
16_49_4_0,31_34_3_1
16_49_4_1,31_34_3_0 + 31_34_3_1
16_49_5_0,31_34_4_1
16_49_5_1,31_34_4_0 + 31_34_4_1
16_49_6_1,31_34_5
16_49_7_0,31_34_6
16_49_9_1,31_34_8
16_49_10_0,31_34_9
16_49_11_0,31_34_10
16_49_12_1,31_34_11
16_49_13_0,31_34_12
16_49_14_0,31_34_13
16_49_19,31_34_18
16_50_4_1,31_35_3
16_50_6_0,31_35_5
16_50_8_1,31_35_7
16_50_9_0,31_35_8
16_50_10_0,31_35_9
16_50_18_0,31_35_17
16_50_19_0,31_35_18
16_50_20_0,31_35_19
16_51_7_1,31_36_6
16_51_13,31_36_12
16_51_14_0,31_36_13
16_51_15_0,31_36_14
16_52_4_0,31_37_3
16_52_5_1,31_37_4
16_52_6_1,31_37_5
16_52_7_0,31_37_6
16_52_8_0,31_37_7_1 + 31_37_7_0
16_52_8_1,31_37_7_0
16_52_9_1,31_37_8_1
16_52_9_2,31_37_8_0
16_52_10_1,31_37_9
16_52_11_0,31_37_10
16_52_12,31_37_11
16_52_13_0,31_37_12
16_52_14_0,31_37_13
16_53_3,31_38_2
16_53_4_0,31_38_3_1
16_53_4_1,31_38_3_0 + 31_38_3_1
16_53_5_0,31_38_4_3
16_53_5_1,31_38_4_0 + 31_38_4_1 + 31_38_4_3
16_53_5_3,31_38_4_1 + 31_38_4_3
16_53_5_5,31_38_4_2
16_53_6_1,31_38_5_1
16_53_6_2,31_38_5_0 + 31_38_5_1
16_53_7_1,31_38_6_0
16_53_7_2,31_38_6_1
16_53_7_4,31_38_6_2
16_53_8_1,31_38_7
16_53_9_0,31_38_8
16_53_10_0,31_38_9
16_53_17_0,31_38_16
16_53_18_0,31_38_17
16_53_19_0,31_38_18
16_54_4_0,31_39_3_1
16_54_4_1,31_39_3_0 + 31_39_3_1
16_54_5_2,31_39_4_0
16_54_5_3,31_39_4_1
16_54_6_1,31_39_5_0
16_54_6_2,31_39_5_1
16_54_8_0,31_39_7
16_54_10_0,31_39_9
16_54_13_0,31_39_12
16_54_14_0,31_39_13
16_54_15_0,31_39_14
16_54_16_1,31_39_15
16_54_17_0,31_39_16
16_54_18_0,31_39_17_1 + 31_39_17_0
16_54_18_1,31_39_17_0
16_54_19_1,31_39_18
16_54_20_0,31_39_19
16_54_21_0,31_39_20
16_55_5_0,31_40_4_2
16_55_5_1,31_40_4_0 + 31_40_4_2
16_55_5_3,31_40_4_1
16_55_6_0,31_40_5_1
16_55_6_3,31_40_5_0
16_55_6_4,31_40_5_2
16_55_7_0,31_40_6_1
16_55_7_2,31_40_6_0
16_55_7_4,31_40_6_2
16_55_8_2,31_40_7
16_55_9_1,31_40_8
16_55_11_0,31_40_10
16_55_12_1,31_40_11
16_55_13_0,31_40_12
16_55_14_0,31_40_13
16_55_19,31_40_18
16_55_20_1,31_40_19
16_56_4_1,31_41_3_0
16_56_4_2,31_41_3_1
16_56_5_0,31_41_4_1
16_56_5_1,31_41_4_0 + 31_41_4_1
16_56_6_0,31_41_5_1
16_56_6_1,31_41_5_0 + 31_41_5_1
16_56_8_0,31_41_7
16_56_9_1,31_41_8
16_56_11_0,31_41_10
16_56_12_0,31_41_11
16_56_17,31_41_16
16_56_18_0,31_41_17
16_56_19_0,31_41_18
16_56_20_0,31_41_19
16_56_21_1,31_41_20
16_56_22_1,31_41_21
16_57_7,31_42_6
16_57_8_0,31_42_7_1
16_57_8_1,31_42_7_0 + 31_42_7_1
16_57_9_0,31_42_8_1
16_57_9_1,31_42_8_0
16_57_10_1,31_42_9_0
16_57_10_2,31_42_9_1
16_57_13,31_42_12
16_57_14_0,31_42_13
16_57_15_0,31_42_14
16_57_16_1,31_42_15
16_57_17_0,31_42_16
16_57_18_0,31_42_17
16_58_12,31_43_11
16_58_13_0,31_43_12
16_58_14_0,31_43_13
16_59_5_1,31_44_4
16_59_6_0,31_44_5
16_59_7_0,31_44_6
16_59_11_0,31_44_10
16_59_17,31_44_16
16_59_18_0,31_44_17
16_59_19_0,31_44_18
16_60_4,31_45_3
16_60_5_0,31_45_4_1
16_60_5_1,31_45_4_0 + 31_45_4_1
16_60_6_0,31_45_5_0
16_60_6_1,31_45_5_1
16_60_6_3,31_45_5_2 + 31_45_5_1
16_60_7_1,31_45_6_1
16_60_7_2,31_45_6_0 + 31_45_6_1
16_60_8_0,31_45_7_1
16_60_8_1,31_45_7_0
16_60_9_1,31_45_8
16_60_10_0,31_45_9
16_60_13_0,31_45_12
16_60_16,31_45_15
16_60_17_0,31_45_16
16_60_18_0,31_45_17
16_61_4,31_46_3
16_61_5_0,31_46_4_1
16_61_5_1,31_46_4_0
16_61_6_1,31_46_5
16_61_7_0,31_46_6_0
16_61_7_2,31_46_6_1
16_61_8_1,31_46_7_1
16_61_8_2,31_46_7_0
16_61_8_3,31_46_7_2
16_61_9_1,31_46_8_0
16_61_9_2,31_46_8_1
16_61_10_1,31_46_9
16_61_11_0,31_46_10
16_61_12_0,31_46_11
16_61_15,31_46_14
16_61_16_0,31_46_15
16_61_17_0,31_46_16
16_61_18_0,31_46_17
16_62_4,31_47_3
16_62_5_1,31_47_4
16_62_6_1,31_47_5_0
16_62_6_2,31_47_5_1
16_62_7_0,31_47_6
16_62_8_1,31_47_7
16_62_9_1,31_47_8_0
16_62_9_2,31_47_8_1
16_62_9_3,31_47_8_2
16_62_10_2,31_47_9
16_62_11_0,31_47_10
16_62_14_0,31_47_13_0
16_62_14_1,31_47_13_1
16_62_15_1,31_47_14
16_62_16_0,31_47_15
16_62_17_0,31_47_16_1
16_62_17_1,31_47_16_0
16_63_5_0,31_48_4_0 + 31_48_4_1
16_63_5_1,31_48_4_1
16_63_5_2,31_48_4_2
16_63_6_3,31_48_5_0
16_63_6_4,31_48_5_1
16_63_7_0,31_48_6_1
16_63_7_1,31_48_6_0 + 31_48_6_1
16_63_8_0,31_48_7_2 + 31_48_7_1
16_63_8_1,31_48_7_0
16_63_8_3,31_48_7_1
16_63_9_0,31_48_8_1
16_63_9_2,31_48_8_0 + 31_48_8_1
16_63_10_0,31_48_9_1
16_63_10_1,31_48_9_0 + 31_48_9_1
16_63_10_3,31_48_9_2
16_63_11_1,31_48_10
16_63_12,31_48_11
16_63_13,31_48_12
16_63_15_0,31_48_14
16_63_16_1,31_48_15
16_64_4,31_49_3
16_64_5_0,31_49_4_1
16_64_5_1,31_49_4_0 + 31_49_4_1
16_64_6_0,31_49_5_1
16_64_6_1,31_49_5_0 + 31_49_5_1
16_64_6_5,31_49_5_2
16_64_7_0,31_49_6_2
16_64_7_2,31_49_6_0 + 31_49_6_2
16_64_7_3,31_49_6_1 + 31_49_6_0 + 31_49_6_2
16_64_8_1,31_49_7
16_64_12,31_49_11
16_64_13_1,31_49_12
16_64_15_0,31_49_14
16_65_5_1,31_50_4_0
16_65_5_2,31_50_4_1
16_65_6_2,31_50_5
16_65_7_1,31_50_6_0
16_65_7_2,31_50_6_1
16_65_11_0,31_50_10
16_65_12_1,31_50_11
16_65_13_0,31_50_12
16_65_14_0,31_50_13_0
16_65_14_1,31_50_13_1
16_66_6_1,31_51_5_0
16_66_6_2,31_51_5_1
16_66_7_0,31_51_6_1
16_66_7_2,31_51_6_0 + 31_51_6_1
16_66_8_0,31_51_7_1
16_66_8_1,31_51_7_0
16_66_9_1,31_51_8_0
16_66_9_2,31_51_8_1
16_66_10_1,31_51_9
16_66_13,31_51_12
16_67_5,31_52_4
16_67_6_1,31_52_5_0
16_67_6_3,31_52_5_1
16_67_6_4,31_52_5_2
16_67_7_2,31_52_6_1
16_67_7_3,31_52_6_0 + 31_52_6_1
16_67_8_2,31_52_7
16_67_9_0,31_52_8
16_67_12_0,31_52_11
16_68_4,31_53_3
16_68_5_0,31_53_4
16_68_6_0,31_53_5_1
16_68_6_2,31_53_5_0
16_68_6_3,31_53_5_2
16_68_7_1,31_53_6_1
16_68_7_3,31_53_6_0
16_68_8_2,31_53_7_0
16_68_8_3,31_53_7_1
16_68_10_1,31_53_9
16_68_11_1,31_53_10_0
16_68_11_2,31_53_10_1
16_69_5_0,31_54_4
16_69_6_1,31_54_5
16_69_7_1,31_54_6_0
16_69_7_3,31_54_6_1
16_69_7_4,31_54_6_2
16_69_8_2,31_54_7
16_69_9_0,31_54_8_0
16_69_9_2,31_54_8_1
16_69_10_0,31_54_9_1
16_69_10_1,31_54_9_0 + 31_54_9_1
16_70_6_0,31_55_5
16_70_7_1,31_55_6
16_70_8_1,31_55_7_0
16_70_8_2,31_55_7_2
16_70_8_3,31_55_7_1
17_31_9_1,33_15_8
17_46_6_1,33_30_5
17_47_17_1,33_31_16
17_53_11,33_37_10
17_54_10_2,33_38_9
17_61_5_2,33_45_4_1
17_64_10_1,33_48_9_2 + 33_48_9_1
18_17_2,35_0_1
18_17_3_1,35_0_2
18_17_4_1,35_0_3
18_17_5_1,35_0_4
18_17_6_1,35_0_5
18_17_7_1,35_0_6
18_17_8_1,35_0_7
18_17_9_1,35_0_8
18_17_10,35_0_9
18_17_11,35_0_10
18_17_12,35_0_11
18_17_13,35_0_12
18_17_14,35_0_13
18_17_15,35_0_14
18_17_16,35_0_15
18_17_17,35_0_16
18_17_18,35_0_17
18_17_19,35_0_18
18_17_20,35_0_19
18_17_21,35_0_20
18_17_22,35_0_21
18_17_23,35_0_22
18_17_24,35_0_23
18_17_25,35_0_24
18_17_26,35_0_25
18_17_27,35_0_26
18_20_3,35_3_2
18_20_4_0,35_3_3
18_24_3,35_7_2
18_24_4_0,35_7_3
18_24_5_0,35_7_4
18_26_5,35_9_4
18_28_6,35_11_5
18_28_7,35_11_6
18_28_8_0,35_11_7
18_31_4,35_14_3
18_31_6,35_14_5
18_31_7,35_14_6
18_32_3,35_15_2
18_32_4_0,35_15_3
18_32_5_0,35_15_4
18_32_6_0,35_15_5_1 + 35_15_5_0
18_32_7_1,35_15_6
18_32_8_0,35_15_7
18_32_9_0,35_15_8
18_34_6_0,35_17_5
18_34_7,35_17_6
18_34_8_0,35_17_7
18_34_9_0,35_17_8
18_35_4,35_18_3
18_35_5_0,35_18_4_1
18_35_6_0,35_18_5
18_36_10,35_19_9
18_36_11,35_19_10
18_36_12_0,35_19_11
18_37_6_0,35_20_5
18_37_7_0,35_20_6
18_38_4,35_21_3
18_39_10,35_22_9
18_39_11,35_22_10
18_40_6_1,35_23_5
18_40_7,35_23_6
18_40_8_0,35_23_7
18_40_9_0,35_23_8
18_40_10_0,35_23_9_1 + 35_23_9_0
18_40_11_1,35_23_10
18_40_12_0,35_23_11
18_40_13_0,35_23_12
18_41_6,35_24_5
18_42_10,35_25_9
18_42_11,35_25_10
18_42_12_0,35_25_11
18_42_13_0,35_25_12
18_43_7,35_26_6
18_43_8,35_26_7
18_43_9_0,35_26_8
18_43_10_0,35_26_9
18_44_14,35_27_13
18_44_15,35_27_14
18_44_16_0,35_27_15
18_45_10_0,35_28_9
18_45_11_0,35_28_10
18_46_8_0,35_29_7
18_46_9_0,35_29_8
18_46_10_0,35_29_9
18_47_4,35_30_3
18_47_5_0,35_30_4
18_47_6_0,35_30_5
18_47_8_0,35_30_7
18_47_9_0,35_30_8
18_47_10_0,35_30_9
18_47_11,35_30_10
18_47_12,35_30_11
18_47_14,35_30_13
18_47_15,35_30_14
18_48_3,35_31_2
18_48_4_0,35_31_3_1
18_48_4_1,35_31_3_0
18_48_5_0,35_31_4
18_48_6_0,35_31_5_1
18_48_7_1,35_31_6
18_48_8_0,35_31_7
18_48_9_0,35_31_8_1 + 35_31_8_0
18_48_10_0,35_31_9_0
18_48_10_1,35_31_9_1 + 35_31_9_0
18_48_11_0,35_31_10_0
18_48_11_1,35_31_10_1
18_48_12_0,35_31_11
18_48_13_0,35_31_12
18_48_14_0,35_31_13_1 + 35_31_13_0
18_48_15_1,35_31_14
18_48_16_0,35_31_15
18_48_17_0,35_31_16
18_49_8_1,35_32_7
18_49_9_0,35_32_8
18_49_10_0,35_32_9
18_50_5,35_33_4
18_50_6_0,35_33_5
18_50_14,35_33_13
18_50_15,35_33_14
18_50_16_0,35_33_15
18_50_17_0,35_33_16
18_51_4,35_34_3
18_51_5_0,35_34_4
18_51_10,35_34_9
18_51_11,35_34_10
18_51_12_0,35_34_11
18_51_13_0,35_34_12
18_51_14_0,35_34_13
18_52_9_0,35_35_8
18_52_10_0,35_35_9
18_52_18,35_35_17
18_52_19,35_35_18
18_52_20_0,35_35_19
18_53_4_0,35_36_3
18_53_14_0,35_36_13
18_53_15_0,35_36_14
18_54_5_1,35_37_4
18_54_7_0,35_37_6
18_54_8_0,35_37_7_1 + 35_37_7_0
18_54_9_0,35_37_8_1
18_54_10_1,35_37_9
18_54_11_0,35_37_10
18_54_12_0,35_37_11
18_54_13_0,35_37_12
18_54_14_0,35_37_13
18_55_4_0,35_38_3_1
18_55_4_1,35_38_3_0 + 35_38_3_1
18_55_5_0,35_38_4_2
18_55_5_1,35_38_4_0 + 35_38_4_2
18_55_6_1,35_38_5_1
18_55_6_2,35_38_5_0 + 35_38_5_1
18_55_7_2,35_38_6_0
18_55_8,35_38_7
18_55_9_0,35_38_8
18_55_10,35_38_9
18_55_18,35_38_17
18_55_19,35_38_18
18_56_14,35_39_13
18_56_15,35_39_14
18_56_16_0,35_39_15
18_56_17_0,35_39_16
18_56_18_0,35_39_17_1 + 35_39_17_0
18_56_19_1,35_39_18
18_56_20_0,35_39_19
18_56_21_0,35_39_20
18_57_6_0,35_40_5_0
18_57_6_1,35_40_5_1
18_57_7_0,35_40_6_0
18_57_12_0,35_40_11
18_57_13_0,35_40_12
18_57_14_0,35_40_13
18_58_5,35_41_4
18_58_6_0,35_41_5
18_58_11,35_41_10
18_58_12_0,35_41_11
18_58_18,35_41_17
18_58_19,35_41_18
18_58_20_0,35_41_19
18_58_21_0,35_41_20
18_59_5_0,35_42_4
18_59_6_0,35_42_5
18_59_7_0,35_42_6_0
18_59_7_1,35_42_6_1
18_59_8_0,35_42_7
18_59_9,35_42_8
18_59_10_0,35_42_9
18_59_14,35_42_13
18_59_15,35_42_14
18_59_16_0,35_42_15
18_59_17_0,35_42_16
18_59_18_0,35_42_17
18_60_5,35_43_4
18_60_6_0,35_43_5
18_60_12_0,35_43_11
18_60_13_0,35_43_12
18_60_14_0,35_43_13
18_61_6_0,35_44_5
18_61_7_0,35_44_6_1
18_61_7_1,35_44_6_0
18_61_8_1,35_44_7
18_61_11_0,35_44_10
18_61_18_0,35_44_17
18_62_4,35_45_3_1
18_62_5_0,35_45_4_1
18_62_5_1,35_45_4_0 + 35_45_4_1
18_62_6_2,35_45_5_0
18_62_7_1,35_45_6_1
18_62_7_2,35_45_6_0 + 35_45_6_1
18_62_8_0,35_45_7_1
18_62_8_1,35_45_7_0
18_62_9_1,35_45_8
18_62_13_1,35_45_12
18_62_16_0,35_45_15
18_62_17_0,35_45_16
18_63_4,35_46_3
18_63_5_0,35_46_4
18_63_6_0,35_46_5
18_63_7_0,35_46_6_0
18_63_8_1,35_46_7_0
18_63_9_1,35_46_8_0
18_63_10_1,35_46_9
18_63_12,35_46_11
18_63_15_0,35_46_14
18_63_16_0,35_46_15
18_64_7_0,35_47_6
18_64_8_3,35_47_7
18_64_11,35_47_10
18_64_14_0,35_47_13_1
18_64_15_1,35_47_14
18_65_6_1,35_48_5_0
18_65_7_0,35_48_6_1
18_65_7_1,35_48_6_0 + 35_48_6_1
18_65_8_0,35_48_7_1 + 35_48_7_0
18_65_9_0,35_48_8
18_65_10_0,35_48_9_0
18_65_10_2,35_48_9_1
18_65_13_0,35_48_12
18_66_5,35_49_4
18_66_6_0,35_49_5_1
18_66_7_0,35_49_6
18_66_12_0,35_49_11
18_67_8_1,35_50_7
18_67_9_0,35_50_8
18_67_10_0,35_50_9
18_67_11_0,35_50_10_0
18_68_5_0,35_51_4
18_68_7_0,35_51_6_1
18_68_7_1,35_51_6_0 + 35_51_6_1
18_68_8_0,35_51_7
18_68_9_0,35_51_8_0
18_68_10_1,35_51_9_0
18_69_6_1,35_52_5_0
18_70_5,35_53_4
18_70_6_0,35_53_5_1
18_70_7_0,35_53_6
18_71_8,35_54_7
19_20_3,37_2_2
19_21_4,37_3_3
19_26_4,37_8_3
19_27_4,37_9_3
19_27_5,37_9_4
19_28_7,37_10_6
19_29_8_0,37_11_7
19_34_7,37_16_6
19_34_8_0,37_16_7
19_35_4,37_17_3
19_35_8_0,37_17_7
19_35_9_0,37_17_8
19_36_5,37_18_4_1
19_36_11,37_18_10
19_37_12_0,37_19_11
19_38_7_0,37_20_6
19_40_5_1,37_22_4
19_41_5_0,37_23_4
19_41_7_1,37_23_6
19_42_6_0,37_24_5
19_42_11,37_24_10
19_42_12_0,37_24_11
19_43_12_0,37_25_11
19_43_13_0,37_25_12
19_44_7,37_26_6
19_44_15,37_26_14
19_45_16_0,37_27_15
19_48_12_0,37_30_11
19_49_4,37_31_3_0
19_49_11_0,37_31_10_0
19_50_15,37_32_14
19_50_16_0,37_32_15
19_51_4,37_33_3
19_51_6_0,37_33_5
19_51_8_0,37_33_7
19_51_16_0,37_33_15
19_51_17_0,37_33_16
19_52_5_0,37_34_4
19_52_11_0,37_34_10
19_52_19,37_34_18
19_53_10,37_35_9
19_53_20_0,37_35_19
19_54_15_0,37_36_14
19_55_8,37_37_7_0
19_55_11_0,37_37_10
19_56_7,37_38_6_0
19_56_10_0,37_38_9
19_57_5,37_39_4
19_57_6_0,37_39_5
19_57_8_1,37_39_7
19_57_15_0,37_39_14
19_58_5,37_40_4_1
19_58_6_1,37_40_5_1
19_58_7,37_40_6_0
19_58_11_0,37_40_10
19_58_19,37_40_18
19_58_20_0,37_40_19
19_59_6_0,37_41_5
19_59_8_1,37_41_7
19_59_12_0,37_41_11
19_59_20_0,37_41_19
19_60_9_0,37_42_8
19_60_15_0,37_42_14
19_61_14_0,37_43_13
19_62_5_0,37_44_4_0
19_65_8_0,37_47_7
19_65_9_0,37_47_8_0
19_65_9_1,37_47_8_1
19_66_5,37_48_4_0
19_66_10_0,37_48_9_0
19_66_10_1,37_48_9_1
19_67_6_1,37_49_5_0
19_69_8_0,37_51_7_1
19_69_10_0,37_51_9
19_70_7_1,37_52_6
19_70_9_0,37_52_8
19_71_6,37_53_5_1
19_71_8,37_53_7
19_72_7,37_54_6_1
20_19_2,39_0_1
20_19_3_1,39_0_2
20_19_4,39_0_3
20_19_5,39_0_4
20_19_6,39_0_5
20_19_7,39_0_6
20_19_8,39_0_7
20_19_9_1,39_0_8
20_19_10_1,39_0_9
20_19_11_1,39_0_10
20_19_12,39_0_11
20_19_13,39_0_12
20_19_14,39_0_13
20_19_15,39_0_14
20_19_16,39_0_15
20_19_17,39_0_16
20_19_18,39_0_17
20_19_19,39_0_18
20_19_20,39_0_19
20_19_21,39_0_20
20_19_22,39_0_21
20_19_23,39_0_22
20_19_24,39_0_23
20_19_25,39_0_24
20_19_26,39_0_25
20_19_27,39_0_26
20_20_2,39_1_1
20_21_3_0,39_2_2
20_22_3_0,39_3_2
20_22_4_0,39_3_3
20_26_3,39_7_2
20_26_4_0,39_7_3
20_26_5_0,39_7_4
20_27_3,39_8_2
20_27_4_1,39_8_3
20_28_4,39_9_3
20_28_5,39_9_4
20_28_6_1,39_9_5
20_29_7_0,39_10_6
20_30_7_0,39_11_6
20_30_8_0,39_11_7
20_33_4_0,39_14_3
20_33_6,39_14_5
20_33_7_0,39_14_6
20_34_3,39_15_2
20_34_4_0,39_15_3
20_34_5,39_15_4
20_34_6_0,39_15_5_1 + 39_15_5_0
20_34_6_1,39_15_5_0
20_34_7_1,39_15_6
20_34_8_0,39_15_7
20_34_9_0,39_15_8
20_35_3,39_16_2
20_35_7_0,39_16_6
20_35_8_1,39_16_7
20_36_4,39_17_3
20_36_6_0,39_17_5
20_36_7,39_17_6
20_36_8,39_17_7
20_36_9,39_17_8
20_36_10_1,39_17_9
20_37_4,39_18_3
20_37_5_0,39_18_4_1
20_37_6_0,39_18_5
20_37_11_0,39_18_10
20_38_11_0,39_19_10
20_38_12_0,39_19_11
20_39_6,39_20_5
20_39_7_0,39_20_6
20_40_4_1,39_21_3
20_40_6_0,39_21_5
20_41_5_1,39_22_4
20_41_10_0,39_22_9
20_41_11_0,39_22_10
20_42_5,39_23_4
20_42_7_0,39_23_6
20_42_9_0,39_23_8
20_42_10_0,39_23_9_1 + 39_23_9_0
20_42_10_1,39_23_9_0
20_42_11_1,39_23_10
20_42_12_0,39_23_11
20_42_13_0,39_23_12
20_43_6,39_24_5
20_43_11_0,39_24_10
20_43_12_1,39_24_11
20_44_10_0,39_25_9
20_44_11,39_25_10
20_44_12,39_25_11
20_44_13,39_25_12
20_44_14_1,39_25_13
20_45_7_0,39_26_6
20_45_9_0,39_26_8
20_45_10_0,39_26_9
20_45_15_0,39_26_14
20_46_15_0,39_27_14
20_46_16_0,39_27_15
20_47_10_0,39_28_9
20_47_11,39_28_10
20_48_9_0,39_29_8
20_48_10,39_29_9
20_49_3,39_30_2
20_49_4_0,39_30_3
20_49_5_0,39_30_4
20_49_6_0,39_30_5
20_49_8_0,39_30_7
20_49_9_0,39_30_8
20_49_10,39_30_9
20_49_11_0,39_30_10
20_49_12_0,39_30_11
20_49_14_0,39_30_13
20_49_15_0,39_30_14
20_50_3,39_31_2
20_50_4_0,39_31_3_1
20_50_4_1,39_31_3_0
20_50_5_1,39_31_4
20_50_6_0,39_31_5_1
20_50_7_1,39_31_6
20_50_8_0,39_31_7
20_50_9,39_31_8_1 + 39_31_8_0
20_50_10_0,39_31_9_0
20_50_10_1,39_31_9_1 + 39_31_9_0
20_50_11_0,39_31_10_0
20_50_11_1,39_31_10_1
20_50_12,39_31_11
20_50_13_0,39_31_12
20_50_14_0,39_31_13_1 + 39_31_13_0
20_50_14_1,39_31_13_0
20_50_15_1,39_31_14
20_50_16_0,39_31_15
20_50_17_0,39_31_16
20_51_3,39_32_2
20_51_7_1,39_32_6
20_51_9_0,39_32_8
20_51_10,39_32_9
20_51_15_0,39_32_14
20_51_16_1,39_32_15
20_52_4_0,39_33_3
20_52_5_1,39_33_4
20_52_6_0,39_33_5
20_52_8_0,39_33_7
20_52_14_0,39_33_13
20_52_15,39_33_14
20_52_16,39_33_15
20_52_17,39_33_16
20_52_18_1,39_33_17
20_53_4_0,39_34_3
20_53_5_0,39_34_4
20_53_10_0,39_34_9
20_53_11_0,39_34_10
20_53_13_0,39_34_12
20_53_14_0,39_34_13
20_53_19_0,39_34_18
20_54_9_0,39_35_8
20_54_10_0,39_35_9
20_54_19_0,39_35_18
20_54_20_0,39_35_19
20_55_14_0,39_36_13
20_55_15,39_36_14
20_56_7_0,39_37_6
20_56_8_0,39_37_7_1 + 39_37_7_0
20_56_8_1,39_37_7_0
20_56_9_0,39_37_8_1
20_56_9_1,39_37_8_0
20_56_10_1,39_37_9
20_56_11_0,39_37_10
20_56_13_0,39_37_12
20_56_14,39_37_13
20_57_4,39_38_3
20_57_5_0,39_38_4_1
20_57_6_1,39_38_5
20_57_7_1,39_38_6_0
20_57_8_0,39_38_7
20_57_9_0,39_38_8
20_57_10_0,39_38_9
20_57_18_0,39_38_17
20_57_19_0,39_38_18
20_58_4,39_39_3
20_58_5_1,39_39_4
20_58_6_1,39_39_5
20_58_8,39_39_7
20_58_10,39_39_9
20_58_14_0,39_39_13
20_58_15,39_39_14
20_58_17_0,39_39_16
20_58_18_0,39_39_17_1 + 39_39_17_0
20_58_18_1,39_39_17_0
20_58_19_1,39_39_18
20_58_20_0,39_39_19
20_58_21_0,39_39_20
20_59_4,39_40_3
20_59_5_0,39_40_4_1
20_59_6_0,39_40_5_0
20_59_6_1,39_40_5_1
20_59_7_0,39_40_6_0
20_59_7_3,39_40_6_1
20_59_9,39_40_8
20_59_11_0,39_40_10
20_59_13_0,39_40_12
20_59_14,39_40_13
20_59_19_0,39_40_18
20_59_20_1,39_40_19
20_60_5_0,39_41_4_1
20_60_5_1,39_41_4_0
20_60_6_0,39_41_5
20_60_8_0,39_41_7
20_60_11_0,39_41_10
20_60_12_0,39_41_11
20_60_18_0,39_41_17
20_60_19,39_41_18
20_61_4,39_42_3
20_61_5_0,39_42_4
20_61_6_0,39_42_5
20_61_8_0,39_42_7
20_61_9_0,39_42_8
20_61_10_0,39_42_9
20_61_13_0,39_42_12
20_61_14_0,39_42_13
20_61_15_0,39_42_14
20_61_17_0,39_42_16
20_61_18_0,39_42_17
20_62_4_0,39_43_3
20_62_12_1,39_43_11
20_62_13_0,39_43_12
20_62_14_0,39_43_13
20_63_6_0,39_44_5
20_63_7_0,39_44_6
20_63_11_0,39_44_10
20_64_4,39_45_3_1
20_64_5_0,39_45_4_1
20_64_5_1,39_45_4_0 + 39_45_4_1
20_64_6_1,39_45_5_0
20_64_7_1,39_45_6
20_64_8_0,39_45_7
20_64_10_0,39_45_9
20_64_13,39_45_12
20_65_4,39_46_3
20_65_5_0,39_46_4_1
20_65_5_2,39_46_4_0
20_65_6_0,39_46_5
20_65_7_0,39_46_6_0
20_65_7_2,39_46_6_1
20_65_8_1,39_46_7
20_65_9_2,39_46_8
20_65_12_0,39_46_11
20_66_4,39_47_3
20_66_5_1,39_47_4
20_66_6_0,39_47_5_0
20_66_6_2,39_47_5_1
20_66_7_0,39_47_6
20_66_8_0,39_47_7
20_66_9_1,39_47_8_0
20_66_9_2,39_47_8_1
20_66_11_0,39_47_10
20_67_5_0,39_48_4_0
20_67_5_1,39_48_4_1
20_67_6_2,39_48_5_0
20_67_7_0,39_48_6_1
20_67_7_1,39_48_6_0
20_67_8_0,39_48_7_2 + 39_48_7_1
20_67_8_1,39_48_7_0
20_67_9_0,39_48_8
20_67_10_0,39_48_9_0
20_67_10_1,39_48_9_1
20_68_5_0,39_49_4
20_68_6_0,39_49_5_0
20_68_7_0,39_49_6
20_68_9_0,39_49_8
20_69_8_0,39_50_7
20_69_9_0,39_50_8
20_69_10_0,39_50_9
20_70_6,39_51_5
20_70_7_0,39_51_6
20_70_8_0,39_51_7
20_70_9_0,39_51_8
20_71_6_1,39_52_5
20_71_7_0,39_52_6
20_72_6,39_53_5
20_72_7_0,39_53_6
20_73_6,39_54_5
20_74_5,39_55_4
21_26_3,41_6_2
21_29_4_1,41_9_3
21_31_8_1,41_11_7
21_34_7,41_14_6
21_37_8_0,41_17_7
21_38_5,41_18_4_1
21_38_6_0,41_18_5
21_39_4,41_19_3
21_40_7,41_20_6
21_41_4_0,41_21_3
21_41_6_1,41_21_5
21_42_5_1,41_22_4
21_42_11,41_22_10
21_43_7,41_23_6
21_45_12_0,41_25_11
21_46_7_0,41_26_6
21_47_16_1,41_27_15
21_48_11,41_28_10
21_49_10,41_29_9
21_50_15,41_30_14
21_51_11,41_31_10_0
21_52_10,41_32_9
21_53_16_0,41_33_15
21_54_7,41_34_6
21_54_11_0,41_34_10
21_54_14_0,41_34_13
21_55_10,41_35_9
21_56_15,41_36_14
21_57_4,41_37_3
21_57_8_0,41_37_7_0
21_57_11_0,41_37_10
21_57_14,41_37_13
21_58_7,41_38_6_0
21_58_10_1,41_38_9
21_58_19,41_38_18
21_59_8,41_39_7
21_59_15,41_39_14
21_60_5,41_40_4_1
21_60_14_0,41_40_13
21_61_6_1,41_41_5
21_62_9_1,41_42_8
21_62_15_0,41_42_14
21_63_14,41_43_13
21_65_8_1,41_45_7
21_67_7,41_47_6
21_68_10_0,41_48_9_0
21_69_7_0,41_49_6
21_70_5,41_50_4
21_70_7_0,41_50_6_1
21_71_8_0,41_51_7
21_72_6_1,41_52_5
21_72_7_0,41_52_6
21_73_6,41_53_5_1
22_21_2,43_0_1
22_21_3_1,43_0_2
22_21_4,43_0_3
22_21_5_1,43_0_4
22_21_6,43_0_5
22_21_7,43_0_6
22_21_8,43_0_7
22_21_9,43_0_8
22_21_10,43_0_9
22_21_11,43_0_10
22_21_12,43_0_11
22_21_13,43_0_12
22_21_14,43_0_13
22_21_15,43_0_14
22_21_16,43_0_15
22_21_17,43_0_16
22_21_18,43_0_17
22_21_19,43_0_18
22_21_20,43_0_19
22_21_21,43_0_20
22_21_22,43_0_21
22_21_23,43_0_22
22_21_24,43_0_23
22_21_25,43_0_24
22_21_26,43_0_25
22_21_27,43_0_26
22_24_3,43_3_2
22_24_4,43_3_3
22_27_3,43_6_2
22_28_3,43_7_2
22_28_4,43_7_3
22_28_5,43_7_4
22_30_4_0,43_9_3
22_31_7,43_10_6
22_32_6_0,43_11_5
22_32_7_0,43_11_6
22_32_8_0,43_11_7
22_35_4,43_14_3
22_35_6,43_14_5
22_35_7_0,43_14_6
22_36_3,43_15_2
22_36_4,43_15_3
22_36_5,43_15_4
22_36_6_0,43_15_5_1 + 43_15_5_0
22_36_7,43_15_6
22_36_8,43_15_7
22_36_9,43_15_8
22_37_7_0,43_16_6
22_38_4_1,43_17_3
22_38_5_0,43_17_4
22_38_6_0,43_17_5
22_38_7_0,43_17_6
22_38_8_0,43_17_7
22_39_3,43_18_2
22_39_4_0,43_18_3
22_39_5_0,43_18_4_1
22_39_5_1,43_18_4_0
22_39_6,43_18_5
22_40_4_0,43_19_3
22_40_10_0,43_19_9
22_40_11_0,43_19_10
22_40_12_0,43_19_11
22_41_6_0,43_20_5
22_41_7_0,43_20_6
22_42_4,43_21_3
22_42_6_0,43_21_5
22_43_5,43_22_4
22_43_10,43_22_9
22_43_11_0,43_22_10
22_44_6_0,43_23_5
22_44_7_0,43_23_6
22_44_9,43_23_8
22_44_10_0,43_23_9_1 + 43_23_9_0
22_44_11,43_23_10
22_44_12,43_23_11
22_44_13,43_23_12
22_45_6_1,43_24_5
22_45_11,43_24_10
22_46_10_0,43_25_9
22_46_11_0,43_25_10
22_46_12_0,43_25_11
22_47_7_0,43_26_6
22_47_9,43_26_8
22_47_10_0,43_26_9
22_47_15,43_26_14
22_48_14_0,43_27_13
22_48_15_0,43_27_14
22_48_16_0,43_27_15
22_49_9,43_28_8
22_49_10_0,43_28_9
22_49_11_0,43_28_10
22_50_9,43_29_8
22_50_10_0,43_29_9
22_51_4,43_30_3
22_51_5_0,43_30_4
22_51_6_0,43_30_5
22_51_8_0,43_30_7
22_51_9_0,43_30_8
22_51_10,43_30_9
22_51_11_0,43_30_10
22_51_12_0,43_30_11
22_51_14,43_30_13
22_51_15_0,43_30_14
22_52_3,43_31_2
22_52_4_0,43_31_3_1
22_52_5_0,43_31_4
22_52_6_0,43_31_5_1
22_52_7_0,43_31_6
22_52_8_0,43_31_7
22_52_9_0,43_31_8_1 + 43_31_8_0
22_52_9_1,43_31_8_0
22_52_10_0,43_31_9_0
22_52_10_1,43_31_9_1 + 43_31_9_0
22_52_11_0,43_31_10_0
22_52_11_1,43_31_10_1
22_52_12_1,43_31_11
22_52_13,43_31_12
22_52_14_0,43_31_13_1 + 43_31_13_0
22_52_15,43_31_14
22_52_16,43_31_15
22_52_17,43_31_16
22_53_9_0,43_32_8
22_53_10_0,43_32_9
22_53_15_0,43_32_14
22_54_5_0,43_33_4
22_54_6_0,43_33_5
22_54_8_0,43_33_7
22_54_13_0,43_33_12
22_54_14_0,43_33_13
22_54_15_0,43_33_14
22_54_16_0,43_33_15
22_55_4,43_34_3
22_55_5_0,43_34_4
22_55_7_0,43_34_6
22_55_9,43_34_8
22_55_10_0,43_34_9
22_55_11_0,43_34_10
22_55_13,43_34_12
22_55_14_0,43_34_13
22_56_6,43_35_5
22_56_9_0,43_35_8
22_56_10_0,43_35_9
22_56_18_0,43_35_17
22_56_19_0,43_35_18
22_56_20_0,43_35_19
22_57_13,43_36_12
22_57_14_0,43_36_13
22_57_15_0,43_36_14
22_58_4,43_37_3
22_58_7_0,43_37_6
22_58_8_0,43_37_7_1 + 43_37_7_0
22_58_8_1,43_37_7_0
22_58_9_0,43_37_8_1
22_58_9_1,43_37_8_0
22_58_10_1,43_37_9
22_58_11_0,43_37_10
22_58_13,43_37_12
22_58_14_0,43_37_13
22_59_4,43_38_3
22_59_5_0,43_38_4_1
22_59_6_1,43_38_5
22_59_7_2,43_38_6_0
22_59_8_0,43_38_7
22_59_9_0,43_38_8
22_59_10_0,43_38_9
22_59_18,43_38_17
22_59_19_0,43_38_18
22_60_8_0,43_39_7
22_60_13_0,43_39_12
22_60_14_0,43_39_13
22_60_15_0,43_39_14
22_60_17,43_39_16
22_60_18_0,43_39_17_1 + 43_39_17_0
22_60_19,43_39_18
22_61_5_0,43_40_4_1
22_61_6_0,43_40_5_0
22_61_7_0,43_40_6_0
22_61_12_0,43_40_11
22_61_13_0,43_40_12
22_61_14_0,43_40_13
22_62_5_0,43_41_4
22_62_6_0,43_41_5
22_62_8_2,43_41_7
22_62_11_1,43_41_10
22_62_12_0,43_41_11
22_63_7_0,43_42_6
22_63_8_0,43_42_7
22_63_9_0,43_42_8
22_63_10_0,43_42_9
22_63_13,43_42_12
22_63_14_0,43_42_13
22_63_15_0,43_42_14
22_64_12,43_43_11
22_64_13_0,43_43_12
22_64_14_0,43_43_13
22_65_4,43_44_3
22_65_6_0,43_44_5
22_65_7_0,43_44_6
22_65_11_0,43_44_10
22_66_5_0,43_45_4_1
22_66_5_1,43_45_4_0 + 43_45_4_1
22_66_7_0,43_45_6
22_66_8_0,43_45_7
22_66_13,43_45_12
22_67_4,43_46_3
22_67_5_0,43_46_4
22_67_6_0,43_46_5
22_67_12_0,43_46_11
22_68_6,43_47_5
22_68_7_0,43_47_6
22_68_8_0,43_47_7
22_68_9_0,43_47_8_0
22_68_11_0,43_47_10
22_69_6_1,43_48_5
22_69_7_0,43_48_6
22_69_8_0,43_48_7_1 + 43_48_7_0
22_69_8_2,43_48_7_0
22_69_9_0,43_48_8
22_69_10_0,43_48_9_0
22_69_10_3,43_48_9_1 + 43_48_9_0
22_70_6_0,43_49_5
22_70_7_0,43_49_6
22_71_5_0,43_50_4_0
22_71_5_1,43_50_4_1
22_71_6_0,43_50_5
22_71_7_0,43_50_6_0
22_71_7_1,43_50_6_1
22_72_5,43_51_4
22_72_6_0,43_51_5_0
22_72_7_0,43_51_6
22_73_6_1,43_52_5
23_24_3,45_2_2
23_25_4,45_3_3
23_31_4,45_9_3
23_31_5_0,45_9_4
23_31_6,45_9_5
23_32_7_0,45_10_6
23_33_8,45_11_7
23_37_6_0,45_15_5_0
23_38_3,45_16_2
23_38_7_0,45_16_6
23_39_4_0,45_17_3
23_39_8,45_17_7
23_39_9_0,45_17_8
23_40_5_0,45_18_4_1
23_40_6_0,45_18_5
23_40_11_0,45_18_10
23_41_4_1,45_19_3
23_41_12,45_19_11
23_43_6,45_21_5
23_44_5_0,45_22_4
23_45_5_0,45_23_4
23_45_10,45_23_9_0
23_46_6_0,45_24_5
23_46_11_0,45_24_10
23_47_12,45_25_11
23_47_13_0,45_25_12
23_47_14,45_25_13
23_48_10,45_26_9
23_48_15_0,45_26_14
23_49_16,45_27_15
23_51_10,45_29_9
23_53_4,45_31_3_0
23_53_6_0,45_31_5_0
23_53_14_0,45_31_13_0
23_54_10_0,45_32_9
23_54_15_0,45_32_14
23_55_4,45_33_3
23_55_6_1,45_33_5
23_55_8,45_33_7
23_55_16,45_33_15
23_55_17_0,45_33_16
23_56_5_0,45_34_4
23_56_7_1,45_34_6
23_56_14,45_34_13
23_56_19_0,45_34_18
23_57_6_1,45_35_5
23_57_10_0,45_35_9
23_57_20,45_35_19
23_58_7_1,45_36_6
23_59_8_0,45_37_7_0
23_59_14,45_37_13
23_60_7_0,45_38_6_0
23_60_10_0,45_38_9
23_61_4,45_39_3
23_61_6_0,45_39_5
23_61_8_1,45_39_7
23_61_18,45_39_17_0
23_62_5_0,45_40_4_1
23_62_6_1,45_40_5_1
23_62_7_0,45_40_6_0
23_62_7_1,45_40_6_1
23_62_11_0,45_40_10
23_62_14_0,45_40_13
23_63_8_0,45_41_7
23_63_12,45_41_11
23_64_9_0,45_42_8
23_65_14_0,45_43_13
23_67_6_1,45_45_5_0
23_68_7_0,45_46_6
23_68_8_1,45_46_7
23_68_9_0,45_46_8
23_69_7_1,45_47_6
23_69_8_0,45_47_7
23_69_9_0,45_47_8_0
23_69_9_2,45_47_8_1
23_70_8_1,45_48_7_1 + 45_48_7_0
23_71_7_0,45_49_6
23_72_5,45_50_4_1
23_72_7_1,45_50_6
23_74_5,45_52_4
24_23_2,47_0_1
24_23_3,47_0_2
24_23_4_1,47_0_3
24_23_5_1,47_0_4
24_23_6_1,47_0_5
24_23_7_1,47_0_6
24_23_8_1,47_0_7
24_23_9_2,47_0_8
24_23_10_1,47_0_9
24_23_11_1,47_0_10
24_23_12_1,47_0_11
24_23_13,47_0_12
24_23_14,47_0_13
24_23_15,47_0_14
24_23_16,47_0_15
24_23_17,47_0_16
24_23_18,47_0_17
24_23_19,47_0_18
24_23_20,47_0_19
24_23_21,47_0_20
24_23_22,47_0_21
24_23_23,47_0_22
24_23_24,47_0_23
24_23_25,47_0_24
24_23_26,47_0_25
24_23_27,47_0_26
24_24_2,47_1_1
24_25_3,47_2_2
24_26_2,47_3_1
24_26_3_0,47_3_2
24_26_4_0,47_3_3
24_29_3,47_6_2
24_30_3_0,47_7_2
24_30_4_0,47_7_3
24_30_5_0,47_7_4
24_31_3_0,47_8_2
24_31_4_1,47_8_3
24_32_4_0,47_9_3
24_32_5_1,47_9_4
24_32_6_1,47_9_5
24_33_7_0,47_10_6
24_34_6_0,47_11_5
24_34_7_0,47_11_6
24_34_8_0,47_11_7
24_37_3,47_14_2
24_37_4,47_14_3
24_37_5_0,47_14_4
24_37_6_0,47_14_5
24_37_7_0,47_14_6
24_38_2,47_15_1
24_38_3_0,47_15_2
24_38_4_0,47_15_3
24_38_5_0,47_15_4
24_38_6_0,47_15_5_1 + 47_15_5_0
24_38_6_1,47_15_5_0
24_38_7_1,47_15_6
24_38_8_0,47_15_7
24_38_9_0,47_15_8
24_39_3_0,47_16_2
24_39_7_0,47_16_6
24_39_8_1,47_16_7
24_40_4_0,47_17_3
24_40_5_1,47_17_4
24_40_6_0,47_17_5
24_40_7_0,47_17_6
24_40_8_0,47_17_7
24_40_9_1,47_17_8
24_40_10_1,47_17_9
24_41_3_0,47_18_2
24_41_4_0,47_18_3
24_41_5_0,47_18_4_1
24_41_5_2,47_18_4_0
24_41_6_0,47_18_5
24_41_11_0,47_18_10
24_42_4_1,47_19_3
24_42_10,47_19_9
24_42_11_0,47_19_10
24_42_12_0,47_19_11
24_43_5_1,47_20_4
24_43_6_0,47_20_5
24_43_7_0,47_20_6
24_44_4_0,47_21_3
24_44_6_0,47_21_5
24_45_5_0,47_22_4
24_45_9_0,47_22_8
24_45_10_0,47_22_9
24_45_11_0,47_22_10
24_46_5_0,47_23_4
24_46_6_2,47_23_5
24_46_7_0,47_23_6
24_46_9_0,47_23_8
24_46_10_0,47_23_9_1 + 47_23_9_0
24_46_10_1,47_23_9_0
24_46_11_1,47_23_10
24_46_12_0,47_23_11
24_46_13_0,47_23_12
24_47_6_0,47_24_5
24_47_11,47_24_10
24_47_12_1,47_24_11
24_48_9_0,47_25_8
24_48_10_0,47_25_9
24_48_11_0,47_25_10
24_48_12_0,47_25_11
24_48_13_1,47_25_12
24_48_14_1,47_25_13
24_49_7,47_26_6
24_49_8_1,47_26_7
24_49_9_0,47_26_8
24_49_10_0,47_26_9
24_49_15_0,47_26_14
24_50_14,47_27_13
24_50_15_0,47_27_14
24_50_16_0,47_27_15
24_51_9_0,47_28_8
24_51_10_0,47_28_9
24_51_11_0,47_28_10
24_52_8_0,47_29_7
24_52_9_0,47_29_8
24_52_10_0,47_29_9
24_53_3,47_30_2
24_53_4_0,47_30_3
24_53_5_0,47_30_4
24_53_6_0,47_30_5
24_53_8,47_30_7
24_53_9_0,47_30_8
24_53_10_0,47_30_9
24_53_11_0,47_30_10
24_53_12_0,47_30_11
24_53_13_0,47_30_12
24_53_14_0,47_30_13
24_53_15_0,47_30_14
24_54_3,47_31_2
24_54_4_0,47_31_3_1
24_54_4_1,47_31_3_0
24_54_5_1,47_31_4
24_54_6_0,47_31_5_1
24_54_6_1,47_31_5_0
24_54_7_1,47_31_6
24_54_8_0,47_31_7
24_54_9_0,47_31_8_1 + 47_31_8_0
24_54_9_1,47_31_8_0
24_54_10_0,47_31_9_0
24_54_10_1,47_31_9_1 + 47_31_9_0
24_54_11_0,47_31_10_0
24_54_11_1,47_31_10_1
24_54_12_1,47_31_11
24_54_13_0,47_31_12
24_54_14_0,47_31_13_1 + 47_31_13_0
24_54_14_1,47_31_13_0
24_54_15_1,47_31_14
24_54_16_0,47_31_15
24_54_17_0,47_31_16
24_55_3,47_32_2
24_55_7_1,47_32_6
24_55_8_1,47_32_7
24_55_9_0,47_32_8
24_55_10_0,47_32_9
24_55_15,47_32_14
24_55_16_1,47_32_15
24_56_4_0,47_33_3
24_56_6_0,47_33_5
24_56_8,47_33_7
24_56_13_0,47_33_12
24_56_14_0,47_33_13
24_56_15_0,47_33_14
24_56_16_0,47_33_15
24_56_17_1,47_33_16
24_56_18_1,47_33_17
24_57_3,47_34_2
24_57_4_0,47_34_3
24_57_5_0,47_34_4
24_57_7,47_34_6
24_57_9_0,47_34_8
24_57_10_0,47_34_9
24_57_11_0,47_34_10
24_57_12_1,47_34_11
24_57_13_0,47_34_12
24_57_14_0,47_34_13
24_57_19_0,47_34_18
24_58_6,47_35_5
24_58_8_1,47_35_7
24_58_9_0,47_35_8
24_58_10_0,47_35_9
24_58_18,47_35_17
24_58_19_0,47_35_18
24_58_20_0,47_35_19
24_59_7_1,47_36_6
24_59_13_0,47_36_12
24_59_14_0,47_36_13
24_59_15_0,47_36_14
24_60_4,47_37_3
24_60_7_0,47_37_6
24_60_8_0,47_37_7_1 + 47_37_7_0
24_60_8_1,47_37_7_0
24_60_9_1,47_37_8_1
24_60_9_2,47_37_8_0
24_60_10_1,47_37_9
24_60_11_0,47_37_10
24_60_12_0,47_37_11
24_60_13_0,47_37_12
24_60_14_0,47_37_13
24_61_4_0,47_38_3
24_61_5_0,47_38_4_1
24_61_6_1,47_38_5
24_61_7_0,47_38_6_0
24_61_7_4,47_38_6_1
24_61_8_1,47_38_7
24_61_9_0,47_38_8
24_61_10_0,47_38_9
24_61_17_0,47_38_16
24_61_18_0,47_38_17
24_62_4_0,47_39_3
24_62_5_1,47_39_4
24_62_6_1,47_39_5
24_62_8_0,47_39_7
24_62_10_0,47_39_9
24_62_13_0,47_39_12
24_62_14_0,47_39_13
24_62_15_0,47_39_14
24_62_17_0,47_39_16
24_63_5_0,47_40_4_1
24_63_6_0,47_40_5_0
24_63_6_2,47_40_5_1
24_63_7_0,47_40_6_0
24_63_7_2,47_40_6_1
24_63_9_0,47_40_8
24_63_11_0,47_40_10
24_63_12_1,47_40_11
24_63_13_0,47_40_12
24_63_14_0,47_40_13
24_64_5_0,47_41_4
24_64_6_0,47_41_5
24_64_8_0,47_41_7
24_64_11,47_41_10
24_64_12_0,47_41_11
24_65_7_0,47_42_6
24_65_8_0,47_42_7
24_65_9_0,47_42_8
24_65_10_1,47_42_9
24_65_13_0,47_42_12
24_65_14_0,47_42_13
24_66_12_0,47_43_11
24_66_13_0,47_43_12
24_67_5_1,47_44_4
24_67_6_0,47_44_5
24_67_7_0,47_44_6
24_67_11_0,47_44_10
24_68_4,47_45_3
24_68_5_0,47_45_4
24_68_6_0,47_45_5_0
24_68_6_1,47_45_5_1 + 47_45_5_0
24_68_7_0,47_45_6
24_68_8_0,47_45_7
24_68_10_0,47_45_9
24_69_7_0,47_46_6
24_69_8_1,47_46_7
24_69_9_2,47_46_8
24_70_6_1,47_47_5
24_70_7_0,47_47_6
24_70_8_0,47_47_7
24_70_9_1,47_47_8_0
24_70_9_2,47_47_8_1
24_71_4,47_48_3
24_71_5_1,47_48_4
24_71_6_0,47_48_5
24_71_7_0,47_48_6
24_71_8_0,47_48_7_1 + 47_48_7_0
24_71_8_2,47_48_7_0
24_72_5_0,47_49_4
24_72_6_0,47_49_5
24_72_7_0,47_49_6
24_73_4,47_50_3
24_73_5_0,47_50_4_0
24_73_5_1,47_50_4_1
24_73_6_1,47_50_5
24_74_4,47_51_3
25_31_5_1,49_7_4
25_38_4_0,49_14_3
25_45_4_0,49_21_3
25_47_13_1,49_23_12
25_54_12_0,49_30_11
25_61_11_0,49_37_10
25_62_6_2,49_38_5
25_62_10_3,49_38_9
25_64_7_1,49_40_6_0
25_68_7_1,49_44_6
25_69_5,49_45_4
25_69_6_2,49_45_5_0
25_69_8_3,49_45_7
25_71_7_1,49_47_6
25_72_5_1,49_48_4
26_25_2,51_0_1
26_25_3,51_0_2
26_25_4,51_0_3
26_25_5,51_0_4
26_25_6,51_0_5
26_25_7,51_0_6
26_25_8_1,51_0_7
26_25_9_1,51_0_8
26_25_10_1,51_0_9
26_25_11_1,51_0_10
26_25_12_1,51_0_11
26_25_13_1,51_0_12
26_25_14,51_0_13
26_25_15,51_0_14
26_25_16,51_0_15
26_25_17,51_0_16
26_25_18,51_0_17
26_25_19,51_0_18
26_25_20,51_0_19
26_25_21,51_0_20
26_25_22,51_0_21
26_25_23,51_0_22
26_25_24,51_0_23
26_25_25,51_0_24
26_25_26,51_0_25
26_25_27,51_0_26
26_28_3,51_3_2
26_28_4,51_3_3
26_32_3,51_7_2
26_32_4_0,51_7_3
26_32_5,51_7_4
26_34_4,51_9_3
26_34_5,51_9_4
26_36_6_0,51_11_5
26_36_7,51_11_6
26_36_8,51_11_7
26_39_3_0,51_14_2
26_39_4_0,51_14_3
26_39_6,51_14_5
26_39_7_0,51_14_6
26_40_3,51_15_2
26_40_4_0,51_15_3
26_40_5_0,51_15_4
26_40_6_0,51_15_5_1 + 51_15_5_0
26_40_7_1,51_15_6
26_40_8_0,51_15_7
26_40_9,51_15_8
26_42_6_0,51_17_5
26_42_7_0,51_17_6
26_42_8_0,51_17_7
26_42_9_0,51_17_8
26_43_4,51_18_3
26_43_5_0,51_18_4_1
26_43_6_0,51_18_5
26_44_10_0,51_19_9
26_44_11,51_19_10
26_44_12,51_19_11
26_45_6_0,51_20_5
26_45_7_0,51_20_6
26_46_4,51_21_3
26_47_10_0,51_22_9
26_47_11,51_22_10
26_48_7_0,51_23_6
26_48_8_0,51_23_7
26_48_9_0,51_23_8
26_48_10_0,51_23_9_1 + 51_23_9_0
26_48_11_1,51_23_10
26_48_12_0,51_23_11
26_48_13,51_23_12
26_49_6_0,51_24_5
26_50_10_0,51_25_9
26_50_11,51_25_10
26_50_12,51_25_11
26_50_13_0,51_25_12
26_51_7_0,51_26_6
26_51_8_0,51_26_7
26_51_9_0,51_26_8
26_51_10_0,51_26_9
26_52_14_0,51_27_13
26_52_15,51_27_14
26_52_16,51_27_15
26_53_10_0,51_28_9
26_53_11_0,51_28_10
26_54_8_0,51_29_7
26_54_9_0,51_29_8
26_54_10_0,51_29_9
26_55_4,51_30_3
26_55_5_0,51_30_4
26_55_6_0,51_30_5
26_55_8_0,51_30_7
26_55_9_0,51_30_8
26_55_10,51_30_9
26_55_11_0,51_30_10
26_55_12_0,51_30_11
26_55_14_0,51_30_13
26_55_15,51_30_14
26_56_3,51_31_2
26_56_4_0,51_31_3_1
26_56_5_1,51_31_4
26_56_6,51_31_5_1
26_56_7_1,51_31_6
26_56_8,51_31_7
26_56_9_0,51_31_8_1 + 51_31_8_0
26_56_10_0,51_31_9_0
26_56_10_1,51_31_9_1 + 51_31_9_0
26_56_11_0,51_31_10_0
26_56_11_1,51_31_10_1
26_56_12_0,51_31_11
26_56_13_0,51_31_12
26_56_14_0,51_31_13_1 + 51_31_13_0
26_56_15_1,51_31_14
26_56_16_0,51_31_15
26_56_17,51_31_16
26_57_8_0,51_32_7
26_57_9_0,51_32_8
26_57_10_0,51_32_9
26_58_5,51_33_4
26_58_6_0,51_33_5
26_58_8_1,51_33_7
26_58_14_0,51_33_13
26_58_15,51_33_14
26_58_16,51_33_15
26_58_17_0,51_33_16
26_59_4,51_34_3
26_59_5_0,51_34_4
26_59_10_0,51_34_9
26_59_11_0,51_34_10
26_59_12_0,51_34_11
26_59_13_0,51_34_12
26_59_14_0,51_34_13
26_60_9_0,51_35_8
26_60_10_0,51_35_9
26_60_18_0,51_35_17
26_60_19,51_35_18
26_61_14_0,51_36_13
26_61_15_0,51_36_14
26_62_7_0,51_37_6
26_62_8_0,51_37_7_1 + 51_37_7_0
26_62_9_0,51_37_8_1
26_62_10_1,51_37_9
26_62_11_0,51_37_10
26_62_12_0,51_37_11
26_62_13_0,51_37_12
26_62_14_0,51_37_13
26_63_4,51_38_3
26_63_5_0,51_38_4_1
26_63_6_1,51_38_5
26_63_7_2,51_38_6_0
26_63_8_0,51_38_7
26_63_9_0,51_38_8
26_63_10_0,51_38_9
26_64_6_1,51_39_5
26_64_8_0,51_39_7
26_64_14_0,51_39_13
26_64_15_0,51_39_14
26_65_5,51_40_4_1
26_65_6_0,51_40_5_0
26_65_6_1,51_40_5_1
26_65_7_0,51_40_6_0
26_65_12_0,51_40_11
26_65_13_0,51_40_12
26_65_14_0,51_40_13
26_66_5,51_41_4
26_66_6_0,51_41_5
26_66_11_0,51_41_10
26_66_12_0,51_41_11
26_67_7_0,51_42_6
26_67_8_0,51_42_7
26_67_9_0,51_42_8
26_67_10_0,51_42_9
26_69_6_0,51_44_5
26_69_7_0,51_44_6
26_70_4,51_45_3
26_70_5_0,51_45_4
26_70_6_2,51_45_5_0
26_70_7_0,51_45_6
26_70_8_0,51_45_7
26_72_6_1,51_47_5
26_72_7_0,51_47_6
26_73_5_1,51_48_4
27_28_3,53_2_2
27_29_4,53_3_3
27_34_3,53_8_2
27_34_4_0,53_8_3
27_35_4,53_9_3
27_35_5_0,53_9_4
27_36_7,53_10_6
27_37_8_0,53_11_7
27_42_7_0,53_16_6
27_42_8_0,53_16_7
27_43_4,53_17_3
27_43_8,53_17_7
27_43_9,53_17_8
27_44_5_0,53_18_4_1
27_44_11,53_18_10
27_45_12_0,53_19_11
27_49_5_0,53_23_4
27_49_7_1,53_23_6
27_50_6_0,53_24_5
27_50_11,53_24_10
27_50_12,53_24_11
27_51_12_0,53_25_11
27_51_13,53_25_12
27_52_7_1,53_26_6
27_52_15,53_26_14
27_53_16_0,53_27_15
27_54_11_0,53_28_10
27_56_12_0,53_30_11
27_57_11_0,53_31_10_0
27_58_7_1,53_32_6
27_58_15,53_32_14
27_58_16,53_32_15
27_59_4,53_33_3
27_59_6_1,53_33_5
27_59_8,53_33_7
27_59_16_0,53_33_15
27_59_17,53_33_16
27_60_5,53_34_4
27_60_11_0,53_34_10
27_60_19,53_34_18
27_61_10_0,53_35_9
27_63_8_0,53_37_7_0
27_63_11_0,53_37_10
27_64_7_0,53_38_6_0
27_64_10_0,53_38_9
27_65_4,53_39_3
27_65_5_0,53_39_4
27_65_6_0,53_39_5
27_65_8_0,53_39_7
27_66_5,53_40_4_1
27_66_6_0,53_40_5_1
27_66_7_0,53_40_6_0
27_66_11_0,53_40_10
27_67_6_0,53_41_5
27_67_8_0,53_41_7
27_67_12_0,53_41_11
27_68_9_0,53_42_8
27_71_6_1,53_45_5_0
28_27_2,55_0_1
28_27_3,55_0_2
28_27_4,55_0_3
28_27_5,55_0_4
28_27_6,55_0_5
28_27_7,55_0_6
28_27_8,55_0_7
28_27_9,55_0_8
28_27_10,55_0_9
28_27_11,55_0_10
28_27_12,55_0_11
28_27_13_1,55_0_12
28_27_14_1,55_0_13
28_27_15_1,55_0_14
28_27_16,55_0_15
28_27_17,55_0_16
28_27_18,55_0_17
28_27_19,55_0_18
28_27_20,55_0_19
28_27_21,55_0_20
28_27_22,55_0_21
28_27_23,55_0_22
28_27_24,55_0_23
28_27_25,55_0_24
28_27_26,55_0_25
28_27_27,55_0_26
28_28_2,55_1_1
28_29_3,55_2_2
28_30_3_0,55_3_2
28_30_4_0,55_3_3
28_33_3,55_6_2
28_34_2,55_7_1
28_34_3_0,55_7_2
28_34_4_0,55_7_3
28_34_5_0,55_7_4
28_35_3,55_8_2
28_35_4_1,55_8_3
28_36_4,55_9_3
28_36_5,55_9_4
28_36_6_1,55_9_5
28_37_7_0,55_10_6
28_38_7_0,55_11_6
28_38_8_0,55_11_7
28_41_3_0,55_14_2
28_41_4_0,55_14_3
28_41_6,55_14_5
28_41_7_0,55_14_6
28_42_3,55_15_2
28_42_4_0,55_15_3
28_42_5,55_15_4
28_42_6_0,55_15_5_1 + 55_15_5_0
28_42_6_1,55_15_5_0
28_42_7_1,55_15_6
28_42_8_0,55_15_7
28_42_9_0,55_15_8
28_43_3,55_16_2
28_43_7,55_16_6
28_43_8_1,55_16_7
28_44_4_0,55_17_3
28_44_6_0,55_17_5
28_44_7,55_17_6
28_44_8,55_17_7
28_44_9,55_17_8
28_44_10_1,55_17_9
28_45_4_0,55_18_3
28_45_5_0,55_18_4_1
28_45_6_0,55_18_5
28_45_11,55_18_10
28_46_11_0,55_19_10
28_46_12_0,55_19_11
28_47_6_0,55_20_5
28_47_7_0,55_20_6
28_48_4_0,55_21_3
28_48_6_0,55_21_5
28_49_10,55_22_9
28_49_11_0,55_22_10
28_50_5,55_23_4
28_50_7,55_23_6
28_50_9,55_23_8
28_50_10_0,55_23_9_1 + 55_23_9_0
28_50_10_1,55_23_9_0
28_50_11_1,55_23_10
28_50_12_0,55_23_11
28_50_13_0,55_23_12
28_51_6_0,55_24_5
28_51_11,55_24_10
28_51_12_1,55_24_11
28_52_10,55_25_9
28_52_11_0,55_25_10
28_52_12,55_25_11
28_52_13,55_25_12
28_52_14_1,55_25_13
28_53_7_0,55_26_6
28_53_9_0,55_26_8
28_53_10_0,55_26_9
28_53_15_0,55_26_14
28_54_15_0,55_27_14
28_54_16_0,55_27_15
28_55_10,55_28_9
28_55_11_0,55_28_10
28_56_9_0,55_29_8
28_56_10_0,55_29_9
28_57_4,55_30_3
28_57_5,55_30_4
28_57_6,55_30_5
28_57_7,55_30_6
28_57_8_0,55_30_7
28_57_9_0,55_30_8
28_57_10_0,55_30_9
28_57_11_0,55_30_10
28_57_12_0,55_30_11
28_57_14,55_30_13
28_57_15_0,55_30_14
28_58_3,55_31_2
28_58_4_0,55_31_3_1
28_58_4_1,55_31_3_0
28_58_5_1,55_31_4
28_58_6,55_31_5_1
28_58_7_1,55_31_6
28_58_8_0,55_31_7
28_58_9,55_31_8_1 + 55_31_8_0
28_58_10_0,55_31_9_0
28_58_10_1,55_31_9_1 + 55_31_9_0
28_58_11_0,55_31_10_0
28_58_11_1,55_31_10_1
28_58_12,55_31_11
28_58_13,55_31_12
28_58_14_0,55_31_13_1 + 55_31_13_0
28_58_14_1,55_31_13_0
28_58_15_1,55_31_14
28_58_16_0,55_31_15
28_58_17_0,55_31_16
28_59_3,55_32_2
28_59_7_1,55_32_6
28_59_9,55_32_8
28_59_10_0,55_32_9
28_59_15,55_32_14
28_59_16_1,55_32_15
28_60_4,55_33_3
28_60_6_0,55_33_5
28_60_8_0,55_33_7
28_60_14_0,55_33_13
28_60_15_0,55_33_14
28_60_16,55_33_15
28_60_17,55_33_16
28_60_18_1,55_33_17
28_61_4_0,55_34_3
28_61_5_0,55_34_4
28_61_9_0,55_34_8
28_61_10_0,55_34_9
28_61_11_0,55_34_10
28_61_13_0,55_34_12
28_61_14_0,55_34_13
28_62_9_0,55_35_8
28_62_10_0,55_35_9
28_63_7_0,55_36_6
28_63_14,55_36_13
28_63_15_0,55_36_14
28_64_4_1,55_37_3
28_64_6_0,55_37_5
28_64_7_0,55_37_6
28_64_8_0,55_37_7_1 + 55_37_7_0
28_64_8_1,55_37_7_0
28_64_9_0,55_37_8_1
28_64_9_1,55_37_8_0
28_64_10_1,55_37_9
28_64_11,55_37_10
28_64_13,55_37_12
28_64_14_0,55_37_13
28_65_3,55_38_2
28_65_4_0,55_38_3
28_65_5_0,55_38_4_1
28_65_6_1,55_38_5
28_65_7_1,55_38_6_0
28_65_7_2,55_38_6_1 + 55_38_6_0
28_65_8_0,55_38_7
28_65_9_0,55_38_8
28_65_10_0,55_38_9
28_66_4,55_39_3
28_66_5_1,55_39_4
28_66_6_1,55_39_5
28_66_8_0,55_39_7
28_66_10_0,55_39_9
28_67_5_0,55_40_4_1
28_67_5_1,55_40_4_0
28_67_6_0,55_40_5_0
28_67_6_1,55_40_5_1
28_67_7_0,55_40_6_0
28_67_7_2,55_40_6_1
28_67_9_0,55_40_8
28_67_11_0,55_40_10
28_68_4_1,55_41_3
28_68_5_0,55_41_4
28_68_6_0,55_41_5
28_68_8_0,55_41_7
28_68_11_0,55_41_10
28_69_8_0,55_42_7
28_69_9_0,55_42_8
28_69_10_1,55_42_9
28_71_6_0,55_44_5
28_71_7_0,55_44_6
28_72_4,55_45_3
28_72_5_0,55_45_4
28_72_6_1,55_45_5_0
28_72_7_1,55_45_6
29_31_4,57_3_3
29_34_3_0,57_6_2
29_37_4,57_9_3
29_42_7_0,57_14_6
29_45_8,57_17_7
29_46_5,57_18_4_1
29_48_7_0,57_20_6
29_49_4_0,57_21_3
29_49_6_1,57_21_5
29_50_5_1,57_22_4
29_50_11,57_22_10
29_51_7_0,57_23_6
29_53_12_0,57_25_11
29_54_7,57_26_6
29_54_10_0,57_26_9
29_56_11_0,57_28_10
29_57_10_0,57_29_9
29_58_6,57_30_5
29_58_15,57_30_14
29_59_11_0,57_31_10_0
29_60_10_0,57_32_9
29_61_6_2,57_33_5
29_61_16,57_33_15
29_62_5_2,57_34_4
29_62_7_0,57_34_6
29_62_11_0,57_34_10
29_63_6_0,57_35_5
29_63_10_0,57_35_9
29_64_15_0,57_36_14
29_65_4_0,57_37_3
29_65_8_0,57_37_7_0
29_65_11_0,57_37_10
29_65_14_0,57_37_13
29_66_7_0,57_38_6_0
29_66_10_1,57_38_9
29_67_8_0,57_39_7
29_68_5_0,57_40_4_1
29_68_7_1,57_40_6_0
29_69_6_1,57_41_5
30_29_2,59_0_1
30_29_3,59_0_2
30_29_4,59_0_3
30_29_5,59_0_4
30_29_6,59_0_5
30_29_7_1,59_0_6
30_29_8_1,59_0_7
30_29_9_1,59_0_8
30_29_10,59_0_9
30_29_11,59_0_10
30_29_12,59_0_11
30_29_13,59_0_12
30_29_14,59_0_13
30_29_15,59_0_14
30_29_16,59_0_15
30_29_17,59_0_16
30_29_18,59_0_17
30_29_19,59_0_18
30_29_20,59_0_19
30_29_21,59_0_20
30_29_22,59_0_21
30_29_23,59_0_22
30_29_24,59_0_23
30_29_25,59_0_24
30_29_26,59_0_25
30_29_27,59_0_26
30_31_3_1,59_2_2
30_32_2,59_3_1
30_32_3,59_3_2
30_32_4_0,59_3_3
30_35_3,59_6_2
30_36_3,59_7_2
30_36_4,59_7_3
30_36_5,59_7_4
30_38_4_0,59_9_3
30_40_6_0,59_11_5
30_40_7,59_11_6
30_40_8_0,59_11_7
30_43_4,59_14_3
30_43_6,59_14_5
30_43_7,59_14_6
30_44_3,59_15_2
30_44_4_0,59_15_3
30_44_5_0,59_15_4
30_44_6_0,59_15_5_1 + 59_15_5_0
30_44_7,59_15_6
30_44_8,59_15_7
30_44_9,59_15_8
30_45_7_0,59_16_6
30_46_4_1,59_17_3
30_46_6_0,59_17_5
30_46_7_0,59_17_6
30_46_8_0,59_17_7
30_47_3,59_18_2
30_47_4,59_18_3
30_47_5_0,59_18_4_1
30_47_5_1,59_18_4_0
30_47_6_0,59_18_5
30_48_10,59_19_9
30_48_11,59_19_10
30_48_12_0,59_19_11
30_49_6_0,59_20_5
30_49_7_0,59_20_6
30_50_4_0,59_21_3
30_50_6_0,59_21_5
30_51_5_0,59_22_4
30_51_10,59_22_9
30_51_11,59_22_10
30_52_6_1,59_23_5
30_52_7_0,59_23_6
30_52_9,59_23_8
30_52_10,59_23_9_1 + 59_23_9_0
30_52_11_0,59_23_10
30_52_12,59_23_11
30_52_13,59_23_12
30_53_11_0,59_24_10
30_54_9_0,59_25_8
30_54_10_0,59_25_9
30_54_11_0,59_25_10
30_54_12_0,59_25_11
30_55_7_0,59_26_6
30_55_9,59_26_8
30_55_10,59_26_9
30_56_14,59_27_13
30_56_15,59_27_14
30_56_16_0,59_27_15
30_57_9_0,59_28_8
30_57_10_0,59_28_9
30_57_11_0,59_28_10
30_58_9,59_29_8
30_58_10,59_29_9
30_59_4,59_30_3
30_59_5,59_30_4
30_59_6,59_30_5
30_59_8,59_30_7
30_59_9,59_30_8
30_59_10_0,59_30_9
30_59_11_0,59_30_10
30_59_12_0,59_30_11
30_59_14,59_30_13
30_59_15,59_30_14
30_60_3,59_31_2
30_60_4,59_31_3_1
30_60_5,59_31_4
30_60_6,59_31_5_1
30_60_7_0,59_31_6
30_60_8_0,59_31_7
30_60_9_0,59_31_8_1 + 59_31_8_0
30_60_9_1,59_31_8_0
30_60_10_0,59_31_9_0
30_60_10_1,59_31_9_1 + 59_31_9_0
30_60_11_0,59_31_10_0
30_60_11_1,59_31_10_1
30_60_12_1,59_31_11
30_60_13_0,59_31_12
30_60_14_0,59_31_13_1 + 59_31_13_0
30_60_15_0,59_31_14
30_60_16,59_31_15
30_60_17,59_31_16
30_61_8_1,59_32_7
30_61_9_0,59_32_8
30_61_10_0,59_32_9
30_61_15,59_32_14
30_62_4_1,59_33_3
30_62_5_0,59_33_4
30_62_6_0,59_33_5
30_62_8_0,59_33_7
30_62_14_0,59_33_13
30_62_15_0,59_33_14
30_62_16_0,59_33_15
30_63_3,59_34_2
30_63_4,59_34_3
30_63_5_0,59_34_4
30_63_7_0,59_34_6
30_63_9_0,59_34_8
30_63_10_0,59_34_9
30_63_11_0,59_34_10
30_63_13,59_34_12
30_63_14,59_34_13
30_64_6_0,59_35_5
30_64_9_0,59_35_8
30_64_10_0,59_35_9
30_65_13_0,59_36_12
30_65_14_0,59_36_13
30_66_4,59_37_3
30_66_7_0,59_37_6
30_66_8_0,59_37_7_1 + 59_37_7_0
30_66_8_1,59_37_7_0
30_66_9_0,59_37_8_1
30_66_9_1,59_37_8_0
30_66_10_1,59_37_9
30_66_11_0,59_37_10
30_66_13,59_37_12
30_67_4,59_38_3
30_67_5_0,59_38_4_1
30_67_6_1,59_38_5
30_67_7_1,59_38_6_0
30_67_8_0,59_38_7
30_67_9_0,59_38_8
30_67_10_0,59_38_9
30_68_6_1,59_39_5
30_68_8_0,59_39_7
30_69_5_0,59_40_4_1
30_69_5_2,59_40_4_0
30_69_6_0,59_40_5_0
30_69_7_0,59_40_6_0
30_70_4_1,59_41_3
30_70_5_0,59_41_4
30_70_6_0,59_41_5
30_71_7_0,59_42_6
30_71_8_0,59_42_7
30_73_6,59_44_5
30_74_5,59_45_4
31_31_2,61_1_1
31_32_3,61_2_2
31_33_4_0,61_3_3
31_38_3_0,61_8_2
31_39_4_0,61_9_3
31_39_5_0,61_9_4
31_40_7,61_10_6
31_41_8,61_11_7
31_45_6_0,61_15_5_0
31_46_3,61_16_2
31_46_7_0,61_16_6
31_47_4,61_17_3
31_47_8_0,61_17_7
31_47_9,61_17_8
31_48_5_0,61_18_4_1
31_48_6_0,61_18_5
31_48_11,61_18_10
31_49_12,61_19_11
31_51_6_0,61_21_5
31_52_5_1,61_22_4
31_53_10_0,61_23_9_0
31_54_6_0,61_24_5
31_54_11_0,61_24_10
31_55_12_0,61_25_11
31_55_13,61_25_12
31_56_10_0,61_26_9
31_56_15,61_26_14
31_57_16,61_27_15
31_59_10_0,61_29_9
31_61_4_0,61_31_3_0
31_61_6_0,61_31_5_0
31_61_14_0,61_31_13_0
31_62_3,61_32_2
31_62_5_1,61_32_4
31_62_10_0,61_32_9
31_62_15_0,61_32_14
31_63_4,61_33_3
31_63_6_0,61_33_5
31_63_8_0,61_33_7
31_63_16_0,61_33_15
31_64_5_0,61_34_4
31_64_7_1,61_34_6
31_64_14_0,61_34_13
31_65_6_1,61_35_5
31_65_10_0,61_35_9
31_66_7_1,61_36_6
31_67_8_0,61_37_7_0
31_68_7_0,61_38_6_0
31_68_10_0,61_38_9
31_69_4,61_39_3
31_69_6_0,61_39_5
31_69_8_1,61_39_7
31_70_5_0,61_40_4_1
31_70_6_0,61_40_5_1
31_70_7_0,61_40_6_0
31_71_6_2,61_41_5
31_71_8_1,61_41_7
32_31_1,63_0_0
32_31_2_1,63_0_1
32_31_3_2,63_0_2
32_31_4_1,63_0_3
32_31_5_2,63_0_4
32_31_6_1,63_0_5
32_31_7_1,63_0_6
32_31_8_2,63_0_7
32_31_9_2,63_0_8
32_31_10_2,63_0_9
32_31_11_1,63_0_10
32_31_12_1,63_0_11
32_31_13_2,63_0_12
32_31_14_1,63_0_13
32_31_15_1,63_0_14
32_31_16_1,63_0_15
32_31_17,63_0_16
32_31_18,63_0_17
32_31_19,63_0_18
32_31_20,63_0_19
32_31_21,63_0_20
32_31_22,63_0_21
32_31_23,63_0_22
32_31_24,63_0_23
32_31_25,63_0_24
32_31_26,63_0_25
32_31_27,63_0_26
32_32_2_0,63_1_1
32_33_3_0,63_2_2
32_34_2_0,63_3_1
32_34_3_0,63_3_2
32_34_4_0,63_3_3
32_37_3_0,63_6_2
32_38_2_0,63_7_1
32_38_3_0,63_7_2
32_38_4_0,63_7_3
32_38_5_0,63_7_4
32_39_3_0,63_8_2
32_39_4_1,63_8_3
32_40_4_0,63_9_3
32_40_5_1,63_9_4
32_40_6_1,63_9_5
32_41_7_0,63_10_6
32_42_6_0,63_11_5
32_42_7_0,63_11_6
32_42_8_0,63_11_7
32_45_3_0,63_14_2
32_45_4_0,63_14_3
32_45_5_1,63_14_4
32_45_6_0,63_14_5
32_45_7_0,63_14_6
32_46_2,63_15_1
32_46_3_0,63_15_2
32_46_4_0,63_15_3
32_46_5_0,63_15_4
32_46_6_0,63_15_5_1 + 63_15_5_0
32_46_6_1,63_15_5_0
32_46_7_1,63_15_6
32_46_8_0,63_15_7
32_46_9_0,63_15_8
32_47_3_0,63_16_2
32_47_7_0,63_16_6
32_47_8_1,63_16_7
32_48_4_0,63_17_3
32_48_5_1,63_17_4
32_48_6_0,63_17_5
32_48_7_0,63_17_6
32_48_8_0,63_17_7
32_48_9_1,63_17_8
32_48_10_1,63_17_9
32_49_3_0,63_18_2
32_49_4_0,63_18_3
32_49_5_0,63_18_4_1
32_49_5_2,63_18_4_0
32_49_6_0,63_18_5
32_49_11_0,63_18_10
32_50_4_1,63_19_3
32_50_10_0,63_19_9
32_50_11_0,63_19_10
32_50_12_0,63_19_11
32_51_5_1,63_20_4
32_51_6_0,63_20_5
32_51_7_0,63_20_6
32_52_4_0,63_21_3
32_52_6_0,63_21_5
32_53_5_1,63_22_4
32_53_9_0,63_22_8
32_53_10_0,63_22_9
32_53_11_0,63_22_10
32_54_5_0,63_23_4
32_54_6_2,63_23_5
32_54_7_0,63_23_6
32_54_8_1,63_23_7
32_54_9_0,63_23_8
32_54_10_0,63_23_9_1 + 63_23_9_0
32_54_10_1,63_23_9_0
32_54_11_1,63_23_10
32_54_12_0,63_23_11
32_54_13_0,63_23_12
32_55_6_0,63_24_5
32_55_11_0,63_24_10
32_55_12_1,63_24_11
32_56_9_0,63_25_8
32_56_10_0,63_25_9
32_56_11_0,63_25_10
32_56_12_0,63_25_11
32_56_13_1,63_25_12
32_56_14_1,63_25_13
32_57_7_0,63_26_6
32_57_8_1,63_26_7
32_57_9_0,63_26_8
32_57_10_0,63_26_9
32_57_15_0,63_26_14
32_58_14_0,63_27_13
32_58_15_0,63_27_14
32_58_16_0,63_27_15
32_59_9,63_28_8
32_59_10_0,63_28_9
32_59_11_0,63_28_10
32_60_8_0,63_29_7
32_60_9_0,63_29_8
32_60_10_0,63_29_9
32_61_3,63_30_2
32_61_4_0,63_30_3
32_61_5_0,63_30_4
32_61_6_0,63_30_5
32_61_7_1,63_30_6
32_61_8_0,63_30_7
32_61_9_0,63_30_8
32_61_10_0,63_30_9
32_61_11_0,63_30_10
32_61_12_0,63_30_11
32_61_13_1,63_30_12
32_61_14_0,63_30_13
32_61_15_0,63_30_14
32_62_2,63_31_1
32_62_3_0,63_31_2
32_62_4_0,63_31_3_1
32_62_4_1,63_31_3_0
32_62_5_1,63_31_4
32_62_6_0,63_31_5_1
32_62_6_1,63_31_5_0
32_62_7_1,63_31_6
32_62_8_0,63_31_7
32_62_9_0,63_31_8_1 + 63_31_8_0
32_62_9_1,63_31_8_0
32_62_10_0,63_31_9_0
32_62_10_1,63_31_9_1 + 63_31_9_0
32_62_11_0,63_31_10_0
32_62_11_1,63_31_10_1
32_62_12_1,63_31_11
32_62_13_0,63_31_12
32_62_14_0,63_31_13_1 + 63_31_13_0
32_62_14_1,63_31_13_0
32_62_15_1,63_31_14
32_62_16_0,63_31_15
32_62_17_0,63_31_16
32_63_3_0,63_32_2
32_63_5_1,63_32_4
32_63_7_1,63_32_6
32_63_8_1,63_32_7
32_63_9_0,63_32_8
32_63_10_0,63_32_9
32_63_15_0,63_32_14
32_63_16_1,63_32_15
32_64_4_0,63_33_3
32_64_5_2,63_33_4
32_64_6_0,63_33_5
32_64_8_0,63_33_7
32_64_13,63_33_12
32_64_14_0,63_33_13
32_64_15_0,63_33_14
32_65_3_0,63_34_2
32_65_4_0,63_34_3
32_65_5_0,63_34_4
32_65_7_0,63_34_6
32_65_9_1,63_34_8
32_65_10_0,63_34_9
32_65_11_0,63_34_10
32_65_12_1,63_34_11
32_65_13_0,63_34_12
32_65_14_0,63_34_13
32_66_6_0,63_35_5
32_66_8_1,63_35_7
32_66_9_0,63_35_8
32_66_10_0,63_35_9
32_67_7_1,63_36_6
32_68_4_0,63_37_3
32_68_6_1,63_37_5
32_68_7_0,63_37_6
32_68_8_0,63_37_7_1 + 63_37_7_0
32_68_8_1,63_37_7_0
32_68_9_1,63_37_8_1
32_68_9_2,63_37_8_0
32_68_10_1,63_37_9
32_68_11_0,63_37_10
32_69_3,63_38_2
32_69_4_0,63_38_3
32_69_5_0,63_38_4_1
32_69_5_3,63_38_4_0
32_69_6_1,63_38_5
32_69_7_1,63_38_6_0
32_69_7_3,63_38_6_1
32_69_8_1,63_38_7
32_69_9_0,63_38_8
32_69_10_0,63_38_9
32_70_4_0,63_39_3
32_70_5_1,63_39_4
32_70_6_1,63_39_5
32_70_8_1,63_39_7
32_71_5_0,63_40_4_1
32_71_5_2,63_40_4_0
32_71_6_0,63_40_5_0
32_71_6_2,63_40_5_1
32_71_7_0,63_40_6_0
32_71_7_3,63_40_6_1
32_72_4_1,63_41_3
32_72_5_0,63_41_4
32_72_6_0,63_41_5
34_33_2,67_0_1
34_33_3_1,67_0_2
34_33_4_1,67_0_3
34_33_5_1,67_0_4
34_33_6,67_0_5
34_33_7_1,67_0_6
34_33_8,67_0_7
34_33_9,67_0_8
34_33_10,67_0_9
34_33_11,67_0_10
34_33_12_1,67_0_11
34_33_13_1,67_0_12
34_33_14_1,67_0_13
34_33_15_1,67_0_14
34_33_16_1,67_0_15
34_33_17_1,67_0_16
34_33_18,67_0_17
34_33_19,67_0_18
34_33_20,67_0_19
34_33_21,67_0_20
34_33_22,67_0_21
34_33_23,67_0_22
34_33_24,67_0_23
34_33_25,67_0_24
34_33_26,67_0_25
34_33_27,67_0_26
34_36_3,67_3_2
34_36_4,67_3_3
34_40_3,67_7_2
34_40_4_0,67_7_3
34_40_5_0,67_7_4
34_42_5,67_9_4
34_44_6_0,67_11_5
34_44_7,67_11_6
34_44_8,67_11_7
34_47_4,67_14_3
34_47_6_0,67_14_5
34_47_7_0,67_14_6
34_48_3,67_15_2
34_48_4_0,67_15_3
34_48_5_0,67_15_4
34_48_6_0,67_15_5_1 + 67_15_5_0
34_48_7_1,67_15_6
34_48_8_0,67_15_7
34_48_9_0,67_15_8
34_50_6_0,67_17_5
34_50_7,67_17_6
34_50_8,67_17_7
34_50_9,67_17_8
34_51_4,67_18_3
34_51_5_0,67_18_4_1
34_51_6_0,67_18_5
34_52_10,67_19_9
34_52_11_0,67_19_10
34_52_12,67_19_11
34_53_6_0,67_20_5
34_53_7_0,67_20_6
34_55_10,67_22_9
34_55_11_0,67_22_10
34_56_7,67_23_6
34_56_8,67_23_7
34_56_9_0,67_23_8
34_56_10_0,67_23_9_1 + 67_23_9_0
34_56_11_1,67_23_10
34_56_12_0,67_23_11
34_56_13_0,67_23_12
34_57_6,67_24_5
34_58_10,67_25_9
34_58_11,67_25_10
34_58_12,67_25_11
34_58_13,67_25_12
34_59_7,67_26_6
34_59_8,67_26_7
34_59_9_0,67_26_8
34_59_10_0,67_26_9
34_60_14_0,67_27_13
34_60_15_0,67_27_14
34_60_16,67_27_15
34_61_10_0,67_28_9
34_61_11_0,67_28_10
34_62_8_0,67_29_7
34_62_9_0,67_29_8
34_62_10_0,67_29_9
34_63_4,67_30_3
34_63_5_0,67_30_4
34_63_6_0,67_30_5
34_63_8_0,67_30_7
34_63_9_0,67_30_8
34_63_10_0,67_30_9
34_63_11_0,67_30_10
34_63_12,67_30_11
34_63_14,67_30_13
34_63_15_0,67_30_14
34_64_3,67_31_2
34_64_4_0,67_31_3_1
34_64_5_1,67_31_4
34_64_6_0,67_31_5_1
34_64_7_1,67_31_6
34_64_8_0,67_31_7
34_64_9_0,67_31_8_1 + 67_31_8_0
34_64_10_0,67_31_9_0
34_64_10_1,67_31_9_1 + 67_31_9_0
34_64_11_0,67_31_10_0
34_64_11_1,67_31_10_1
34_64_12,67_31_11
34_64_13_0,67_31_12
34_64_14_0,67_31_13_1 + 67_31_13_0
34_64_15_1,67_31_14
34_65_8_1,67_32_7
34_65_9_0,67_32_8
34_65_10_0,67_32_9
34_66_5,67_33_4
34_66_6_0,67_33_5
34_67_4,67_34_3
34_67_5_0,67_34_4
34_67_10_0,67_34_9
34_67_11_0,67_34_10
34_67_12_0,67_34_11
34_68_9_0,67_35_8
34_68_10_0,67_35_9
34_70_7_0,67_37_6
34_70_8_0,67_37_7_1 + 67_37_7_0
34_70_9_0,67_37_8_1
34_71_4,67_38_3
34_71_5_0,67_38_4_1
34_71_6_1,67_38_5
34_71_8,67_38_7
34_73_6_0,67_40_5_0
34_73_6_1,67_40_5_1
34_74_5,67_41_4
35_36_3,69_2_2
35_37_4,69_3_3
35_42_4,69_8_3
35_43_4,69_9_3
35_43_5,69_9_4
35_44_7,69_10_6
35_45_8,69_11_7
35_50_7,69_16_6
35_50_8,69_16_7
35_51_4,69_17_3
35_51_8_0,69_17_7
35_51_9_0,69_17_8
35_52_5_0,69_18_4_1
35_52_11_0,69_18_10
35_53_12_0,69_19_11
35_54_7,69_20_6
35_57_5,69_23_4
35_57_7_1,69_23_6
35_58_6_0,69_24_5
35_58_11,69_24_10
35_58_12,69_24_11
35_59_12_0,69_25_11
35_59_13_0,69_25_12
35_60_7_0,69_26_6
35_60_15_0,69_26_14
35_61_16,69_27_15
35_64_12,69_30_11
35_65_11_0,69_31_10_0
35_67_4,69_33_3
35_67_6_0,69_33_5
35_67_8_0,69_33_7
35_68_5_0,69_34_4
35_68_11_0,69_34_10
35_71_8,69_37_7_0
35_72_7,69_38_6_0
35_73_5,69_39_4
35_73_6_0,69_39_5
35_74_5,69_40_4_1
36_35_2,71_0_1
36_35_3,71_0_2
36_35_4,71_0_3
36_35_5_1,71_0_4
36_35_6,71_0_5
36_35_7_1,71_0_6
36_35_8_1,71_0_7
36_35_9_1,71_0_8
36_35_10,71_0_9
36_35_11,71_0_10
36_35_12,71_0_11
36_35_13,71_0_12
36_35_14,71_0_13
36_35_15,71_0_14
36_35_16,71_0_15
36_35_17_1,71_0_16
36_35_18_1,71_0_17
36_35_19_1,71_0_18
36_35_20,71_0_19
36_35_21,71_0_20
36_35_22,71_0_21
36_35_23,71_0_22
36_35_24,71_0_23
36_35_25,71_0_24
36_35_26,71_0_25
36_35_27,71_0_26
36_36_2,71_1_1
36_37_3_0,71_2_2
36_38_3_0,71_3_2
36_38_4_0,71_3_3
36_42_3,71_7_2
36_42_4_0,71_7_3
36_42_5_0,71_7_4
36_43_3,71_8_2
36_43_4_1,71_8_3
36_44_4_0,71_9_3
36_44_5_0,71_9_4
36_44_6_1,71_9_5
36_45_7_0,71_10_6
36_46_7_0,71_11_6
36_46_8_0,71_11_7
36_49_4_0,71_14_3
36_49_6_0,71_14_5
36_49_7,71_14_6
36_50_3,71_15_2
36_50_4_0,71_15_3
36_50_5,71_15_4
36_50_6_0,71_15_5_1 + 71_15_5_0
36_50_6_1,71_15_5_0
36_50_7_1,71_15_6
36_50_8_0,71_15_7
36_50_9_0,71_15_8
36_51_3,71_16_2
36_51_7_0,71_16_6
36_51_8_1,71_16_7
36_52_4_0,71_17_3
36_52_6_0,71_17_5
36_52_7,71_17_6
36_52_8_0,71_17_7
36_52_9,71_17_8
36_52_10_1,71_17_9
36_53_4_0,71_18_3
36_53_5_0,71_18_4_1
36_53_6_0,71_18_5
36_53_11_0,71_18_10
36_54_11_0,71_19_10
36_54_12_0,71_19_11
36_55_6,71_20_5
36_55_7_0,71_20_6
36_56_6,71_21_5
36_57_5_1,71_22_4
36_57_10_0,71_22_9
36_57_11_0,71_22_10
36_58_5,71_23_4
36_58_7_0,71_23_6
36_58_9,71_23_8
36_58_10_0,71_23_9_1 + 71_23_9_0
36_58_10_1,71_23_9_0
36_58_11_1,71_23_10
36_58_12_0,71_23_11
36_58_13_0,71_23_12
36_59_6,71_24_5
36_59_11_0,71_24_10
36_59_12_1,71_24_11
36_60_10_0,71_25_9
36_60_11_0,71_25_10
36_60_12_0,71_25_11
36_60_13_0,71_25_12
36_60_14_1,71_25_13
36_61_7_0,71_26_6
36_61_9_0,71_26_8
36_61_10_0,71_26_9
36_61_15,71_26_14
36_62_15_0,71_27_14
36_62_16_0,71_27_15
36_63_10_0,71_28_9
36_63_11_0,71_28_10
36_64_9_0,71_29_8
36_64_10_0,71_29_9
36_65_4_0,71_30_3
36_65_5_0,71_30_4
36_65_6_0,71_30_5
36_65_8_0,71_30_7
36_65_9_0,71_30_8
36_65_10_0,71_30_9
36_65_11_0,71_30_10
36_65_12_0,71_30_11
36_65_14_0,71_30_13
36_66_3,71_31_2
36_66_4_0,71_31_3_1
36_66_4_1,71_31_3_0
36_66_5_1,71_31_4
36_66_6_0,71_31_5_1
36_66_7_1,71_31_6
36_66_8_0,71_31_7
36_66_9,71_31_8_1 + 71_31_8_0
36_66_10_0,71_31_9_0
36_66_10_1,71_31_9_1 + 71_31_9_0
36_66_11_0,71_31_10_0
36_66_11_1,71_31_10_1
36_66_12_0,71_31_11
36_66_13,71_31_12
36_67_3,71_32_2
36_67_7_1,71_32_6
36_67_9_0,71_32_8
36_67_10_0,71_32_9
36_68_4_0,71_33_3
36_68_5_1,71_33_4
36_68_6_0,71_33_5
36_68_8_0,71_33_7
36_69_4_0,71_34_3
36_69_5_0,71_34_4
36_69_10_0,71_34_9
36_70_9_0,71_35_8
36_72_7_0,71_37_6
36_73_4,71_38_3
36_73_5_0,71_38_4_1
36_73_6_1,71_38_5
36_74_4,71_39_3
36_74_5_1,71_39_4
37_42_3,73_6_2
37_45_4_1,73_9_3
37_50_7,73_14_6
37_53_8,73_17_7
37_54_6_0,73_18_5
37_56_7,73_20_6
37_57_4,73_21_3
37_57_6_1,73_21_5
37_58_5_1,73_22_4
37_58_11,73_22_10
37_59_7,73_23_6
37_61_12_0,73_25_11
37_62_7_0,73_26_6
37_63_16_1,73_27_15
37_64_11,73_28_10
37_65_10_0,73_29_9
37_67_11_0,73_31_10_0
37_68_10_0,73_32_9
37_70_7_0,73_34_6
37_73_4,73_37_3
38_37_2,75_0_1
38_37_3_1,75_0_2
38_37_4,75_0_3
38_37_5_1,75_0_4
38_37_6_1,75_0_5
38_37_7_2,75_0_6
38_37_8_2,75_0_7
38_37_9_1,75_0_8
38_37_10_1,75_0_9
38_37_11_1,75_0_10
38_37_12_1,75_0_11
38_37_13_1,75_0_12
38_37_14,75_0_13
38_37_15,75_0_14
38_37_16,75_0_15
38_37_17,75_0_16
38_37_18,75_0_17
38_37_19,75_0_18
38_37_20,75_0_19
38_37_21,75_0_20
38_37_22,75_0_21
38_37_23,75_0_22
38_37_24,75_0_23
38_37_25,75_0_24
38_37_26,75_0_25
38_37_27,75_0_26
38_40_3,75_3_2
38_40_4_0,75_3_3
38_43_3,75_6_2
38_44_3,75_7_2
38_44_4_0,75_7_3
38_44_5_0,75_7_4
38_46_4_0,75_9_3
38_48_6_0,75_11_5
38_48_7_0,75_11_6
38_48_8_0,75_11_7
38_51_4,75_14_3
38_51_6_0,75_14_5
38_51_7_0,75_14_6
38_52_3,75_15_2
38_52_4_0,75_15_3
38_52_5_0,75_15_4
38_52_6_0,75_15_5_1 + 75_15_5_0
38_52_7,75_15_6
38_52_8_0,75_15_7
38_52_9,75_15_8
38_53_7_0,75_16_6
38_54_5,75_17_4
38_54_6_0,75_17_5
38_54_7_0,75_17_6
38_54_8_0,75_17_7
38_55_4,75_18_3
38_55_5_0,75_18_4_1
38_55_5_1,75_18_4_0
38_55_6,75_18_5
38_56_4,75_19_3
38_56_10_0,75_19_9
38_56_11_0,75_19_10
38_56_12_0,75_19_11
38_57_6_0,75_20_5
38_57_7_0,75_20_6
38_58_4,75_21_3
38_58_6_0,75_21_5
38_59_5,75_22_4
38_59_10_0,75_22_9
38_59_11_0,75_22_10
38_60_6,75_23_5
38_60_7_0,75_23_6
38_60_9_0,75_23_8
38_60_10_0,75_23_9_1 + 75_23_9_0
38_60_11_0,75_23_10
38_60_12_0,75_23_11
38_60_13_0,75_23_12
38_61_6_2,75_24_5
38_61_11_0,75_24_10
38_62_10_0,75_25_9
38_62_11_0,75_25_10
38_62_12_0,75_25_11
38_63_7_0,75_26_6
38_63_9_0,75_26_8
38_63_10_0,75_26_9
38_63_15_1,75_26_14
38_64_14_0,75_27_13
38_64_15_0,75_27_14
38_65_9_0,75_28_8
38_65_10_0,75_28_9
38_65_11_0,75_28_10
38_66_9,75_29_8
38_66_10_0,75_29_9
38_67_4,75_30_3
38_67_5_0,75_30_4
38_67_6_0,75_30_5
38_67_8_0,75_30_7
38_67_9_0,75_30_8
38_67_10_0,75_30_9
38_67_11_0,75_30_10
38_67_12_0,75_30_11
38_68_3,75_31_2
38_68_4_0,75_31_3_1
38_68_5_0,75_31_4
38_68_6_0,75_31_5_1
38_68_7_0,75_31_6
38_68_8_0,75_31_7
38_68_9_0,75_31_8_1 + 75_31_8_0
38_68_9_1,75_31_8_0
38_68_10_0,75_31_9_0
38_68_10_1,75_31_9_1 + 75_31_9_0
38_68_11_0,75_31_10_0
38_68_11_1,75_31_10_1
38_69_9_0,75_32_8
38_69_10_0,75_32_9
38_70_5_0,75_33_4
38_70_6_0,75_33_5
38_70_8_0,75_33_7
38_71_4,75_34_3
38_71_5_0,75_34_4
38_71_7_0,75_34_6
38_72_6,75_35_5
38_74_4,75_37_3
38_75_4,75_38_3
39_40_3,77_2_2
39_41_4_0,77_3_3
39_47_4,77_9_3
39_47_5_0,77_9_4
39_48_7_0,77_10_6
39_49_8,77_11_7
39_53_6,77_15_5_0
39_54_7_0,77_16_6
39_55_4,77_17_3
39_55_8,77_17_7
39_55_9,77_17_8
39_56_5,77_18_4_1
39_56_6,77_18_5
39_56_11_0,77_18_10
39_57_4_1,77_19_3
39_57_12_0,77_19_11
39_59_6,77_21_5
39_60_5,77_22_4
39_61_5_1,77_23_4
39_61_10_0,77_23_9_0
39_62_6_0,77_24_5
39_62_11_0,77_24_10
39_63_12,77_25_11
39_63_13,77_25_12
39_63_14,77_25_13
39_64_10_0,77_26_9
39_64_15_0,77_26_14
39_67_10_0,77_29_9
39_69_4,77_31_3_0
39_69_6_0,77_31_5_0
39_71_4,77_33_3
39_71_6_1,77_33_5
39_71_8,77_33_7
39_72_5_0,77_34_4
39_72_7_1,77_34_6
39_73_6_1,77_35_5
40_39_2,79_0_1
40_39_3_1,79_0_2
40_39_4_1,79_0_3
40_39_5_1,79_0_4
40_39_6,79_0_5
40_39_7_1,79_0_6
40_39_8,79_0_7
40_39_9_1,79_0_8
40_39_10,79_0_9
40_39_11,79_0_10
40_39_12_1,79_0_11
40_39_13_1,79_0_12
40_39_14_1,79_0_13
40_39_15_1,79_0_14
40_39_16_1,79_0_15
40_39_17_2,79_0_16
40_39_18_1,79_0_17
40_39_19_1,79_0_18
40_39_20_1,79_0_19
40_39_21,79_0_20
40_39_22,79_0_21
40_39_23,79_0_22
40_39_24,79_0_23
40_39_25,79_0_24
40_39_26,79_0_25
40_39_27,79_0_26
40_40_2,79_1_1
40_41_3_0,79_2_2
40_42_2,79_3_1
40_42_3_0,79_3_2
40_42_4_0,79_3_3
40_45_3_0,79_6_2
40_46_3_0,79_7_2
40_46_4_0,79_7_3
40_46_5_0,79_7_4
40_47_3_0,79_8_2
40_47_4_1,79_8_3
40_48_4_0,79_9_3
40_48_5_1,79_9_4
40_48_6_1,79_9_5
40_49_7,79_10_6
40_50_6_0,79_11_5
40_50_7_0,79_11_6
40_50_8_0,79_11_7
40_53_4,79_14_3
40_53_5_0,79_14_4
40_53_6_0,79_14_5
40_53_7_0,79_14_6
40_54_3,79_15_2
40_54_4,79_15_3
40_54_5_0,79_15_4
40_54_6_0,79_15_5_1 + 79_15_5_0
40_54_6_1,79_15_5_0
40_54_7_1,79_15_6
40_54_8_0,79_15_7
40_54_9_0,79_15_8
40_55_3,79_16_2
40_55_7_0,79_16_6
40_55_8_1,79_16_7
40_56_4_0,79_17_3
40_56_5_1,79_17_4
40_56_6_0,79_17_5
40_56_7_0,79_17_6
40_56_8_0,79_17_7
40_56_9_1,79_17_8
40_56_10_1,79_17_9
40_57_3,79_18_2
40_57_4_0,79_18_3
40_57_5_0,79_18_4_1
40_57_5_2,79_18_4_0
40_57_6_0,79_18_5
40_57_11_0,79_18_10
40_58_4_1,79_19_3
40_58_10,79_19_9
40_58_11_0,79_19_10
40_58_12_0,79_19_11
40_59_5_1,79_20_4
40_59_6_0,79_20_5
40_59_7_0,79_20_6
40_60_4,79_21_3
40_60_6_0,79_21_5
40_61_5_0,79_22_4
40_61_9_0,79_22_8
40_61_10_0,79_22_9
40_61_11_0,79_22_10
40_62_5_0,79_23_4
40_62_6_2,79_23_5
40_62_7_0,79_23_6
40_62_9_0,79_23_8
40_62_10_0,79_23_9_1 + 79_23_9_0
40_62_10_1,79_23_9_0
40_62_11_1,79_23_10
40_62_12_0,79_23_11
40_62_13_0,79_23_12
40_63_6_0,79_24_5
40_63_11_0,79_24_10
40_63_12_1,79_24_11
40_64_9_0,79_25_8
40_64_10_0,79_25_9
40_64_11_0,79_25_10
40_64_12_0,79_25_11
40_64_13_1,79_25_12
40_64_14_1,79_25_13
40_65_7_0,79_26_6
40_65_8_1,79_26_7
40_65_9_0,79_26_8
40_65_10_0,79_26_9
40_67_9_0,79_28_8
40_67_10_0,79_28_9
40_67_11_0,79_28_10
40_68_8_0,79_29_7
40_68_9_0,79_29_8
40_68_10_0,79_29_9
40_69_4_0,79_30_3
40_69_5_0,79_30_4
40_69_6_0,79_30_5
40_69_8_0,79_30_7
40_69_9_0,79_30_8
40_69_10_0,79_30_9
40_70_3,79_31_2
40_70_4_0,79_31_3_1
40_70_4_1,79_31_3_0
40_70_5_1,79_31_4
40_70_6_0,79_31_5_1
40_70_6_1,79_31_5_0
40_70_7_1,79_31_6
40_70_8_0,79_31_7
40_70_9_0,79_31_8_1 + 79_31_8_0
40_70_9_1,79_31_8_0
40_71_3,79_32_2
40_71_7_1,79_32_6
40_71_8_1,79_32_7
40_72_4_0,79_33_3
40_72_6_0,79_33_5
40_73_3,79_34_2
40_73_4_0,79_34_3
40_73_5_0,79_34_4
41_54_4,81_14_3
41_61_4_1,81_21_3
41_63_13,81_23_12
42_41_2,83_0_1
42_41_3_1,83_0_2
42_41_4_1,83_0_3
42_41_5_1,83_0_4
42_41_6,83_0_5
42_41_7_1,83_0_6
42_41_8,83_0_7
42_41_9,83_0_8
42_41_10_1,83_0_9
42_41_11_1,83_0_10
42_41_12,83_0_11
42_41_13,83_0_12
42_41_14,83_0_13
42_41_15,83_0_14
42_41_16_1,83_0_15
42_41_17_1,83_0_16
42_41_18_1,83_0_17
42_41_19_1,83_0_18
42_41_20_1,83_0_19
42_41_21_1,83_0_20
42_41_22,83_0_21
42_41_23,83_0_22
42_41_24,83_0_23
42_41_25,83_0_24
42_41_26,83_0_25
42_41_27,83_0_26
42_44_3,83_3_2
42_44_4_0,83_3_3
42_48_3,83_7_2
42_48_4_0,83_7_3
42_48_5_0,83_7_4
42_50_5,83_9_4
42_52_6_0,83_11_5
42_52_7,83_11_6
42_52_8_0,83_11_7
42_55_3,83_14_2
42_55_4,83_14_3
42_55_6,83_14_5
42_55_7_0,83_14_6
42_56_3,83_15_2
42_56_4_0,83_15_3
42_56_5_0,83_15_4
42_56_6_0,83_15_5_1 + 83_15_5_0
42_56_7_1,83_15_6
42_56_8,83_15_7
42_56_9_0,83_15_8
42_58_6_0,83_17_5
42_58_7_0,83_17_6
42_58_8_0,83_17_7
42_58_9,83_17_8
42_59_4,83_18_3
42_59_5_0,83_18_4_1
42_59_6_0,83_18_5
42_60_10_0,83_19_9
42_60_11_0,83_19_10
42_60_12_0,83_19_11
42_61_6_0,83_20_5
42_61_7_0,83_20_6
42_62_4_1,83_21_3
42_63_10_0,83_22_9
42_63_11_0,83_22_10
42_64_7_0,83_23_6
42_64_8_0,83_23_7
42_64_9_0,83_23_8
42_64_10_0,83_23_9_1 + 83_23_9_0
42_64_11_1,83_23_10
42_64_12,83_23_11
42_64_13,83_23_12
42_65_6_0,83_24_5
42_66_10_0,83_25_9
42_66_11_0,83_25_10
42_66_12_0,83_25_11
42_66_13,83_25_12
42_67_7_0,83_26_6
42_67_8_0,83_26_7
42_67_9_0,83_26_8
42_67_10_0,83_26_9
42_69_10_0,83_28_9
42_70_8_0,83_29_7
42_70_9_0,83_29_8
42_71_4,83_30_3
42_71_5_0,83_30_4
42_71_6_0,83_30_5
42_71_8_0,83_30_7
42_72_3,83_31_2
42_72_4_0,83_31_3_1
42_72_5_1,83_31_4
42_72_6,83_31_5_1
42_72_7_1,83_31_6
42_74_5,83_33_4
42_75_4,83_34_3
43_44_3,85_2_2
43_45_4_0,85_3_3
43_50_4_0,85_8_3
43_51_4,85_9_3
43_51_5_0,85_9_4
43_52_7,85_10_6
43_53_8,85_11_7
43_58_7_0,85_16_6
43_58_8_0,85_16_7
43_59_4,85_17_3
43_59_8,85_17_7
43_59_9,85_17_8
43_60_5,85_18_4_1
43_60_11_0,85_18_10
43_61_12_0,85_19_11
43_65_5_0,85_23_4
43_65_7_1,85_23_6
43_66_6_0,85_24_5
43_66_11_0,85_24_10
43_66_12_0,85_24_11
43_67_12_0,85_25_11
43_68_7_1,85_26_6
43_75_4,85_33_3
44_43_2,87_0_1
44_43_3,87_0_2
44_43_4,87_0_3
44_43_5,87_0_4
44_43_6,87_0_5
44_43_7,87_0_6
44_43_8,87_0_7
44_43_9,87_0_8
44_43_10,87_0_9
44_43_11_1,87_0_10
44_43_12_1,87_0_11
44_43_13_1,87_0_12
44_43_14,87_0_13
44_43_15,87_0_14
44_43_16,87_0_15
44_43_17,87_0_16
44_43_18,87_0_17
44_43_19,87_0_18
44_43_20,87_0_19
44_43_21_1,87_0_20
44_43_22_1,87_0_21
44_43_23_1,87_0_22
44_43_24,87_0_23
44_43_25,87_0_24
44_43_26,87_0_25
44_43_27,87_0_26
44_44_2,87_1_1
44_45_3_0,87_2_2
44_46_3_0,87_3_2
44_46_4_0,87_3_3
44_50_3,87_7_2
44_50_4_0,87_7_3
44_50_5_0,87_7_4
44_51_3,87_8_2
44_51_4_1,87_8_3
44_52_4,87_9_3
44_52_5_0,87_9_4
44_52_6_1,87_9_5
44_53_7_0,87_10_6
44_54_7_0,87_11_6
44_54_8_0,87_11_7
44_57_3,87_14_2
44_57_4_0,87_14_3
44_57_6,87_14_5
44_57_7_0,87_14_6
44_58_3,87_15_2
44_58_4_0,87_15_3
44_58_5,87_15_4
44_58_6_0,87_15_5_1 + 87_15_5_0
44_58_6_1,87_15_5_0
44_58_7_1,87_15_6
44_58_8_0,87_15_7
44_58_9_0,87_15_8
44_59_3,87_16_2
44_59_7,87_16_6
44_59_8_1,87_16_7
44_60_4,87_17_3
44_60_6,87_17_5
44_60_7_0,87_17_6
44_60_8_0,87_17_7
44_60_9_0,87_17_8
44_60_10_1,87_17_9
44_61_4_0,87_18_3
44_61_5_0,87_18_4_1
44_61_6_0,87_18_5
44_61_11_0,87_18_10
44_62_11_0,87_19_10
44_62_12_0,87_19_11
44_63_6_0,87_20_5
44_63_7_0,87_20_6
44_64_4_0,87_21_3
44_64_6_0,87_21_5
44_65_10_0,87_22_9
44_65_11_0,87_22_10
44_66_5,87_23_4
44_66_7_0,87_23_6
44_66_9,87_23_8
44_66_10_0,87_23_9_1 + 87_23_9_0
44_66_10_1,87_23_9_0
44_66_11_1,87_23_10
44_66_12_0,87_23_11
44_66_13_0,87_23_12
44_67_6_0,87_24_5
44_67_11_0,87_24_10
44_67_12_1,87_24_11
44_68_10_0,87_25_9
44_68_11_0,87_25_10
44_69_7_0,87_26_6
44_69_9_0,87_26_8
44_69_10_0,87_26_9
44_73_4,87_30_3
44_73_5,87_30_4
44_73_6,87_30_5
44_74_3,87_31_2
44_74_4_0,87_31_3_1
44_74_4_1,87_31_3_0
44_74_5_1,87_31_4
44_75_3,87_32_2
45_50_3,89_6_2
45_53_4,89_9_3
45_58_7_0,89_14_6
45_61_8_0,89_17_7
45_63_12,89_19_11
45_64_7_0,89_20_6
45_65_4_0,89_21_3
45_65_6_1,89_21_5
45_66_5_1,89_22_4
45_66_11_0,89_22_10
45_67_7_0,89_23_6
45_70_7_0,89_26_6
46_45_2,91_0_1
46_45_3_1,91_0_2
46_45_4_1,91_0_3
46_45_5_2,91_0_4
46_45_6_1,91_0_5
46_45_7_1,91_0_6
46_45_8,91_0_7
46_45_9_1,91_0_8
46_45_10,91_0_9
46_45_11,91_0_10
46_45_12_1,91_0_11
46_45_13,91_0_12
46_45_14,91_0_13
46_45_15_1,91_0_14
46_45_16_1,91_0_15
46_45_17_1,91_0_16
46_45_18,91_0_17
46_45_19,91_0_18
46_45_20,91_0_19
46_45_21,91_0_20
46_45_22,91_0_21
46_45_23,91_0_22
46_45_24,91_0_23
46_45_25,91_0_24
46_45_26,91_0_25
46_45_27,91_0_26
46_48_3,91_3_2
46_48_4_0,91_3_3
46_51_3,91_6_2
46_52_3,91_7_2
46_52_4,91_7_3
46_52_5_0,91_7_4
46_54_4_0,91_9_3
46_56_6,91_11_5
46_56_7,91_11_6
46_56_8,91_11_7
46_59_4,91_14_3
46_59_6,91_14_5
46_59_7,91_14_6
46_60_3,91_15_2
46_60_4,91_15_3
46_60_5,91_15_4
46_60_6,91_15_5_1 + 91_15_5_0
46_60_7_0,91_15_6
46_60_8_0,91_15_7
46_60_9_0,91_15_8
46_61_7_0,91_16_6
46_62_6_0,91_17_5
46_62_7_0,91_17_6
46_62_8_0,91_17_7
46_63_4,91_18_3
46_63_5_0,91_18_4_1
46_63_5_1,91_18_4_0
46_63_6_0,91_18_5
46_63_11_2,91_18_10
46_64_10_0,91_19_9
46_64_11,91_19_10
46_64_12,91_19_11
46_65_6_0,91_20_5
46_65_7_0,91_20_6
46_66_4,91_21_3
46_66_6_0,91_21_5
46_67_5_0,91_22_4
46_67_10_0,91_22_9
46_67_11_0,91_22_10
46_68_6_1,91_23_5
46_68_7_0,91_23_6
46_68_9_0,91_23_8
46_68_10_0,91_23_9_1 + 91_23_9_0
46_68_11_0,91_23_10
46_70_9_0,91_25_8
46_71_7_0,91_26_6
46_75_4,91_30_3
46_76_3,91_31_2
47_48_3,93_2_2
47_49_4,93_3_3
47_54_3,93_8_2
47_55_4,93_9_3
47_55_5,93_9_4
47_56_7,93_10_6
47_57_8_0,93_11_7
47_61_6_0,93_15_5_0
47_62_7_0,93_16_6
47_63_4,93_17_3
47_63_8_0,93_17_7
47_63_9_0,93_17_8
47_63_10_1,93_17_9
47_64_5_0,93_18_4_1
47_64_6_0,93_18_5
47_64_11,93_18_10
47_65_12_0,93_19_11
47_67_6_0,93_21_5
47_68_5_1,93_22_4
47_69_10_0,93_23_9_0
47_70_6_0,93_24_5
48_47_2,95_0_1
48_47_3,95_0_2
48_47_4,95_0_3
48_47_5_1,95_0_4
48_47_6_1,95_0_5
48_47_7_1,95_0_6
48_47_8_2,95_0_7
48_47_9,95_0_8
48_47_10_1,95_0_9
48_47_11,95_0_10
48_47_12,95_0_11
48_47_13_2,95_0_12
48_47_14_1,95_0_13
48_47_15_1,95_0_14
48_47_16_2,95_0_15
48_47_17_2,95_0_16
48_47_18_2,95_0_17
48_47_19_1,95_0_18
48_47_20_1,95_0_19
48_47_21_2,95_0_20
48_47_22_1,95_0_21
48_47_23_1,95_0_22
48_47_24_1,95_0_23
48_47_25,95_0_24
48_47_26,95_0_25
48_47_27,95_0_26
48_48_2,95_1_1
48_49_3,95_2_2
48_50_2,95_3_1
48_50_3_0,95_3_2
48_50_4_0,95_3_3
48_53_3,95_6_2
48_54_2,95_7_1
48_54_3_0,95_7_2
48_54_4_0,95_7_3
48_54_5_0,95_7_4
48_55_3_0,95_8_2
48_55_4_1,95_8_3
48_56_4_0,95_9_3
48_56_5_1,95_9_4
48_56_6_1,95_9_5
48_57_7_0,95_10_6
48_58_6_0,95_11_5
48_58_7_0,95_11_6
48_58_8_0,95_11_7
48_61_3,95_14_2
48_61_4_0,95_14_3
48_61_5_1,95_14_4
48_61_6_0,95_14_5
48_61_7_0,95_14_6
48_62_3_0,95_15_2
48_62_4_0,95_15_3
48_62_5_0,95_15_4
48_62_6_0,95_15_5_1 + 95_15_5_0
48_62_6_1,95_15_5_0
48_62_7_1,95_15_6
48_62_8_0,95_15_7
48_62_9_0,95_15_8
48_63_3_0,95_16_2
48_63_7_0,95_16_6
48_63_8_1,95_16_7
48_64_4_0,95_17_3
48_64_5_1,95_17_4
48_64_6_0,95_17_5
48_64_7_0,95_17_6
48_64_8_0,95_17_7
48_64_9_1,95_17_8
48_64_10_1,95_17_9
48_65_3_0,95_18_2
48_65_4_0,95_18_3
48_65_5_0,95_18_4_1
48_65_5_2,95_18_4_0
48_65_6_0,95_18_5
48_65_11_0,95_18_10
48_66_4_1,95_19_3
48_66_10_0,95_19_9
48_66_11_0,95_19_10
48_66_12_0,95_19_11
48_67_5_1,95_20_4
48_67_6_0,95_20_5
48_67_7_0,95_20_6
48_68_4_0,95_21_3
48_68_6_0,95_21_5
48_69_5_1,95_22_4
48_69_9_0,95_22_8
48_69_10_0,95_22_9
48_70_5_0,95_23_4
48_70_6_2,95_23_5
48_70_7_0,95_23_6
48_70_8_1,95_23_7
48_70_9_0,95_23_8
48_71_6_0,95_24_5
49_63_9_2,97_15_8
50_49_2,99_0_1
50_49_3,99_0_2
50_49_4,99_0_3
50_49_5_1,99_0_4
50_49_6_1,99_0_5
50_49_7,99_0_6
50_49_8,99_0_7
50_49_9,99_0_8
50_49_10,99_0_9
50_49_11_1,99_0_10
50_49_12,99_0_11
50_49_13,99_0_12
50_49_14_1,99_0_13
50_49_15_1,99_0_14
50_49_16,99_0_15
50_49_17,99_0_16
50_49_18,99_0_17
50_49_19,99_0_18
50_49_20_1,99_0_19
50_49_21_1,99_0_20
50_49_22_1,99_0_21
50_49_23_1,99_0_22
50_49_24_1,99_0_23
50_49_25_1,99_0_24
50_49_26,99_0_25
50_49_27,99_0_26
50_52_3,99_3_2
50_52_4,99_3_3
50_56_3,99_7_2
50_56_4_0,99_7_3
50_56_5,99_7_4
50_58_5,99_9_4
50_60_6,99_11_5
50_60_7_0,99_11_6
50_60_8_0,99_11_7
50_63_4,99_14_3
50_63_6_0,99_14_5
50_63_7_0,99_14_6
50_64_3,99_15_2
50_64_4_0,99_15_3
50_64_5_0,99_15_4
50_64_6_0,99_15_5_1 + 99_15_5_0
50_64_7_1,99_15_6
50_64_8_0,99_15_7
50_64_9_0,99_15_8
50_66_6_0,99_17_5
50_66_7_0,99_17_6
50_66_8_0,99_17_7
50_66_9,99_17_8
50_67_4,99_18_3
50_67_5_0,99_18_4_1
50_67_6_0,99_18_5
50_68_10_0,99_19_9
50_68_11_0,99_19_10
50_69_6_0,99_20_5
50_69_7_0,99_20_6
50_72_6,99_23_5
50_72_7,99_23_6
50_73_6,99_24_5
51_52_3,101_2_2
51_53_4,101_3_3
51_58_4,101_8_3
51_59_4,101_9_3
51_59_5,101_9_4
51_60_7_0,101_10_6
51_61_8_0,101_11_7
51_66_7_0,101_16_6
51_66_8_0,101_16_7
51_67_4,101_17_3
51_67_8_0,101_17_7
51_67_9_0,101_17_8
51_68_5_0,101_18_4_1
51_68_11_0,101_18_10
51_70_7_0,101_20_6
51_72_5,101_22_4
51_73_5,101_23_4
52_51_2,103_0_1
52_51_3,103_0_2
52_51_4,103_0_3
52_51_5_1,103_0_4
52_51_6_1,103_0_5
52_51_7_1,103_0_6
52_51_8_1,103_0_7
52_51_9_1,103_0_8
52_51_10,103_0_9
52_51_11,103_0_10
52_51_12_1,103_0_11
52_51_13,103_0_12
52_51_14,103_0_13
52_51_15_1,103_0_14
52_51_16_1,103_0_15
52_51_17_1,103_0_16
52_51_18,103_0_17
52_51_19,103_0_18
52_51_20,103_0_19
52_51_21,103_0_20
52_51_22,103_0_21
52_51_23,103_0_22
52_51_24,103_0_23
52_51_25_1,103_0_24
52_51_26_1,103_0_25
52_51_27_1,103_0_26
52_52_2,103_1_1
52_53_3,103_2_2
52_54_3_0,103_3_2
52_54_4_0,103_3_3
52_58_3,103_7_2
52_58_4_0,103_7_3
52_58_5_0,103_7_4
52_59_3,103_8_2
52_59_4_1,103_8_3
52_60_4,103_9_3
52_60_5,103_9_4
52_60_6_1,103_9_5
52_61_7_0,103_10_6
52_62_7_0,103_11_6
52_62_8_0,103_11_7
52_65_4_0,103_14_3
52_65_6_0,103_14_5
52_65_7_0,103_14_6
52_66_3,103_15_2
52_66_4_0,103_15_3
52_66_5,103_15_4
52_66_6_0,103_15_5_1 + 103_15_5_0
52_66_6_1,103_15_5_0
52_66_7_1,103_15_6
52_66_8_0,103_15_7
52_66_9_0,103_15_8
52_67_3,103_16_2
52_67_7_0,103_16_6
52_67_8_1,103_16_7
52_68_4_0,103_17_3
52_68_6_0,103_17_5
52_68_7_0,103_17_6
52_68_8_0,103_17_7
52_68_9_0,103_17_8
52_68_10_1,103_17_9
52_69_4_0,103_18_3
52_69_5_0,103_18_4_1
52_69_6_0,103_18_5
52_71_6_0,103_20_5
52_71_7_0,103_20_6
52_72_4,103_21_3
52_72_6_0,103_21_5
52_73_5_1,103_22_4
52_74_5,103_23_4
53_58_3,105_6_2
53_61_4_1,105_9_3
53_63_8_1,105_11_7
53_66_7_0,105_14_6
53_69_8_0,105_17_7
53_70_5_1,105_18_4_1
53_70_6_0,105_18_5
53_71_4,105_19_3
53_72_7,105_20_6
53_73_4,105_21_3
53_73_6_1,105_21_5
53_74_5_1,105_22_4
54_53_2,107_0_1
54_53_3,107_0_2
54_53_4,107_0_3
54_53_5_1,107_0_4
54_53_6,107_0_5
54_53_7_1,107_0_6
54_53_8,107_0_7
54_53_9_1,107_0_8
54_53_10_1,107_0_9
54_53_11_1,107_0_10
54_53_12_1,107_0_11
54_53_13_2,107_0_12
54_53_14_1,107_0_13
54_53_15_1,107_0_14
54_53_16_2,107_0_15
54_53_17_1,107_0_16
54_53_18_1,107_0_17
54_53_19_1,107_0_18
54_53_20_1,107_0_19
54_53_21_1,107_0_20
54_53_22,107_0_21
54_53_23,107_0_22
54_53_24,107_0_23
54_53_25,107_0_24
54_53_26,107_0_25
54_56_3,107_3_2
54_56_4,107_3_3
54_59_3,107_6_2
54_60_3,107_7_2
54_60_4,107_7_3
54_60_5,107_7_4
54_62_4_0,107_9_3
54_63_7_2,107_10_6
54_64_6_0,107_11_5
54_64_7_0,107_11_6
54_64_8_0,107_11_7
54_67_4,107_14_3
54_67_6_0,107_14_5
54_67_7_0,107_14_6
54_68_3,107_15_2
54_68_4_0,107_15_3
54_68_5_0,107_15_4
54_68_6_0,107_15_5_1 + 107_15_5_0
54_68_7_0,107_15_6
54_68_8_0,107_15_7
54_68_9_0,107_15_8
54_69_7_0,107_16_6
54_70_4_1,107_17_3
54_70_5_0,107_17_4
54_70_6_0,107_17_5
54_70_7_0,107_17_6
54_70_8_0,107_17_7
54_71_3,107_18_2
54_71_4_0,107_18_3
54_71_5_0,107_18_4_1
54_71_5_1,107_18_4_0
54_71_6_0,107_18_5
54_72_4_0,107_19_3
54_73_6_0,107_20_5
54_74_4,107_21_3
55_56_3,109_2_2
55_57_4,109_3_3
55_63_4,109_9_3
55_63_5,109_9_4
55_63_6_1,109_9_5
55_64_7_0,109_10_6
55_65_8_0,109_11_7
55_69_6_0,109_15_5_0
55_70_3,109_16_2
55_70_7_0,109_16_6
55_71_4_0,109_17_3
55_71_8,109_17_7
55_72_5_0,109_18_4_1
55_72_6_0,109_18_5
55_73_4_1,109_19_3
56_55_2,111_0_1
56_55_3,111_0_2
56_55_4,111_0_3
56_55_5,111_0_4
56_55_6,111_0_5
56_55_7_1,111_0_6
56_55_8,111_0_7
56_55_9,111_0_8
56_55_10,111_0_9
56_55_11_1,111_0_10
56_55_12_1,111_0_11
56_55_13,111_0_12
56_55_14_1,111_0_13
56_55_15,111_0_14
56_55_16,111_0_15
56_55_17_1,111_0_16
56_55_18,111_0_17
56_55_19,111_0_18
56_55_20_1,111_0_19
56_55_21_1,111_0_20
56_55_22_1,111_0_21
56_55_23_1,111_0_22
56_55_24_1,111_0_23
56_56_2,111_1_1
56_57_3,111_2_2
56_58_2,111_3_1
56_58_3_0,111_3_2
56_58_4_0,111_3_3
56_61_3,111_6_2
56_62_3_0,111_7_2
56_62_4_0,111_7_3
56_62_5_0,111_7_4
56_63_3_0,111_8_2
56_63_4_1,111_8_3
56_64_4_0,111_9_3
56_64_5_1,111_9_4
56_64_6_1,111_9_5
56_65_7_0,111_10_6
56_66_6_0,111_11_5
56_66_7_0,111_11_6
56_66_8_0,111_11_7
56_69_3,111_14_2
56_69_4_0,111_14_3
56_69_5_0,111_14_4
56_69_6_0,111_14_5
56_69_7_0,111_14_6
56_70_2,111_15_1
56_70_3_0,111_15_2
56_70_4_0,111_15_3
56_70_5_0,111_15_4
56_70_6_0,111_15_5_1 + 111_15_5_0
56_70_6_1,111_15_5_0
56_70_7_1,111_15_6
56_70_8_0,111_15_7
56_70_9_0,111_15_8
56_71_3_0,111_16_2
56_71_7_0,111_16_6
56_71_8_1,111_16_7
56_72_4_0,111_17_3
56_72_5_1,111_17_4
56_72_6_0,111_17_5
56_72_7_0,111_17_6
56_73_3,111_18_2
56_73_4_0,111_18_3
56_73_5_0,111_18_4_1
56_73_5_2,111_18_4_0
56_73_6_0,111_18_5
56_74_4_1,111_19_3
57_63_5,113_7_4
57_70_4_0,113_14_3
58_57_2,115_0_1
58_57_3,115_0_2
58_57_4,115_0_3
58_57_5,115_0_4
58_57_6,115_0_5
58_57_7_1,115_0_6
58_57_8_2,115_0_7
58_57_9_2,115_0_8
58_57_10_1,115_0_9
58_57_11_1,115_0_10
58_57_12_1,115_0_11
58_57_13,115_0_12
58_57_14,115_0_13
58_57_15_1,115_0_14
58_57_16,115_0_15
58_57_17,115_0_16
58_57_18_1,115_0_17
58_57_19_1,115_0_18
58_57_20,115_0_19
58_57_21,115_0_20
58_57_22,115_0_21
58_60_3,115_3_2
58_60_4,115_3_3
58_64_3,115_7_2
58_64_4_0,115_7_3
58_64_5_0,115_7_4
58_66_4,115_9_3
58_66_5,115_9_4
58_68_6_0,115_11_5
58_68_7_0,115_11_6
58_68_8_0,115_11_7
58_71_3_0,115_14_2
58_71_4_0,115_14_3
58_71_6_0,115_14_5
58_71_7_0,115_14_6
58_72_3,115_15_2
58_72_4_0,115_15_3
58_72_5_0,115_15_4
58_72_6_0,115_15_5_1 + 115_15_5_0
58_72_7_1,115_15_6
58_75_4,115_18_3
59_60_3,117_2_2
59_61_4_0,117_3_3
59_66_3,117_8_2
59_66_4_0,117_8_3
59_67_4,117_9_3
59_67_5_0,117_9_4
59_68_7_0,117_10_6
59_69_8_0,117_11_7
59_75_4,117_17_3
60_59_2,119_0_1
60_59_3,119_0_2
60_59_4,119_0_3
60_59_5,119_0_4
60_59_6,119_0_5
60_59_7,119_0_6
60_59_8,119_0_7
60_59_9,119_0_8
60_59_10_1,119_0_9
60_59_11_1,119_0_10
60_59_12_1,119_0_11
60_59_13_1,119_0_12
60_59_14,119_0_13
60_59_15,119_0_14
60_59_16_1,119_0_15
60_59_17,119_0_16
60_59_18,119_0_17
60_59_19_1,119_0_18
60_59_20_1,119_0_19
60_60_2,119_1_1
60_61_3,119_2_2
60_62_3_0,119_3_2
60_62_4_0,119_3_3
60_65_3_1,119_6_2
60_66_2,119_7_1
60_66_3_0,119_7_2
60_66_4_0,119_7_3
60_66_5_0,119_7_4
60_67_3,119_8_2
60_67_4_1,119_8_3
60_68_4_0,119_9_3
60_68_5_0,119_9_4
60_68_6_1,119_9_5
60_69_7_0,119_10_6
60_70_7_0,119_11_6
60_70_8_0,119_11_7
60_73_3,119_14_2
60_73_4_0,119_14_3
60_73_6,119_14_5
60_74_3,119_15_2
60_74_4_0,119_15_3
60_74_5,119_15_4
60_75_3,119_16_2
61_63_4,121_3_3
61_66_3_0,121_6_2
61_69_4_0,121_9_3
62_61_2,123_0_1
62_61_3,123_0_2
62_61_4_1,123_0_3
62_61_5,123_0_4
62_61_6_2,123_0_5
62_61_7_2,123_0_6
62_61_8_1,123_0_7
62_61_9_1,123_0_8
62_61_10_1,123_0_9
62_61_11_2,123_0_10
62_61_12_1,123_0_11
62_61_13_1,123_0_12
62_61_14_1,123_0_13
62_61_15,123_0_14
62_61_16,123_0_15
62_61_17_1,123_0_16
62_61_18,123_0_17
62_63_3_1,123_2_2
62_64_2,123_3_1
62_64_3,123_3_2
62_64_4_0,123_3_3
62_67_3,123_6_2
62_68_3,123_7_2
62_68_4_0,123_7_3
62_68_5_0,123_7_4
62_70_4_0,123_9_3
62_72_6_0,123_11_5
62_72_7,123_11_6
62_75_4,123_14_3
62_76_3,123_15_2
63_63_2,125_1_1
63_64_3,125_2_2
63_65_4_0,125_3_3
63_70_3_0,125_8_2
63_71_4_0,125_9_3
63_71_5_0,125_9_4
63_72_7,125_10_6
64_63_1,127_0_0
64_63_2_1,127_0_1
64_63_3_2,127_0_2
64_63_4_1,127_0_3
64_63_5_1,127_0_4
64_63_6_2,127_0_5
64_63_7_3,127_0_6
64_63_8_2,127_0_7
64_63_9_3,127_0_8
64_63_10_2,127_0_9
64_63_11_3,127_0_10
64_63_12_1,127_0_11
64_63_13_1,127_0_12
64_63_14_1,127_0_13
64_63_15_2,127_0_14
64_63_16_2,127_0_15
64_64_2_0,127_1_1
64_65_3_0,127_2_2
64_66_2_0,127_3_1
64_66_3_0,127_3_2
64_66_4_0,127_3_3
64_69_3_0,127_6_2
64_70_2_0,127_7_1
64_70_3_0,127_7_2
64_70_4_0,127_7_3
64_70_5_0,127_7_4
64_71_3_0,127_8_2
64_71_4_1,127_8_3
64_72_4_0,127_9_3
64_72_5_1,127_9_4
64_72_6_1,127_9_5
66_65_2,131_0_1
66_65_3_2,131_0_2
66_65_4_1,131_0_3
66_65_5_1,131_0_4
66_65_6_1,131_0_5
66_65_7_2,131_0_6
66_65_8_1,131_0_7
66_65_9_2,131_0_8
66_65_10_1,131_0_9
66_65_11_2,131_0_10
66_65_12_2,131_0_11
66_65_13_2,131_0_12
66_65_14_1,131_0_13
66_68_3,131_3_2
66_68_4_0,131_3_3
66_72_3,131_7_2
66_72_4_0,131_7_3
66_72_5_0,131_7_4
66_74_5,131_9_4
67_68_3,133_2_2
67_69_4_0,133_3_3
67_74_4,133_8_3
67_75_4,133_9_3
68_67_2,135_0_1
68_67_3,135_0_2
68_67_4,135_0_3
68_67_5_2,135_0_4
68_67_6_2,135_0_5
68_67_7_1,135_0_6
68_67_8_1,135_0_7
68_67_9_2,135_0_8
68_67_10_1,135_0_9
68_67_11_2,135_0_10
68_67_12_1,135_0_11
68_68_2,135_1_1
68_69_3_0,135_2_2
68_70_3_0,135_3_2
68_70_4_0,135_3_3
68_74_3,135_7_2
68_74_4_0,135_7_3
68_74_5_0,135_7_4
68_75_3,135_8_2
68_75_4_1,135_8_3
69_74_3,137_6_2
70_69_2,139_0_1
70_69_3_1,139_0_2
70_69_4_1,139_0_3
70_69_5_1,139_0_4
70_69_6_2,139_0_5
70_69_7_1,139_0_6
70_69_8_2,139_0_7
70_69_9_2,139_0_8
70_69_10_1,139_0_9
70_72_3,139_3_2
70_72_4_0,139_3_3
70_75_3,139_6_2
70_76_3,139_7_2
71_72_3,141_2_2
71_73_4,141_3_3
72_71_2,143_0_1
72_71_3_1,143_0_2
72_71_4_1,143_0_3
72_71_5_1,143_0_4
72_71_6_2,143_0_5
72_71_7_1,143_0_6
72_71_8,143_0_7
72_72_2,143_1_1
72_73_3,143_2_2
72_74_2,143_3_1
72_74_3_0,143_3_2
72_74_4_0,143_3_3
74_73_2,147_0_1
74_73_3,147_0_2
74_73_4,147_0_3
74_73_5,147_0_4
74_73_6,147_0_5
74_76_3,147_3_2
75_76_3,149_2_2
76_75_2,151_0_1
76_75_3,151_0_2
76_75_4,151_0_3
76_76_2,151_1_1
78_77_2,155_0_1
