element,image
5_0_0,2_1_2
5_0_1,2_1_3
5_0_2,2_1_4
5_0_3,2_1_5
5_0_4,2_1_6
5_0_5,2_1_7
5_0_6,2_1_8
5_0_7,2_1_9
5_0_8,2_1_10
5_0_9,2_1_11
5_0_10,2_1_12
5_0_11,2_1_13
5_0_12,2_1_14
5_0_13,2_1_15
5_0_14,2_1_16
5_0_15,2_1_17
5_0_16,2_1_18
5_0_17,2_1_19
5_0_18,2_1_20
5_0_19,2_1_21
5_0_20,2_1_22
5_0_21,2_1_23
5_0_22,2_1_24
5_0_23,2_1_25
5_0_24,2_1_26
5_3_1,2_4_3
5_3_2,2_4_4
5_4_2,2_5_4
5_5_3,2_6_5
5_10_3,2_11_5
5_10_4,2_11_6
5_11_3,2_12_5
5_11_4,2_12_6
5_11_5,2_12_7
5_11_6,2_12_8
5_12_5,2_13_7
5_12_6,2_13_8
5_13_7,2_14_9
5_14_4,2_15_6
5_17_5,2_18_7
5_17_6,2_18_8
5_18_6,2_19_8
5_18_7,2_19_9
5_18_8,2_19_10
5_19_7,2_20_9
5_19_8,2_20_10
5_19_9,2_20_11
5_19_10,2_20_12
5_20_5,2_21_7
5_20_9,2_21_11
5_20_10,2_21_12
5_21_11,2_22_13
5_22_6,2_23_8
5_23_5,2_24_7
5_24_7,2_25_9
5_25_4,2_26_6
5_25_5_0,2_26_7
5_25_6_1,2_26_8
5_25_9,2_26_11
5_25_10,2_26_12
5_26_5_0,2_27_7
5_26_5_1,2_27_7
5_26_6_0,2_27_8
5_26_8,2_27_10
5_26_10,2_27_12
5_26_11,2_27_13
5_26_12,2_27_14
5_27_5,2_28_7
5_27_6,2_28_8
5_27_7,2_28_9
5_27_11,2_28_13
5_27_12,2_28_14
5_27_13,2_28_15
5_27_14,2_28_16
5_28_5,2_29_7
5_28_9,2_29_11
5_28_13,2_29_15
5_28_14,2_29_16
5_29_7_0,2_30_9
5_29_8,2_30_10
5_29_15,2_30_17
5_30_6,2_31_8
5_30_7,2_31_9
5_30_10,2_31_12
5_31_6_0,2_32_8
5_31_7,2_32_9
5_31_9,2_32_11
5_32_5,2_33_7
5_32_6,2_33_8
5_32_8,2_33_10
5_32_11,2_33_13
5_33_6,2_34_8
5_33_10,2_34_12
5_33_13,2_34_15
5_33_14,2_34_16
5_34_7,2_35_9
5_34_9,2_35_11
5_34_12,2_35_14
5_34_14,2_35_16
5_34_15,2_35_17
5_34_16,2_35_18
5_35_8,2_36_10
5_35_11,2_36_13
5_35_15,2_36_17
5_35_16,2_36_18
5_35_17,2_36_19
5_35_18,2_36_20
5_36_10,2_37_12
5_36_13,2_37_15
5_36_17,2_37_19
5_36_18,2_37_20
5_37_9,2_38_11
5_37_12,2_38_14
5_37_19,2_38_21
5_38_6,2_39_8
5_38_8,2_39_10
5_38_11,2_39_13
5_38_14,2_39_16
5_39_6,2_40_8
5_39_7,2_40_9
5_39_10,2_40_12
5_39_13,2_40_15
5_40_7,2_41_9
5_40_9,2_41_11_0
5_40_12,2_41_14
5_40_15,2_41_17
5_41_10,2_42_12
5_41_11_0,2_42_13
5_41_14,2_42_16
5_41_17,2_42_19
5_41_18,2_42_20
5_42_8_0,2_43_10
5_42_10_0,2_43_12_0
5_42_10_1,2_43_12_0 + 2_43_12_1
5_42_13,2_43_15
5_42_16,2_43_18
5_42_18,2_43_20
5_42_19,2_43_21
5_42_20,2_43_22
5_43_7,2_44_9
5_43_8_0,2_44_10
5_43_8_1,2_44_10
5_43_9,2_44_11
5_43_11,2_44_13
5_43_12,2_44_14
5_43_15,2_44_17
5_43_19,2_44_21
5_43_20,2_44_22
5_43_21,2_44_23
5_43_22,2_44_24
5_44_7,2_45_9
5_44_11,2_45_13
5_44_14,2_45_16
5_44_17,2_45_19
5_44_21,2_45_23
5_44_22,2_45_24
5_45_8,2_46_10
5_45_9,2_46_11
5_45_10,2_46_12
5_45_13,2_46_15
5_45_16,2_46_18
5_45_23,2_46_25
5_46_9,2_47_11
5_46_12,2_47_14
5_46_15,2_47_17
5_46_18,2_47_20
5_47_11,2_48_13
5_47_14,2_48_16
5_47_17,2_48_19
5_48_8,2_49_10
5_48_10,2_49_12
5_48_13,2_49_15_0
5_48_16,2_49_18
5_48_19,2_49_21
5_49_8,2_50_10
5_49_9,2_50_11
5_49_12,2_50_14
5_49_14,2_50_16
5_49_15_0,2_50_17
5_49_18,2_50_20
5_49_21,2_50_23
5_49_22,2_50_24
5_50_9_0,2_51_11_0
5_50_9_1,2_51_11_1
5_50_11,2_51_13
5_50_14_0,2_51_16_0
5_50_14_1,2_51_16_1
5_50_17,2_51_19
5_50_20,2_51_22
5_50_22,2_51_24
5_50_23,2_51_25
5_50_24,2_51_26
5_51_10,2_52_12
5_51_13,2_52_15
5_51_15,2_52_17
5_51_16,2_52_18
5_51_19,2_52_21
5_51_23,2_52_25
5_51_24,2_52_26
5_52_12,2_53_14
5_52_15,2_53_17
5_52_18,2_53_20
5_52_21,2_53_23
5_53_7_0,2_54_9
5_53_11,2_54_13
5_53_14,2_54_16
5_53_17,2_54_19
5_53_20,2_54_22
5_54_10_0,2_55_12_0
5_54_13,2_55_15
5_54_16,2_55_18
5_54_19,2_55_21
5_54_22,2_55_24
5_55_8_0,2_56_10
5_55_9_1,2_56_11_0
5_55_10_0,2_56_12_1
5_55_10_1,2_56_12_0
5_55_12_0,2_56_14
5_55_15,2_56_17
5_55_18,2_56_20
5_55_21,2_56_23
5_56_6_1,2_57_8
5_56_7_0,2_57_9_1
5_56_7_1,2_57_9_0
5_56_7_2,2_57_9_0
5_56_8_0,2_57_10
5_56_9_0,2_57_11_0
5_56_9_1,2_57_11_1
5_56_9_2,2_57_11_1
5_56_10_0,2_57_12_1
5_56_10_1,2_57_12_0
5_56_11_1,2_57_13
5_56_12_1,2_57_14_0
5_56_14,2_57_16
5_56_17,2_57_19_0
5_56_20,2_57_22
5_57_6_0,2_58_8
5_57_7_0,2_58_9_1
5_57_7_1,2_58_9_0
5_57_8_0,2_58_10
5_57_8_1,2_58_10
5_57_9_0,2_58_11_0
5_57_9_1,2_58_11_1
5_57_10_0,2_58_12
5_57_11_0,2_58_13
5_57_12_0,2_58_14
5_57_13,2_58_15
5_57_16,2_58_18
5_57_18,2_58_20
5_57_19_0,2_58_21
5_58_6,2_59_8
5_58_7_1,2_59_9
5_58_8_0,2_59_10_0
5_58_8_1,2_59_10_1
5_58_11_0,2_59_13
5_58_11_1,2_59_13
5_58_12,2_59_14
5_58_13,2_59_15_0
5_58_15,2_59_17
5_58_18_0,2_59_20_0
5_58_18_1,2_59_20_1
5_59_6_0,2_60_8
5_59_6_1,2_60_8
5_59_8,2_60_10
5_59_10_0,2_60_12_1
5_59_10_1,2_60_12_0
5_59_10_2,2_60_12_0
5_59_11_0,2_60_13_0
5_59_11_1,2_60_13_1
5_59_14,2_60_16
5_59_17,2_60_19
5_60_7_0,2_61_9
5_60_8_1,2_61_10
5_60_10,2_61_12_0
5_60_11_0,2_61_13
5_60_13,2_61_15
5_60_16,2_61_18
5_61_7_0,2_62_9_0
5_61_9,2_62_11_0
5_61_10_0,2_62_12
5_61_11,2_62_13
5_61_12_1,2_62_14
5_61_15,2_62_17
5_62_7,2_63_9_0
5_62_8_2,2_63_10_0
5_62_9_0,2_63_11_1 + 2_63_11_0
5_62_9_1,2_63_11_0
5_62_11_1,2_63_13
5_62_12_1,2_63_14
5_62_14,2_63_16_0
5_63_7_1,2_64_9
5_63_8_0,2_64_10_0
5_63_8_1,2_64_10_2 + 2_64_10_0
5_63_8_3,2_64_10_1
5_63_9,2_64_11
5_63_10_0,2_64_12_0
5_63_11_0,2_64_13
5_63_12_0,2_64_14
5_63_13_0,2_64_15_0
5_63_13_1,2_64_15_1
5_64_8_0,2_65_10_0
5_64_8_1,2_65_10_1
5_64_9_0,2_65_11_0
5_64_9_1,2_65_11_1
5_64_10,2_65_12
5_64_11_0,2_65_13_1
5_64_11_1,2_65_13_0
5_64_12_1,2_65_14_0
5_65_7,2_66_9
5_65_8,2_66_10
5_65_10,2_66_12
5_65_11_0,2_66_13_0
5_65_11_1,2_66_13_1
5_66_7_0,2_67_9
5_66_7_1,2_67_9
5_67_9,2_68_11
5_68_7,2_69_9
9_0_0,4_3_2_1
9_0_1,4_3_3_1
9_0_2,4_3_4
9_0_3,4_3_5
9_0_4,4_3_6
9_0_5,4_3_7
9_0_6,4_3_8
9_0_7,4_3_9
9_0_8,4_3_10
9_0_9,4_3_11
9_0_10,4_3_12
9_0_11,4_3_13
9_0_12,4_3_14
9_0_13,4_3_15
9_0_14,4_3_16
9_0_15,4_3_17
9_0_16,4_3_18
9_0_17,4_3_19
9_0_18,4_3_20
9_0_19,4_3_21
9_0_20,4_3_22
9_0_21,4_3_23
9_0_22,4_3_24
9_0_23,4_3_25
9_0_24,4_3_26
9_1_1,4_4_3
9_2_2,4_5_4
9_3_1,4_6_3
9_3_2,4_6_4
9_7_1,4_10_3
9_7_2,4_10_4_0
9_7_3,4_10_5_0
9_8_2_0,4_11_4_1 + 4_11_4_0
9_8_2_1,4_11_4_0
9_8_3,4_11_5
9_9_3_0,4_12_5_0
9_9_4,4_12_6_0
9_9_5,4_12_7
9_10_2,4_13_4
9_10_3,4_13_5
9_10_4,4_13_6
9_10_6,4_13_8
9_11_3,4_14_5
9_11_5,4_14_7
9_11_6,4_14_8
9_13_3,4_16_5
9_14_2,4_17_4
9_14_3,4_17_5_0
9_14_4_1,4_17_6_0
9_14_5,4_17_7_0
9_15_3,4_18_5
9_15_4,4_18_6_0
9_15_5_0,4_18_7_0
9_15_5_1,4_18_7_1
9_15_6,4_18_8_0
9_15_7,4_18_9_0
9_16_5,4_19_7_0
9_16_6_0,4_19_8_1 + 4_19_8_0
9_16_6_1,4_19_8_0
9_16_7,4_19_9
9_17_4,4_20_6_0
9_17_5,4_20_7
9_17_6,4_20_8
9_17_7_0,4_20_9_0
9_17_8,4_20_10_0
9_17_9,4_20_11
9_18_4,4_21_6
9_18_6,4_21_8
9_18_7,4_21_9
9_18_8,4_21_10
9_18_10,4_21_12
9_19_9,4_22_11
9_19_10,4_22_12
9_20_4,4_23_6_0
9_20_5,4_23_7
9_21_5_0,4_24_7
9_21_6,4_24_8_0
9_21_7,4_24_9
9_22_4_0,4_25_6_0
9_22_5,4_25_7_0
9_22_6_0,4_25_8_1
9_22_6_1,4_25_8_0
9_22_8,4_25_10_0
9_22_9,4_25_11_0
9_23_3,4_26_5_0
9_23_4,4_26_6_0
9_23_5_0,4_26_7_1
9_23_5_1,4_26_7_0
9_23_7,4_26_9_0
9_23_8,4_26_10_0
9_23_9_0,4_26_11_0
9_23_9_1,4_26_11_1
9_23_10,4_26_12_0
9_23_11,4_26_13_0
9_24_4_0,4_27_6_1
9_24_4_1,4_27_6_0
9_24_5_0,4_27_7_1 + 4_27_7_0
9_24_5_1,4_27_7_0
9_24_6,4_27_8_0
9_24_7,4_27_9
9_24_9,4_27_11_0
9_24_10_0,4_27_12_1 + 4_27_12_0
9_24_10_1,4_27_12_0
9_24_11,4_27_13
9_25_3,4_28_5_0
9_25_4_0,4_28_6_0
9_25_4_1,4_28_6_1
9_25_5_0,4_28_7_0
9_25_5_1,4_28_7_1
9_25_6,4_28_8
9_25_8,4_28_10_0
9_25_9,4_28_11
9_25_10,4_28_12
9_25_11_0,4_28_13_0
9_25_12,4_28_14_0
9_25_13,4_28_15
9_26_4_1,4_29_6_1 + 4_29_6_0
9_26_4_2,4_29_6_0
9_26_6_0,4_29_8_0
9_26_7,4_29_9_0
9_26_8,4_29_10
9_26_10,4_29_12
9_26_11,4_29_13
9_26_12,4_29_14
9_26_14,4_29_16
9_27_5_0,4_30_7_0
9_27_5_1,4_30_7_1
9_27_6,4_30_8_0
9_27_7,4_30_9
9_27_13,4_30_15
9_27_14,4_30_16
9_28_5,4_31_7_0
9_28_6_0,4_31_8_1 + 4_31_8_0
9_28_6_1,4_31_8_0
9_28_8,4_31_10_0
9_28_9,4_31_11
9_29_4,4_32_6_0
9_29_5_0,4_32_7_2 + 4_32_7_1
9_29_5_1,4_32_7_1
9_29_5_2,4_32_7_0
9_29_6,4_32_8_0
9_29_7_1,4_32_9_0
9_29_8,4_32_10
9_29_9_0,4_32_11
9_29_10,4_32_12_0
9_29_11,4_32_13
9_30_4,4_33_6_0
9_30_5_0,4_33_7_1
9_30_5_1,4_33_7_0
9_30_6,4_33_8
9_30_7,4_33_9
9_30_8,4_33_10
9_30_9,4_33_11_0
9_30_10_0,4_33_12_1
9_30_10_1,4_33_12_0
9_30_12,4_33_14_0
9_30_13,4_33_15_0
9_31_5,4_34_7_0
9_31_6_0,4_34_8_1
9_31_6_1,4_34_8_0
9_31_8,4_34_10_0
9_31_9,4_34_11
9_31_11,4_34_13_0
9_31_12,4_34_14_0
9_31_13_0,4_34_15_0
9_31_13_1,4_34_15_1
9_31_14,4_34_16_0
9_31_15,4_34_17_0
9_32_4,4_35_6
9_32_5,4_35_7
9_32_6,4_35_8_0
9_32_7,4_35_9_0
9_32_8,4_35_10
9_32_9_0,4_35_11
9_32_10,4_35_12_0
9_32_11,4_35_13
9_32_13,4_35_15_0
9_32_14_0,4_35_16_1 + 4_35_16_0
9_32_14_1,4_35_16_0
9_32_15,4_35_17
9_33_7_0,4_36_9
9_33_7_1,4_36_9
9_33_8,4_36_10
9_33_9,4_36_11_0
9_33_10,4_36_12
9_33_12,4_36_14_0
9_33_13,4_36_15
9_33_14,4_36_16
9_33_15_0,4_36_17_0
9_33_16,4_36_18_0
9_33_17,4_36_19
9_34_8,4_37_10_0
9_34_9,4_37_11
9_34_11,4_37_13_0
9_34_12,4_37_14
9_34_14,4_37_16
9_34_15,4_37_17
9_34_16,4_37_18
9_34_18,4_37_20
9_35_5,4_38_7
9_35_7,4_38_9_0
9_35_8,4_38_10
9_35_9_0,4_38_11
9_35_10,4_38_12_0
9_35_11,4_38_13
9_35_17,4_38_19
9_35_18,4_38_20
9_36_5,4_39_7_0
9_36_6,4_39_8
9_36_8,4_39_10
9_36_9,4_39_11_0
9_36_10,4_39_12
9_36_12,4_39_14_0
9_36_13,4_39_15
9_37_5,4_40_7_0
9_37_6,4_40_8_0
9_37_7_1,4_40_9_0
9_37_8_0,4_40_10_0
9_37_8_1,4_40_10_1
9_37_9,4_40_11
9_37_11,4_40_13_0
9_37_12,4_40_14
9_37_13_0,4_40_15
9_37_14,4_40_16_0
9_37_15,4_40_17
9_38_4,4_41_6
9_38_6_0,4_41_8_1 + 4_41_8_0
9_38_6_1,4_41_8_0
9_38_6_3,4_41_8_2
9_38_7,4_41_9_0
9_38_8_1,4_41_10_0
9_38_9_0,4_41_11_0
9_38_10,4_41_12_0
9_38_11,4_41_13
9_38_12,4_41_14
9_38_13,4_41_15_0
9_38_14_0,4_41_16_1
9_38_14_1,4_41_16_0
9_38_16,4_41_18_0
9_38_17,4_41_19_0
9_39_5_0,4_42_7_0
9_39_5_1,4_42_7_1
9_39_7_0,4_42_9_0
9_39_7_1,4_42_9_1 + 4_42_9_0
9_39_8,4_42_10_0
9_39_9_0,4_42_11_1
9_39_9_1,4_42_11_0
9_39_10,4_42_12
9_39_12,4_42_14_0
9_39_13,4_42_15
9_39_15,4_42_17_0
9_39_16,4_42_18_0
9_39_17_0,4_42_19_0
9_39_17_1,4_42_19_1
9_39_18,4_42_20_0
9_39_19,4_42_21_0
9_40_5,4_43_7_0
9_40_6_0,4_43_8_1 + 4_43_8_0
9_40_6_1,4_43_8_0
9_40_7,4_43_9_0
9_40_8_0,4_43_10_0 + 4_43_10_1
9_40_8_1,4_43_10_0
9_40_10,4_43_12_0
9_40_11,4_43_13_0
9_40_12,4_43_14
9_40_13_0,4_43_15
9_40_14,4_43_16_0
9_40_15,4_43_17
9_40_17,4_43_19_0
9_40_18_0,4_43_20_1 + 4_43_20_0
9_40_18_1,4_43_20_0
9_40_19,4_43_21
9_41_5,4_44_7_0
9_41_6,4_44_8
9_41_7_0,4_44_9_1 + 4_44_9_0
9_41_7_1,4_44_9_0
9_41_9,4_44_11_0
9_41_10_0,4_44_12_1
9_41_10_1,4_44_12_0
9_41_11_0,4_44_13
9_41_12,4_44_14
9_41_13,4_44_15_0
9_41_14,4_44_16
9_41_16,4_44_18_0
9_41_17,4_44_19
9_41_18,4_44_20
9_41_19_0,4_44_21_0
9_41_20,4_44_22_0
9_41_21,4_44_23
9_42_6_0,4_45_8_1 + 4_45_8_0
9_42_6_1,4_45_8_0
9_42_7,4_45_9_0
9_42_8_0,4_45_10_0
9_42_8_1,4_45_10_1
9_42_9_0,4_45_11_1
9_42_9_1,4_45_11_0
9_42_10,4_45_12
9_42_12,4_45_14_0
9_42_13,4_45_15
9_42_15,4_45_17_0
9_42_16,4_45_18
9_42_18,4_45_20
9_42_19,4_45_21
9_42_20,4_45_22
9_42_22,4_45_24
9_43_6,4_46_8_0
9_43_7_1,4_46_9_1 + 4_46_9_0
9_43_7_2,4_46_9_0
9_43_8,4_46_10_0
9_43_11,4_46_13_0
9_43_12,4_46_14
9_43_13_0,4_46_15
9_43_14,4_46_16_0
9_43_15,4_46_17
9_43_21,4_46_23
9_43_22,4_46_24
9_44_6,4_47_8
9_44_8_0,4_47_10_0
9_44_8_1,4_47_10_1
9_44_9,4_47_11_0
9_44_10,4_47_12
9_44_12,4_47_14
9_44_13,4_47_15_0
9_44_14,4_47_16
9_44_16,4_47_18_0
9_44_17,4_47_19
9_45_7_1,4_48_9_0
9_45_7_2,4_48_9_1
9_45_9,4_48_11
9_45_11,4_48_13_0
9_45_12_0,4_48_14_1 + 4_48_14_0
9_45_12_1,4_48_14_0
9_45_13,4_48_15
9_45_15,4_48_17_0
9_45_16,4_48_18
9_45_17_0,4_48_19
9_45_18,4_48_20_0
9_45_19,4_48_21
9_46_6,4_49_8
9_46_7,4_49_9
9_46_10_0,4_49_12_0
9_46_10_1,4_49_12_1
9_46_11_0,4_49_13_1 + 4_49_13_0
9_46_11_1,4_49_13_0
9_46_12,4_49_14_0
9_46_13_0,4_49_15_0
9_46_14,4_49_16_0
9_46_15,4_49_17
9_46_16,4_49_18
9_46_17,4_49_19_0
9_46_18_0,4_49_20_1
9_46_18_1,4_49_20_0
9_46_20,4_49_22_0
9_46_21,4_49_23_0
9_47_5,4_50_7
9_47_8_0,4_50_10_0
9_47_8_1,4_50_10_1
9_47_9,4_50_11_0
9_47_10,4_50_12
9_47_11,4_50_13_0
9_47_12,4_50_14_0
9_47_13_0,4_50_15_1
9_47_13_1,4_50_15_0
9_47_14,4_50_16
9_47_16,4_50_18_0
9_47_17,4_50_19
9_47_19,4_50_21_0
9_47_20,4_50_22_0
9_47_21_0,4_50_23_0
9_47_21_1,4_50_23_1
9_47_22,4_50_24_0
9_47_23,4_50_25_0
9_48_7_0,4_51_9
9_48_7_1,4_51_9
9_48_8_0,4_51_10_1
9_48_8_1,4_51_10_0
9_48_9_1,4_51_11_0
9_48_11,4_51_13_0
9_48_12_0,4_51_14_1 + 4_51_14_0
9_48_12_1,4_51_14_0
9_48_14,4_51_16_0
9_48_15,4_51_17_0
9_48_16,4_51_18
9_48_17_0,4_51_19
9_48_18,4_51_20_0
9_48_19,4_51_21
9_48_21,4_51_23_0
9_48_22_0,4_51_24_1 + 4_51_24_0
9_48_22_1,4_51_24_0
9_48_23,4_51_25
9_49_7,4_52_9
9_49_8,4_52_10_0
9_49_9_0,4_52_11
9_49_9_1,4_52_11
9_49_10,4_52_12_0
9_49_11,4_52_13
9_49_13,4_52_15_0
9_49_14_0,4_52_16_1
9_49_14_1,4_52_16_0
9_49_15_0,4_52_17
9_49_16,4_52_18
9_49_17,4_52_19_0
9_49_18,4_52_20
9_49_20,4_52_22_0
9_49_21,4_52_23
9_49_22,4_52_24
9_49_23_0,4_52_25_0
9_49_24,4_52_26_0
9_50_10,4_53_12
9_50_12,4_53_14_0
9_50_13_0,4_53_15_1
9_50_13_1,4_53_15_0
9_50_14,4_53_16
9_50_16,4_53_18_0
9_50_17,4_53_19
9_50_19,4_53_21_0
9_50_20,4_53_22
9_50_22,4_53_24
9_50_23,4_53_25
9_50_24,4_53_26
9_51_5,4_54_7
9_51_6,4_54_8
9_51_9,4_54_11_0
9_51_11,4_54_13_0
9_51_12,4_54_14
9_51_15,4_54_17_0
9_51_16,4_54_18
9_51_17_0,4_54_19
9_51_18,4_54_20_0
9_51_19,4_54_21
9_52_6_1,4_55_8_0
9_52_7_0,4_55_9_1 + 4_55_9_0
9_52_7_1,4_55_9_0
9_52_7_2,4_55_9_2
9_52_8_1,4_55_10_0
9_52_9_0,4_55_11_1
9_52_9_1,4_55_11_0
9_52_10_0,4_55_12_0
9_52_11,4_55_13
9_52_13,4_55_15_0
9_52_14,4_55_16
9_52_16,4_55_18
9_52_17,4_55_19_0
9_52_18,4_55_20
9_52_20,4_55_22_0
9_52_21,4_55_23
9_53_5_0,4_56_7_0
9_53_6_0,4_56_8_1
9_53_6_1,4_56_8_0
9_53_6_2,4_56_8_2
9_53_7_0,4_56_9_2
9_53_7_1,4_56_9_0
9_53_7_2,4_56_9_1
9_53_8_0,4_56_10_1 + 4_56_10_0
9_53_8_2,4_56_10_0
9_53_8_3,4_56_10_2 + 4_56_10_0
9_53_9_0,4_56_11_3
9_53_9_1,4_56_11_2
9_53_9_2,4_56_11_1
9_53_9_3,4_56_11_0
9_53_12,4_56_14_0
9_53_13,4_56_15
9_53_15,4_56_17_0
9_53_16_0,4_56_18_0
9_53_16_1,4_56_18_1
9_53_17,4_56_19
9_53_19,4_56_21_0
9_53_20,4_56_22
9_53_21_0,4_56_23
9_54_5,4_57_7_0
9_54_6_0,4_57_8_1
9_54_6_2,4_57_8_0
9_54_7_0,4_57_9_1
9_54_7_1,4_57_9_0
9_54_8_0,4_57_10_1
9_54_8_1,4_57_10_3 + 4_57_10_1
9_54_8_2,4_57_10_2
9_54_8_3,4_57_10_0
9_54_9_0,4_57_11_1
9_54_9_1,4_57_11_2
9_54_9_2,4_57_11_0
9_54_10_1,4_57_12_0
9_54_11_0,4_57_13_1
9_54_11_1,4_57_13_0
9_54_12,4_57_14
9_54_14_0,4_57_16_0
9_54_14_1,4_57_16_1
9_54_15_0,4_57_17_0
9_54_15_1,4_57_17_1
9_54_16,4_57_18_0
9_54_17_0,4_57_19_0
9_54_18,4_57_20_0
9_54_19,4_57_21
9_54_20,4_57_22
9_55_5_0,4_58_7_0
9_55_6_0,4_58_8_0
9_55_7_0,4_58_9_3 + 4_58_9_2
9_55_7_1,4_58_9_2
9_55_7_2,4_58_9_2 + 4_58_9_4 + 4_58_9_1
9_55_7_3,4_58_9_1
9_55_7_4,4_58_9_0
9_55_8_0,4_58_10_0
9_55_8_1,4_58_10_2 + 4_58_10_0
9_55_8_2,4_58_10_1
9_55_9_0,4_58_11_1
9_55_9_1,4_58_11_0
9_55_10_0,4_58_12_1
9_55_10_2,4_58_12_0
9_55_11,4_58_13_0
9_55_12,4_58_14_0
9_55_13,4_58_15_0
9_55_14,4_58_16
9_55_15,4_58_17_0
9_55_16,4_58_18_0
9_55_17_0,4_58_19_1
9_55_17_1,4_58_19_0
9_55_18,4_58_20
9_56_5_0,4_59_7_0
9_56_5_1,4_59_7_1
9_56_6_0,4_59_8_2 + 4_59_8_1
9_56_6_1,4_59_8_1
9_56_6_3,4_59_8_0
9_56_7_0,4_59_9_0
9_56_7_1,4_59_9_2
9_56_7_2,4_59_9_1
9_56_7_3,4_59_9_0
9_56_8_1,4_59_10_0
9_56_9_0,4_59_11_2
9_56_9_1,4_59_11_0 + 4_59_11_1
9_56_9_2,4_59_11_0
9_56_10_0,4_59_12_0
9_56_10_1,4_59_12_1
9_56_10_2,4_59_12_2
9_56_11,4_59_13_0
9_56_12_0,4_59_14_1
9_56_12_1,4_59_14_0
9_56_13_1,4_59_15
9_56_15,4_59_17_0
9_56_16_0,4_59_18_1 + 4_59_18_0
9_56_16_1,4_59_18_0
9_56_18,4_59_20_0
9_57_5_0,4_60_7_1 + 4_60_7_0
9_57_5_1,4_60_7_0
9_57_6,4_60_8_0
9_57_7_1,4_60_9_0
9_57_8_0,4_60_10_1
9_57_8_1,4_60_10_0
9_57_9_0,4_60_11_2 + 4_60_11_1
9_57_9_1,4_60_11_1
9_57_9_2,4_60_11_0
9_57_10_0,4_60_12_0
9_57_11_0,4_60_13_0
9_57_12,4_60_14
9_57_14,4_60_16_0
9_57_15,4_60_17
9_57_17,4_60_19_0
9_58_6_0,4_61_8_0
9_58_6_1,4_61_8_2
9_58_6_2,4_61_8_1
9_58_8_0,4_61_10_0
9_58_8_1,4_61_10_1
9_58_9_0,4_61_11_2
9_58_9_1,4_61_11_1
9_58_9_2,4_61_11_0
9_58_10_0,4_61_12_1 + 4_61_12_0
9_58_10_1,4_61_12_0
9_58_13,4_61_15_0
9_58_14,4_61_16
9_58_16,4_61_18_0
9_59_5,4_62_7_0
9_59_6_0,4_62_8_0
9_59_6_1,4_62_8_1 + 4_62_8_0
9_59_7_2,4_62_9_0
9_59_8_0,4_62_10_3
9_59_8_1,4_62_10_1
9_59_8_2,4_62_10_0 + 4_62_10_2
9_59_8_3,4_62_10_4 + 4_62_10_0 + 4_62_10_1 + 4_62_10_2
9_59_8_4,4_62_10_0
9_59_9_0,4_62_11_2 + 4_62_11_1
9_59_9_1,4_62_11_1
9_59_9_2,4_62_11_0
9_59_10_1,4_62_12_0
9_59_11_1,4_62_13_1
9_59_11_2,4_62_13_0
9_59_12_0,4_62_14_0
9_59_13,4_62_15_0
9_59_15,4_62_17_0
9_60_6_1,4_63_8_2 + 4_63_8_1
9_60_6_2,4_63_8_1
9_60_6_3,4_63_8_3 + 4_63_8_1
9_60_6_4,4_63_8_0
9_60_7_0,4_63_9_0
9_60_7_1,4_63_9_3 + 4_63_9_1 + 4_63_9_0
9_60_7_2,4_63_9_1
9_60_7_3,4_63_9_3 + 4_63_9_4 + 4_63_9_0
9_60_7_4,4_63_9_2
9_60_8_0,4_63_10_0
9_60_8_1,4_63_10_2
9_60_8_2,4_63_10_1
9_60_9_0,4_63_11_1
9_60_9_1,4_63_11_0
9_60_10_0,4_63_12_0
9_60_10_1,4_63_12_1 + 4_63_12_0
9_60_10_2,4_63_12_2
9_60_11_0,4_63_13_0
9_60_11_1,4_63_13_1
9_60_12_0,4_63_14_0
9_60_12_1,4_63_14_1
9_60_13,4_63_15_0
9_60_14_0,4_63_16_0
9_61_5_0,4_64_7_0
9_61_5_1,4_64_7_1
9_61_6,4_64_8_0
9_61_7_0,4_64_9_1
9_61_7_1,4_64_9_3
9_61_7_2,4_64_9_2 + 4_64_9_0
9_61_7_3,4_64_9_0
9_61_8_0,4_64_10_2
9_61_8_1,4_64_10_1
9_61_8_2,4_64_10_0
9_61_9_0,4_64_11_0
9_61_9_1,4_64_11_0 + 4_64_11_1
9_61_10_0,4_64_12_0
9_61_10_1,4_64_12_1
9_61_11_0,4_64_13_0
9_61_11_1,4_64_13_1
9_61_11_2,4_64_13_2
9_61_12_0,4_64_14_1
9_61_12_1,4_64_14_0
9_61_13_0,4_64_15_0
9_62_6_0,4_65_8_1
9_62_6_1,4_65_8_0
9_62_6_2,4_65_8_0
9_62_7_0,4_65_9_1
9_62_7_1,4_65_9_2
9_62_7_2,4_65_9_0
9_62_8_0,4_65_10_2
9_62_8_1,4_65_10_1 + 4_65_10_0
9_62_8_2,4_65_10_0
9_62_9_1,4_65_11_0
9_62_10_0,4_65_12_2
9_62_10_1,4_65_12_0
9_62_10_2,4_65_12_1
9_62_11_0,4_65_13_1
9_62_11_1,4_65_13_0
9_62_12_0,4_65_14_0
9_62_12_1,4_65_14_1
9_63_6_0,4_66_8_0
9_63_6_1,4_66_8_1
9_63_7_0,4_66_9_0
9_63_8,4_66_10
9_63_9_0,4_66_11_1
9_63_9_1,4_66_11_0
9_63_10_0,4_66_12_1
9_63_10_2,4_66_12_0
9_63_11_0,4_66_13_3 + 4_66_13_1
9_63_11_1,4_66_13_1
9_63_11_2,4_66_13_2 + 4_66_13_0
9_63_11_3,4_66_13_0
9_63_11_4,4_66_13_0
9_64_6_0,4_67_8_0
9_64_6_1,4_67_8_1
9_64_8,4_67_10
9_64_9,4_67_11
9_64_10_0,4_67_12_0
9_64_10_1,4_67_12_1
9_65_6,4_68_8_0
9_65_7_0,4_68_9_0
9_65_9_1,4_68_11_0
9_66_6,4_69_8_0
9_66_7_0,4_69_9_0
9_66_7_1,4_69_9_1
9_66_8_1,4_69_10_2
9_66_8_2,4_69_10_0 + 4_69_10_1
9_66_8_3,4_69_10_0
9_67_7_1,4_70_9_2 + 4_70_9_1 + 4_70_9_3
9_67_7_2,4_70_9_2 + 4_70_9_1
9_67_7_3,4_70_9_1
9_67_7_4,4_70_9_0
9_68_5,4_71_7_0
9_68_6_0,4_71_8_1
9_68_6_2,4_71_8_0
11_0_0,5_4_2
11_1_1,5_5_3
11_7_1,5_11_3
11_8_2,5_12_4
11_8_3,5_12_5
11_9_5,5_13_7
11_10_2,5_14_4
11_14_4,5_18_6
11_15_5_0,5_19_7
11_15_5_1,5_19_7
11_16_7,5_20_9
11_17_9,5_21_11
11_20_4,5_24_6
11_22_4_0,5_26_6_0
11_22_8,5_26_10
11_23_3,5_27_5
11_23_4,5_27_6
11_23_9_0,5_27_11
11_23_9_1,5_27_11
11_24_4,5_28_6
11_24_11,5_28_13
11_25_3,5_29_5
11_25_5_0,5_29_7_0
11_25_13,5_29_15
11_26_4,5_30_6
11_27_5,5_31_7
11_29_4,5_33_6
11_30_5,5_34_7
11_30_12,5_34_14
11_31_13_0,5_35_15
11_31_13_1,5_35_15
11_32_4,5_36_6
11_32_6,5_36_8
11_32_15,5_36_17
11_33_17,5_37_19
11_36_6,5_40_8
11_37_7_1,5_41_9
11_38_6_0,5_42_8_0
11_38_6_2,5_42_8_0 + 5_42_8_1
11_38_16,5_42_18
11_39_5,5_43_7
11_39_9_1,5_43_11
11_39_17_0,5_43_19
11_39_17_1,5_43_19
11_40_10,5_44_12
11_40_19,5_44_21
11_41_7,5_45_9
11_41_21,5_45_23
11_42_6,5_46_8
11_42_7_0,5_46_9
11_42_7_1,5_46_9
11_42_8_0,5_46_10
11_42_8_1,5_46_10
11_43_7,5_47_9
11_46_7,5_50_9_0
11_46_20,5_50_22
11_47_8_2,5_51_10
11_47_9,5_51_11
11_47_13_1,5_51_15
11_47_21_0,5_51_23
11_47_21_1,5_51_23
11_48_8_0,5_52_10_0
11_48_14,5_52_16
11_48_23,5_52_25
11_51_5,5_55_7_0
11_52_7_2,5_56_9_0
11_52_10_0,5_56_12_0
11_53_5_0,5_57_7_0
11_53_6_2,5_57_8_0
11_53_8_3,5_57_10_0
11_53_9_0,5_57_11_1
11_53_9_2,5_57_11_0
11_54_4,5_58_6
11_54_5,5_58_7_0
11_54_6_1,5_58_8_1
11_54_6_2,5_58_8_0
11_54_8,5_58_10_0
11_54_9,5_58_11_0
11_54_11,5_58_13
11_55_5_0,5_59_7_0
11_55_7_3,5_59_9_0
11_55_8_0,5_59_10_0
11_55_17_1,5_59_19
11_56_5_1,5_60_7_0
11_56_6_0,5_60_8_0
11_56_6_1,5_60_8_0
11_56_6_3,5_60_8_0
11_56_8_1,5_60_10
11_56_10_1,5_60_12
11_57_5_0,5_61_7_0
11_57_5_1,5_61_7_0
11_57_7_1,5_61_9
11_57_11_0,5_61_13_0
11_58_6_0,5_62_8_0
11_58_10_2,5_62_12_0
11_59_5,5_63_7_0
11_59_6_0,5_63_8_0
11_59_6_1,5_63_8_0
11_59_9_0,5_63_11_0
11_59_10,5_63_12_0
11_60_6_1,5_64_8_1
11_60_6_2,5_64_8_0
11_60_7_1,5_64_9_1
11_60_7_2,5_64_9_0
11_60_9_0,5_64_11_0
11_61_5,5_65_7
11_61_8_2,5_65_10
11_61_10_0,5_65_12_0
11_61_11_1,5_65_13
11_62_10_0,5_66_12
11_62_10_1,5_66_12
11_64_8_2,5_68_10_0
11_65_7_0,5_69_9_0
11_66_6,5_70_8_0
11_66_7_1,5_70_9_0
11_66_7_2,5_70_9_1
11_68_5,5_72_7_0
13_0_0,6_5_2
13_0_1,6_5_3
13_0_2,6_5_4
13_0_3,6_5_5
13_0_4,6_5_6
13_0_5,6_5_7
13_0_6,6_5_8
13_0_7,6_5_9
13_0_8,6_5_10
13_0_9,6_5_11
13_0_10,6_5_12
13_0_11,6_5_13
13_0_12,6_5_14
13_0_13,6_5_15
13_0_14,6_5_16
13_0_15,6_5_17
13_0_16,6_5_18
13_0_17,6_5_19
13_0_18,6_5_20
13_0_19,6_5_21
13_0_20,6_5_22
13_0_21,6_5_23
13_0_22,6_5_24
13_0_23,6_5_25
13_0_24,6_5_26
13_3_1,6_8_3_0
13_3_2,6_8_4
13_6_2,6_11_4
13_7_1,6_12_3
13_7_2,6_12_4
13_7_3,6_12_5
13_7_4,6_12_6
13_11_5,6_16_7_0
13_11_6,6_16_8
13_12_2,6_17_4
13_13_3,6_18_5_0
13_14_2,6_19_4
13_14_4,6_19_6
13_14_5,6_19_7
13_14_6,6_19_8
13_15_4,6_20_6_0
13_15_5_1,6_20_7
13_15_6,6_20_8
13_15_7,6_20_9
13_15_8,6_20_10
13_17_4,6_22_6_0
13_17_5,6_22_7_0
13_17_6,6_22_8
13_18_2,6_23_4_0
13_18_3_0,6_23_5_1 + 6_23_5_0
13_18_3_1,6_23_5_0
13_18_4_0,6_23_6_1 + 6_23_6_0
13_18_4_1,6_23_6_0
13_18_5_0,6_23_7
13_19_3_0,6_24_5_0
13_19_4,6_24_6
13_19_9,6_24_11_0
13_19_10,6_24_12
13_20_4_1,6_25_6_0
13_20_5_0,6_25_7_1
13_20_5_1,6_25_7_0
13_20_6_0,6_25_8
13_21_3,6_26_5_0
13_21_4,6_26_6_0
13_21_5_0,6_26_7
13_21_6,6_26_8_0
13_21_7,6_26_9_0
13_22_4_0,6_27_6
13_22_5,6_27_7_0
13_22_6,6_27_8_0
13_22_8,6_27_10
13_22_9,6_27_11
13_22_10,6_27_12
13_23_3,6_28_5
13_23_5,6_28_7_0
13_23_8,6_28_10_0
13_23_9_1,6_28_11
13_23_10,6_28_12
13_23_11,6_28_13
13_23_12,6_28_14
13_24_5_0,6_29_7_0
13_25_3,6_30_5_0
13_25_4,6_30_6
13_25_8,6_30_10_0
13_25_9,6_30_11_0
13_25_10,6_30_12
13_26_4,6_31_6_0
13_26_6_0,6_31_8_0
13_26_7_0,6_31_9_1
13_26_7_1,6_31_9_0
13_26_8_0,6_31_10_1 + 6_31_10_0
13_26_8_1,6_31_10_0
13_26_9_0,6_31_11
13_27_3,6_32_5_0
13_27_5,6_32_7_0
13_27_7,6_32_9_0
13_27_8,6_32_10
13_27_13,6_32_15_0
13_27_14,6_32_16
13_28_4,6_33_6
13_28_8,6_33_10_0
13_28_9_0,6_33_11_1
13_28_9_1,6_33_11_0
13_28_10_0,6_33_12
13_29_4,6_34_6_0
13_29_5,6_34_7
13_29_7,6_34_9_0
13_29_8_0,6_34_10_1 + 6_34_10_0
13_29_8_1,6_34_10_0
13_29_9_0,6_34_11
13_29_10,6_34_12_0
13_29_11,6_34_13_0
13_30_5,6_35_7
13_30_6,6_35_8_0
13_30_7,6_35_9_0
13_30_8,6_35_10
13_30_9,6_35_11_0
13_30_10,6_35_12_0
13_30_12,6_35_14
13_30_13,6_35_15
13_30_14,6_35_16
13_31_8,6_36_10_0
13_31_9,6_36_11_0
13_31_12,6_36_14_0
13_31_13_1,6_36_15
13_31_14,6_36_16
13_31_15,6_36_17
13_31_16,6_36_18
13_32_7_0,6_37_9_1
13_32_7_1,6_37_9_0
13_32_8_0,6_37_10_1 + 6_37_10_0
13_32_8_1,6_37_10_0
13_32_9_0,6_37_11
13_33_4,6_38_6_0
13_33_5_0,6_38_7_0
13_33_6_0,6_38_8_0
13_33_6_1,6_38_8_1 + 6_38_8_0
13_33_7_0,6_38_9_0
13_33_8,6_38_10
13_33_12,6_38_14_0
13_33_13,6_38_15_0
13_33_14,6_38_16
13_34_5_0,6_39_7_0
13_34_5_1,6_39_7_0
13_34_8,6_39_10_0
13_34_9,6_39_11_0
13_34_10_0,6_39_12_0
13_34_11_0,6_39_13_1
13_34_11_1,6_39_13_0
13_34_12_0,6_39_14_1 + 6_39_14_0
13_34_12_1,6_39_14_0
13_34_13_0,6_39_15
13_35_6,6_40_8_0
13_35_7_0,6_40_9_1
13_35_7_1,6_40_9_0
13_35_8_0,6_40_10_1 + 6_40_10_0
13_35_8_1,6_40_10_0
13_35_9_0,6_40_11
13_35_11,6_40_13_0
13_35_12,6_40_14
13_35_17,6_40_19_0
13_35_18,6_40_20
13_36_5,6_41_7
13_36_7,6_41_9
13_36_8,6_41_10_0
13_36_12,6_41_14_0
13_36_13_0,6_41_15_1
13_36_13_1,6_41_15_0
13_36_14_0,6_41_16
13_37_7_2,6_42_9_0
13_37_8_0,6_42_10_0
13_37_8_1,6_42_10_1
13_37_9,6_42_11_0
13_37_11,6_42_13_0
13_37_12_0,6_42_14_1 + 6_42_14_0
13_37_12_1,6_42_14_0
13_37_13_0,6_42_15
13_37_14,6_42_16_0
13_37_15,6_42_17_0
13_38_4,6_43_6
13_38_6_0,6_43_8_0
13_38_6_2,6_43_8_1
13_38_7_0,6_43_9_1 + 6_43_9_0
13_38_7_1,6_43_9_0
13_38_8_0,6_43_10_1 + 6_43_10_0
13_38_8_1,6_43_10_0
13_38_9_0,6_43_11
13_38_10,6_43_12_0
13_38_11,6_43_13_0
13_38_12,6_43_14
13_38_13,6_43_15_0
13_38_14,6_43_16_0
13_38_16,6_43_18
13_38_17,6_43_19
13_38_18,6_43_20
13_39_5,6_44_7
13_39_8,6_44_10_0
13_39_9,6_44_11
13_39_12,6_44_14_0
13_39_13,6_44_15_0
13_39_16,6_44_18_0
13_39_17_1,6_44_19
13_39_18,6_44_20
13_39_19,6_44_21
13_39_20,6_44_22
13_40_4,6_45_6
13_40_5,6_45_7
13_40_8,6_45_10
13_40_11_0,6_45_13_1
13_40_11_1,6_45_13_0
13_40_12_0,6_45_14_1 + 6_45_14_0
13_40_12_1,6_45_14_0
13_40_13_0,6_45_15
13_41_3,6_46_5
13_41_4,6_46_6
13_41_5_0,6_46_7
13_41_7,6_46_9
13_41_8,6_46_10
13_41_9,6_46_11_0
13_41_10_0,6_46_12_1 + 6_46_12_0
13_41_10_1,6_46_12_0
13_41_11_0,6_46_13_0
13_41_12,6_46_14
13_41_16,6_46_18_0
13_41_17,6_46_19_0
13_41_18,6_46_20
13_42_4,6_47_6
13_42_6,6_47_8_0
13_42_7,6_47_9
13_42_8_0,6_47_10_0
13_42_9,6_47_11
13_42_12,6_47_14_0
13_42_13,6_47_15_0
13_42_14_0,6_47_16_0
13_42_15_0,6_47_17_1
13_42_15_1,6_47_17_0
13_42_16_0,6_47_18_1 + 6_47_18_0
13_42_16_1,6_47_18_0
13_42_17_0,6_47_19
13_43_7_1,6_48_9_0
13_43_11_0,6_48_13_1
13_43_11_1,6_48_13_0
13_43_12_0,6_48_14_1 + 6_48_14_0
13_43_12_1,6_48_14_0
13_43_13_0,6_48_15
13_43_15,6_48_17_0
13_43_16,6_48_18
13_43_21,6_48_23_0
13_43_22,6_48_24
13_44_5,6_49_7
13_44_6,6_49_8
13_44_8,6_49_10_0
13_44_10_0,6_49_12_1
13_44_10_1,6_49_12_0
13_44_11,6_49_13
13_44_12,6_49_14_0
13_44_16,6_49_18_0
13_44_17_0,6_49_19_1
13_44_17_1,6_49_19_0
13_44_18_0,6_49_20
13_45_6,6_50_8
13_45_7,6_50_9
13_45_9_0,6_50_11_1 + 6_50_11_0
13_45_9_1,6_50_11_0
13_45_10,6_50_12
13_45_11,6_50_13_0
13_45_12_0,6_50_14_1 + 6_50_14_0
13_45_12_1,6_50_14_0
13_45_13,6_50_15_0
13_45_15,6_50_17_0
13_45_16_0,6_50_18_1 + 6_50_18_0
13_45_16_1,6_50_18_0
13_45_17_0,6_50_19
13_45_18,6_50_20_0
13_45_19,6_50_21_0
13_46_8_0,6_51_10
13_46_9,6_51_11
13_46_10,6_51_12_0
13_46_11_0,6_51_13_2
13_46_11_1,6_51_13_1 + 6_51_13_0
13_46_11_2,6_51_13_0
13_46_12_0,6_51_14_1 + 6_51_14_0
13_46_12_1,6_51_14_0
13_46_13_0,6_51_15
13_46_14,6_51_16_0
13_46_15,6_51_17_0
13_46_16,6_51_18
13_46_17,6_51_19_0
13_46_18,6_51_20_0
13_46_20,6_51_22
13_46_21,6_51_23
13_46_22,6_51_24
13_47_5,6_52_7
13_47_7_0,6_52_9_0
13_47_10_0,6_52_12_1
13_47_10_1,6_52_12_0
13_47_11,6_52_13
13_47_12,6_52_14_0
13_47_13,6_52_15
13_47_16,6_52_18_0
13_47_17,6_52_19_0
13_47_20,6_52_22_0
13_47_21_1,6_52_23
13_47_22,6_52_24
13_47_23,6_52_25
13_47_24,6_52_26
13_48_5,6_53_7_0
13_48_6_0,6_53_8_1 + 6_53_8_0
13_48_6_1,6_53_8_0
13_48_7_1,6_53_9_0
13_48_7_2,6_53_9_0
13_48_8_2,6_53_10_0
13_48_9_0,6_53_11_0
13_48_12,6_53_14
13_48_15_0,6_53_17_1
13_48_15_1,6_53_17_0
13_48_16_0,6_53_18_1 + 6_53_18_0
13_48_16_1,6_53_18_0
13_48_17_0,6_53_19
13_49_4,6_54_6_0
13_49_5_0,6_54_7_1 + 6_54_7_0
13_49_5_1,6_54_7_2 + 6_54_7_0
13_49_5_2,6_54_7_0
13_49_6_0,6_54_8
13_49_7_1,6_54_9_0
13_49_8_1,6_54_10_0
13_49_11_0,6_54_13_1 + 6_54_13_0
13_49_11_1,6_54_13_0
13_49_12,6_54_14
13_49_13,6_54_15_0
13_49_14_0,6_54_16_1 + 6_54_16_0
13_49_14_1,6_54_16_0
13_49_15_0,6_54_17_0
13_49_16,6_54_18
13_49_20,6_54_22_0
13_49_21,6_54_23_0
13_49_22,6_54_24
13_50_4_0,6_55_6_0
13_50_5,6_55_7_0
13_50_6_0,6_55_8_0
13_50_6_1,6_55_8_1 + 6_55_8_0
13_50_8,6_55_10_0
13_50_10_0,6_55_12_1
13_50_10_1,6_55_12_1 + 6_55_12_2 + 6_55_12_0
13_50_10_2,6_55_12_0
13_50_11,6_55_13
13_50_12,6_55_14_0
13_50_13,6_55_15
13_50_16,6_55_18_0
13_50_17,6_55_19_0
13_50_18_0,6_55_20_0
13_50_19_0,6_55_21_1
13_50_19_1,6_55_21_0
13_50_20_0,6_55_22_1 + 6_55_22_0
13_50_20_1,6_55_22_0
13_50_21_0,6_55_23
13_51_5_1,6_56_7_2 + 6_56_7_1 + 6_56_7_0
13_51_5_2,6_56_7_1
13_51_5_3,6_56_7_0
13_51_6_0,6_56_8_2
13_51_6_1,6_56_8_1
13_51_6_2,6_56_8_0
13_51_7_0,6_56_9_0
13_51_8_1,6_56_10_0
13_51_9_0,6_56_11_0
13_51_11,6_56_13_0
13_51_12,6_56_14
13_51_15_0,6_56_17_1
13_51_15_1,6_56_17_0
13_51_16_0,6_56_18_1 + 6_56_18_0
13_51_16_1,6_56_18_0
13_51_17_0,6_56_19
13_51_19,6_56_21_0
13_51_20,6_56_22
13_52_4,6_57_6_0
13_52_5_0,6_57_7_1
13_52_5_1,6_57_7_2 + 6_57_7_0
13_52_5_2,6_57_7_0
13_52_6_0,6_57_8_1 + 6_57_8_0
13_52_6_1,6_57_8_0
13_52_7_0,6_57_9_0
13_52_7_1,6_57_9_2
13_52_7_2,6_57_9_1
13_52_8_0,6_57_10_1
13_52_8_1,6_57_10_0
13_52_9_1,6_57_11_0
13_52_10_1,6_57_12_0
13_52_11_0,6_57_13_1
13_52_11_1,6_57_13_0
13_52_12,6_57_14
13_52_14_0,6_57_16_1
13_52_14_1,6_57_16_0
13_52_15,6_57_17
13_52_16,6_57_18_0
13_52_20,6_57_22_0
13_53_5_0,6_58_7_1
13_53_5_1,6_58_7_0
13_53_6_0,6_58_8_0
13_53_6_1,6_58_8_2
13_53_6_2,6_58_8_1
13_53_7_0,6_58_9_1
13_53_7_1,6_58_9_0
13_53_8_2,6_58_10_0
13_53_9_1,6_58_11_0
13_53_10_0,6_58_12_0
13_53_13_0,6_58_15_0
13_53_13_1,6_58_15_1
13_53_14,6_58_16
13_53_15,6_58_17_0
13_53_16_0,6_58_18_0
13_53_16_1,6_58_18_1
13_53_17,6_58_19_0
13_53_19,6_58_21_0
13_54_4,6_59_6_0
13_54_6_0,6_59_8_1
13_54_6_1,6_59_8_0
13_54_9_1,6_59_11_0
13_54_12_0,6_59_14_0
13_54_12_1,6_59_14_1
13_54_13,6_59_15
13_54_14,6_59_16_0
13_54_15_0,6_59_17_2
13_54_15_1,6_59_17_0
13_54_15_2,6_59_17_1
13_54_16_0,6_59_18_1 + 6_59_18_0
13_54_16_1,6_59_18_0
13_54_17_0,6_59_19
13_54_18,6_59_20_0
13_55_6_0,6_60_8_2
13_55_6_1,6_60_8_0
13_55_6_2,6_60_8_1
13_55_7_0,6_60_9_1
13_55_7_1,6_60_9_0
13_55_11_0,6_60_13_1
13_55_11_1,6_60_13_0
13_55_14_0,6_60_16_1
13_55_14_1,6_60_16_0
13_55_15,6_60_17
13_55_16,6_60_18_0
13_55_17,6_60_19
13_56_4,6_61_6
13_56_5_0,6_61_7_0
13_56_5_1,6_61_7_2 + 6_61_7_1 + 6_61_7_0
13_56_5_2,6_61_7_1
13_56_6_0,6_61_8_2
13_56_6_1,6_61_8_0
13_56_6_3,6_61_8_1 + 6_61_8_0
13_56_6_4,6_61_8_0
13_56_7_1,6_61_9
13_56_8_0,6_61_10_1
13_56_8_1,6_61_10_0
13_56_10_0,6_61_12_1
13_56_10_2,6_61_12_0
13_56_11,6_61_13_0
13_56_12,6_61_14_0
13_56_13_0,6_61_15_1
13_56_13_2,6_61_15_0
13_56_16,6_61_18
13_57_5_0,6_62_7
13_57_5_1,6_62_7
13_57_6,6_62_8_0
13_57_7_0,6_62_9_0
13_57_7_1,6_62_9_1 + 6_62_9_0
13_57_7_2,6_62_9_2 + 6_62_9_0
13_57_8_0,6_62_10_1
13_57_8_1,6_62_10_2
13_57_8_2,6_62_10_0
13_57_9_0,6_62_11_1 + 6_62_11_0
13_57_9_1,6_62_11_0
13_57_9_2,6_62_11_2
13_57_10_0,6_62_12_0
13_57_12_0,6_62_14_1
13_57_12_1,6_62_14_0
13_57_15_0,6_62_17_1 + 6_62_17_0
13_57_15_1,6_62_17_0
13_58_6_0,6_63_8_2
13_58_6_1,6_63_8_0
13_58_6_2,6_63_8_0 + 6_63_8_1
13_58_7,6_63_9_0
13_58_8_0,6_63_10_0
13_58_8_1,6_63_10_1
13_58_9_0,6_63_11_0
13_58_9_1,6_63_11_1
13_58_11,6_63_13_0
13_58_14_0,6_63_16_1
13_58_14_1,6_63_16_1 + 6_63_16_2 + 6_63_16_0
13_58_14_2,6_63_16_0
13_59_6,6_64_8_0
13_59_7_0,6_64_9_0
13_59_7_1,6_64_9_0 + 6_64_9_2
13_59_7_2,6_64_9_1
13_59_8_0,6_64_10_0
13_59_10_0,6_64_12_1
13_59_10_1,6_64_12_0
13_59_11,6_64_13_0
13_59_13_0,6_64_15_1
13_59_13_1,6_64_15_0
13_60_6_0,6_65_8_0
13_60_7_0,6_65_9_1
13_60_7_1,6_65_9_0
13_60_8,6_65_10
13_60_9_0,6_65_11_0
13_60_9_1,6_65_11_0
13_60_10,6_65_12_0
13_60_11_1,6_65_13_0
13_60_12_0,6_65_14_2
13_60_12_1,6_65_14_0
13_60_12_2,6_65_14_1
13_61_5,6_66_7_0
13_61_7_2,6_66_9_0
13_61_8_0,6_66_10_0
13_61_9,6_66_11_0
13_61_11_0,6_66_13_1
13_61_11_2,6_66_13_0
13_62_6_0,6_67_8_0
13_62_7_0,6_67_9_0 + 6_67_9_1
13_62_7_1,6_67_9_0
13_62_10_0,6_67_12_1
13_62_10_2,6_67_12_0
13_63_6_0,6_68_8_0
13_63_6_1,6_68_8_1
13_63_7_1,6_68_9_0
13_63_8_0,6_68_10_1 + 6_68_10_0
13_63_8_1,6_68_10_0
13_63_9_0,6_68_11_1
13_63_9_1,6_68_11_2 + 6_68_11_1 + 6_68_11_0
13_63_9_2,6_68_11_0
13_63_9_3,6_68_11_1
13_64_5_0,6_69_7_1
13_64_5_1,6_69_7_0
13_64_6_1,6_69_8_2 + 6_69_8_1
13_64_6_2,6_69_8_1
13_64_6_3,6_69_8_0
13_64_6_4,6_69_8_0
13_64_7_1,6_69_9_0 + 6_69_9_1
13_64_7_3,6_69_9_0
13_64_8_0,6_69_10_0
13_64_8_3,6_69_10_1
13_65_5_0,6_70_7_0
13_65_6_0,6_70_8_0
13_65_7_0,6_70_9_1
13_65_7_1,6_70_9_0
13_65_7_3,6_70_9_2
17_0_0,8_7_2_1
17_0_1,8_7_3_1
17_0_2,8_7_4_1
17_0_3,8_7_5
17_0_4,8_7_6
17_0_5,8_7_7
17_0_6,8_7_8
17_0_7,8_7_9
17_0_8,8_7_10
17_0_9,8_7_11
17_0_10,8_7_12
17_0_11,8_7_13
17_0_12,8_7_14
17_0_13,8_7_15
17_0_14,8_7_16
17_0_15,8_7_17
17_0_16,8_7_18
17_0_17,8_7_19
17_0_18,8_7_20
17_0_19,8_7_21
17_0_20,8_7_22
17_0_21,8_7_23
17_0_22,8_7_24
17_0_23,8_7_25
17_0_24,8_7_26
17_1_1,8_8_3_0
17_2_2,8_9_4_0
17_3_1,8_10_3_0
17_3_2,8_10_4_0
17_3_3,8_10_5
17_6_2,8_13_4
17_7_1,8_14_3_0
17_7_2,8_14_4_0
17_7_3,8_14_5_0
17_8_2,8_15_4_0
17_8_3,8_15_5_0
17_9_4,8_16_6_0
17_9_5,8_16_7_0
17_10_6,8_17_8_0
17_11_5,8_18_7_0
17_11_6,8_18_8_0
17_11_7,8_18_9
17_14_2,8_21_4
17_14_4,8_21_6_0
17_14_5,8_21_7_0
17_14_6,8_21_8
17_15_1,8_22_3
17_15_2,8_22_4_0
17_15_3,8_22_5_0
17_15_4,8_22_6_0
17_15_5_0,8_22_7_0
17_15_5_1,8_22_7_1
17_15_6,8_22_8_0
17_15_7,8_22_9_0
17_16_2_0,8_23_4_1 + 8_23_4_0
17_16_2_1,8_23_4_0
17_16_6,8_23_8_0
17_16_7,8_23_9_0
17_17_3_0,8_24_5_1 + 8_24_5_0
17_17_3_1,8_24_5_0
17_17_4,8_24_6_0
17_17_5,8_24_7_0
17_17_6,8_24_8_0
17_17_8,8_24_10_0
17_17_9,8_24_11_0
17_18_2_0,8_25_4_1 + 8_25_4_0
17_18_2_1,8_25_4_0
17_18_3_0,8_25_5_1 + 8_25_5_0
17_18_3_1,8_25_5_0
17_18_4_0,8_25_6_2 + 8_25_6_0 + 8_25_6_1
17_18_4_1,8_25_6_0
17_18_4_2,8_25_6_1
17_18_5,8_25_7
17_18_10,8_25_12_0
17_19_3_0,8_26_5_1 + 8_26_5_0
17_19_3_1,8_26_5_0
17_19_9,8_26_11_0
17_19_10,8_26_12_0
17_19_11,8_26_13
17_20_4,8_27_6_0
17_20_5,8_27_7_0
17_20_6,8_27_8
17_21_3_0,8_28_5_0
17_21_5,8_28_7
17_22_2,8_29_4
17_22_3,8_29_5_0
17_22_4_0,8_29_6_2 + 8_29_6_0
17_22_4_1,8_29_6_1 + 8_29_6_0
17_22_4_2,8_29_6_0
17_22_5,8_29_7_0
17_22_8,8_29_10_0
17_22_9,8_29_11_0
17_22_10,8_29_12
17_23_3_0,8_30_5_1 + 8_30_5_0
17_23_3_1,8_30_5_0
17_23_4_0,8_30_6_1 + 8_30_6_0
17_23_4_1,8_30_6_0
17_23_5,8_30_7_0
17_23_6,8_30_8_0
17_23_7,8_30_9_0
17_23_8,8_30_10_0
17_23_9_0,8_30_11_0
17_23_9_1,8_30_11_1
17_23_10,8_30_12_0
17_23_11,8_30_13_0
17_24_4_0,8_31_6_1 + 8_31_6_0
17_24_4_1,8_31_6_0
17_24_5_0,8_31_7_1 + 8_31_7_0
17_24_5_1,8_31_7_0
17_24_6,8_31_8_0
17_24_10,8_31_12_0
17_24_11,8_31_13_0
17_25_3,8_32_5_0
17_25_4,8_32_6_0
17_25_5,8_32_7_0
17_25_7,8_32_9_0
17_25_8,8_32_10_0
17_25_9,8_32_11_0
17_25_10,8_32_12_0
17_25_12,8_32_14_0
17_25_13,8_32_15_0
17_26_6_0,8_33_8_1 + 8_33_8_0
17_26_6_1,8_33_8_0
17_26_7_0,8_33_9_1
17_26_7_1,8_33_9_0
17_26_8_0,8_33_10_1 + 8_33_10_0
17_26_8_1,8_33_10_0
17_26_9,8_33_11
17_26_14,8_33_16_0
17_27_13,8_34_15_0
17_27_14,8_34_16_0
17_27_15,8_34_17
17_28_8,8_35_10_0
17_28_9,8_35_11_0
17_28_10,8_35_12
17_29_3,8_36_5_0
17_29_4,8_36_6_0
17_29_5,8_36_7
17_29_6,8_36_8_0
17_29_7_0,8_36_9_1
17_29_7_1,8_36_9_0
17_29_8,8_36_10_0
17_29_9,8_36_11
17_30_2,8_37_4
17_30_3,8_37_5_0
17_30_4_0,8_37_6_0
17_30_4_1,8_37_6_1
17_30_6_0,8_37_8_1
17_30_6_1,8_37_8_0
17_30_7,8_37_9_0
17_30_8,8_37_10_0
17_30_9,8_37_11_0
17_30_10,8_37_12_0
17_30_12,8_37_14_0
17_30_13,8_37_15_0
17_30_14,8_37_16
17_31_3_0,8_38_5_1 + 8_38_5_0
17_31_3_1,8_38_5_0
17_31_5_0,8_38_7_1 + 8_38_7_0
17_31_5_1,8_38_7_0
17_31_7,8_38_9_0
17_31_8_0,8_38_10_1
17_31_8_1,8_38_10_0
17_31_9_0,8_38_11_0
17_31_9_1,8_38_11_1
17_31_10_0,8_38_12_0
17_31_10_1,8_38_12_1
17_31_11,8_38_13_0
17_31_12,8_38_14_0
17_31_13_0,8_38_15_0
17_31_13_1,8_38_15_1
17_31_14,8_38_16_0
17_31_15,8_38_17_0
17_32_4_0,8_39_6_2 + 8_39_6_0
17_32_4_1,8_39_6_0
17_32_4_2,8_39_6_1
17_32_5,8_39_7_0
17_32_6_0,8_39_8_1
17_32_6_1,8_39_8_0
17_32_7_0,8_39_9_1
17_32_7_1,8_39_9_0
17_32_8_0,8_39_10_1 + 8_39_10_0
17_32_8_1,8_39_10_0
17_32_9_0,8_39_11_1
17_32_9_1,8_39_11_0
17_32_10,8_39_12_0
17_32_14,8_39_16_0
17_32_15,8_39_17_0
17_33_3,8_40_5_0
17_33_4_0,8_40_6_0
17_33_4_1,8_40_6_1
17_33_5_0,8_40_7_0
17_33_5_1,8_40_7_2 + 8_40_7_0
17_33_5_2,8_40_7_1
17_33_6,8_40_8_0
17_33_7,8_40_9
17_33_11,8_40_13_0
17_33_12,8_40_14_0
17_33_13,8_40_15_0
17_33_14,8_40_16_0
17_33_16,8_40_18_0
17_33_17,8_40_19_0
17_34_4_0,8_41_6_0
17_34_4_1,8_41_6_1 + 8_41_6_0
17_34_6_0,8_41_8_1 + 8_41_8_0
17_34_6_1,8_41_8_0
17_34_8,8_41_10_0
17_34_9,8_41_11_0
17_34_10_0,8_41_12_1 + 8_41_12_0
17_34_10_1,8_41_12_0
17_34_11_0,8_41_13_1
17_34_11_1,8_41_13_0
17_34_12_0,8_41_14_1 + 8_41_14_0
17_34_12_1,8_41_14_0
17_34_13,8_41_15
17_34_18,8_41_20_0
17_35_5_0,8_42_7_1 + 8_42_7_0
17_35_5_1,8_42_7_2 + 8_42_7_1
17_35_5_2,8_42_7_0
17_35_6,8_42_8_0
17_35_7_0,8_42_9_1
17_35_7_1,8_42_9_0
17_35_8,8_42_10_0
17_35_9,8_42_11
17_35_17,8_42_19_0
17_35_18,8_42_20_0
17_35_19,8_42_21
17_36_4,8_43_6_0
17_36_5,8_43_7_0
17_36_6_0,8_43_8_2 + 8_43_8_1 + 8_43_8_0
17_36_6_1,8_43_8_1 + 8_43_8_0
17_36_6_2,8_43_8_0
17_36_12,8_43_14_0
17_36_13,8_43_15_0
17_36_14,8_43_16
17_37_5_0,8_44_7_1
17_37_5_1,8_44_7_0
17_37_6,8_44_8_0
17_37_7_0,8_44_9_2 + 8_44_9_0
17_37_7_1,8_44_9_0
17_37_7_2,8_44_9_1
17_37_8_0,8_44_10_0
17_37_8_1,8_44_10_1
17_37_9_0,8_44_11_1 + 8_44_11_0
17_37_9_1,8_44_11_0
17_37_10_0,8_44_12_0
17_37_11_0,8_44_13_1
17_37_11_1,8_44_13_0
17_37_12,8_44_14_0
17_37_13,8_44_15
17_38_5,8_45_7_0
17_38_6_0,8_45_8_0
17_38_6_1,8_45_8_2 + 8_45_8_0
17_38_6_3,8_45_8_1
17_38_7_0,8_45_9_1 + 8_45_9_0
17_38_7_1,8_45_9_0
17_38_8_0,8_45_10_1
17_38_8_1,8_45_10_0
17_38_9_0,8_45_11
17_38_10_0,8_45_12_1
17_38_10_1,8_45_12_0
17_38_11,8_45_13_0
17_38_12,8_45_14_0
17_38_13,8_45_15_0
17_38_16,8_45_18_0
17_38_17,8_45_19_0
17_38_18,8_45_20
17_39_5,8_46_7
17_39_6,8_46_8_0
17_39_9,8_46_11_0
17_39_11,8_46_13_0
17_39_12_0,8_46_14_1
17_39_12_1,8_46_14_0
17_39_13,8_46_15_0
17_39_14,8_46_16_0
17_39_15,8_46_17_0
17_39_16,8_46_18_0
17_39_17_0,8_46_19_0
17_39_17_1,8_46_19_1
17_39_18,8_46_20_0
17_39_19,8_46_21_0
17_40_4,8_47_6_0
17_40_5,8_47_7
17_40_8,8_47_10_0
17_40_9,8_47_11_0
17_40_10_0,8_47_12_1 + 8_47_12_0
17_40_10_1,8_47_12_0
17_40_11_0,8_47_13_1
17_40_11_1,8_47_13_0
17_40_12_0,8_47_14_1 + 8_47_14_0
17_40_12_1,8_47_14_0
17_40_13_0,8_47_15_1
17_40_13_1,8_47_15_0
17_40_14,8_47_16_0
17_40_18,8_47_20_0
17_40_19,8_47_21_0
17_41_3,8_48_5
17_41_4,8_48_6
17_41_7_0,8_48_9_0 + 8_48_9_1
17_41_7_1,8_48_9_0
17_41_8,8_48_10_0
17_41_9,8_48_11_0
17_41_10_0,8_48_12_1 + 8_48_12_0
17_41_10_1,8_48_12_0
17_41_11,8_48_13
17_41_15,8_48_17_0
17_41_16,8_48_18_0
17_41_17,8_48_19_0
17_41_18,8_48_20_0
17_41_20,8_48_22_0
17_41_21,8_48_23_0
17_42_6,8_49_8_0
17_42_7,8_49_9_0
17_42_8,8_49_10_0
17_42_9,8_49_11_0
17_42_12,8_49_14_0
17_42_13,8_49_15_0
17_42_14_0,8_49_16_1 + 8_49_16_0
17_42_14_1,8_49_16_0
17_42_15_0,8_49_17_1
17_42_15_1,8_49_17_0
17_42_16_0,8_49_18_1 + 8_49_18_0
17_42_16_1,8_49_18_0
17_42_17,8_49_19
17_42_22,8_49_24_0
17_43_9,8_50_11
17_43_10,8_50_12_0
17_43_11_0,8_50_13_1
17_43_11_1,8_50_13_0
17_43_12,8_50_14_0
17_43_13,8_50_15
17_43_21,8_50_23_0
17_43_22,8_50_24_0
17_43_23,8_50_25
17_44_4,8_51_6_0
17_44_5,8_51_7_0
17_44_8,8_51_10
17_44_9,8_51_11_0
17_44_10_0,8_51_12_1
17_44_10_1,8_51_12_0
17_44_16,8_51_18_0
17_44_17,8_51_19_0
17_44_18,8_51_20
17_45_3,8_52_5_0
17_45_5_1,8_52_7_0
17_45_6_0,8_52_8_1
17_45_6_1,8_52_8_0
17_45_7_0,8_52_9_0
17_45_8,8_52_10_0
17_45_9_0,8_52_11_1 + 8_52_11_0
17_45_9_1,8_52_11_0
17_45_10,8_52_12
17_45_11,8_52_13_0
17_45_12_0,8_52_14_1 + 8_52_14_0
17_45_12_1,8_52_14_0
17_45_13,8_52_15
17_45_14,8_52_16_0
17_45_15_0,8_52_17_1
17_45_15_1,8_52_17_0
17_45_16,8_52_18_0
17_45_17,8_52_19
17_46_4,8_53_6_0
17_46_5,8_53_7_0
17_46_6_0,8_53_8_1
17_46_6_1,8_53_8_2 + 8_53_8_1
17_46_6_2,8_53_8_0
17_46_7_0,8_53_9_1
17_46_7_1,8_53_9_0
17_46_8_0,8_53_10_2 + 8_53_10_0
17_46_8_1,8_53_10_1
17_46_8_2,8_53_10_0
17_46_9_0,8_53_11_1
17_46_9_1,8_53_11_0
17_46_10_0,8_53_12_1
17_46_10_1,8_53_12_0
17_46_11_0,8_53_13_2
17_46_11_1,8_53_13_1 + 8_53_13_0
17_46_11_2,8_53_13_0
17_46_12,8_53_14
17_46_14_0,8_53_16_1
17_46_14_1,8_53_16_0
17_46_15,8_53_17_0
17_46_16,8_53_18_0
17_46_17,8_53_19_0
17_46_18,8_53_20_0
17_46_20,8_53_22_0
17_46_21,8_53_23_0
17_46_22,8_53_24
17_47_3,8_54_5_0
17_47_5_0,8_54_7_1
17_47_5_1,8_54_7_0
17_47_6_0,8_54_8_0
17_47_7_0,8_54_9_2 + 8_54_9_0
17_47_7_1,8_54_9_3 + 8_54_9_2 + 8_54_9_1
17_47_7_2,8_54_9_1
17_47_7_3,8_54_9_0
17_47_8_0,8_54_10_2
17_47_8_1,8_54_10_0
17_47_8_2,8_54_10_1
17_47_9,8_54_11_0
17_47_10_0,8_54_12_1
17_47_10_1,8_54_12_0
17_47_13,8_54_15_0
17_47_15,8_54_17_0
17_47_16_0,8_54_18_1
17_47_16_1,8_54_18_0
17_47_17_0,8_54_19_0
17_47_17_1,8_54_19_1
17_47_18_0,8_54_20_0
17_47_18_1,8_54_20_1
17_47_19,8_54_21_0
17_47_20,8_54_22_0
17_47_21_0,8_54_23_0
17_47_21_1,8_54_23_1
17_47_22,8_54_24_0
17_47_23,8_54_25_0
17_48_4_0,8_55_6_0
17_48_5_0,8_55_7_1
17_48_5_1,8_55_7_0
17_48_6_0,8_55_8_1 + 8_55_8_0 + 8_55_8_2
17_48_6_1,8_55_8_1 + 8_55_8_0
17_48_6_2,8_55_8_0
17_48_7_0,8_55_9_2 + 8_55_9_1
17_48_7_1,8_55_9_0
17_48_7_2,8_55_9_0 + 8_55_9_1
17_48_8_0,8_55_10_2 + 8_55_10_1
17_48_8_1,8_55_10_1
17_48_8_2,8_55_10_0
17_48_9_0,8_55_11_0
17_48_12,8_55_14_0
17_48_13,8_55_15_0
17_48_14_0,8_55_16_1 + 8_55_16_0
17_48_14_1,8_55_16_0
17_48_15_0,8_55_17_1
17_48_15_1,8_55_17_0
17_48_16_0,8_55_18_1 + 8_55_18_0
17_48_16_1,8_55_18_0
17_48_17_0,8_55_19_1
17_48_17_1,8_55_19_0
17_48_18,8_55_20_0
17_48_22,8_55_24_0
17_49_3,8_56_5_0
17_49_4,8_56_6_0
17_49_5_0,8_56_7_1 + 8_56_7_0
17_49_5_1,8_56_7_2
17_49_5_2,8_56_7_0
17_49_6_0,8_56_8_1
17_49_6_1,8_56_8_0
17_49_7_0,8_56_9_1
17_49_7_1,8_56_9_0
17_49_8,8_56_10_0
17_49_9_0,8_56_11_0
17_49_9_1,8_56_11_1
17_49_10,8_56_12_0
17_49_11_0,8_56_13_1 + 8_56_13_0
17_49_11_1,8_56_13_0
17_49_12,8_56_14
17_49_13,8_56_15_0
17_49_14_0,8_56_16_1 + 8_56_16_0
17_49_14_1,8_56_16_0
17_49_15,8_56_17
17_49_19,8_56_21_0
17_49_20,8_56_22_0
17_49_21,8_56_23_0
17_50_4_0,8_57_6_1 + 8_57_6_0
17_50_4_1,8_57_6_2
17_50_4_2,8_57_6_0
17_50_6_0,8_57_8_1
17_50_6_1,8_57_8_0
17_50_7,8_57_9_0
17_50_8_0,8_57_10_0
17_50_8_1,8_57_10_1 + 8_57_10_0
17_50_9,8_57_11_0
17_50_10_0,8_57_12_1 + 8_57_12_0
17_50_10_1,8_57_12_0
17_50_13,8_57_15_0
17_50_16,8_57_18_0
17_50_17,8_57_19_0
17_50_18_0,8_57_20_1 + 8_57_20_0
17_50_18_1,8_57_20_0
17_50_19_0,8_57_21_1
17_50_19_1,8_57_21_0
17_50_20_0,8_57_22_1 + 8_57_22_0
17_50_20_1,8_57_22_0
17_51_5_0,8_58_7_1
17_51_5_1,8_58_7_0
17_51_6,8_58_8_0
17_51_7_0,8_58_9_0
17_51_7_1,8_58_9_1 + 8_58_9_0
17_51_8_0,8_58_10_1
17_51_8_1,8_58_10_0
17_51_9_0,8_58_11_1 + 8_58_11_0
17_51_9_1,8_58_11_0
17_51_12,8_58_14_0
17_51_13,8_58_15
17_51_14,8_58_16_0
17_51_15_0,8_58_17_1
17_51_15_1,8_58_17_0
17_51_16,8_58_18_0
17_51_17,8_58_19
17_52_4_0,8_59_6_1
17_52_4_1,8_59_6_0
17_52_5,8_59_7_0
17_52_6_0,8_59_8_0
17_52_6_1,8_59_8_1
17_52_7_0,8_59_9_2
17_52_7_1,8_59_9_1
17_52_7_2,8_59_9_0
17_52_8_0,8_59_10_3 + 8_59_10_2 + 8_59_10_0
17_52_8_1,8_59_10_2 + 8_59_10_0
17_52_8_2,8_59_10_1
17_52_8_3,8_59_10_0
17_52_9_0,8_59_11_1
17_52_9_1,8_59_11_0
17_52_11,8_59_13_0
17_52_12,8_59_14
17_52_13,8_59_15_0
17_52_14_0,8_59_16_1
17_52_14_1,8_59_16_0
17_53_3,8_60_5
17_53_4,8_60_6_0
17_53_5_0,8_60_7_3 + 8_60_7_0
17_53_5_1,8_60_7_5
17_53_5_2,8_60_7_1 + 8_60_7_0
17_53_5_3,8_60_7_4 + 8_60_7_0
17_53_5_4,8_60_7_2
17_53_5_5,8_60_7_0
17_53_6_0,8_60_8_0
17_53_6_1,8_60_8_2
17_53_6_2,8_60_8_1
17_53_7_0,8_60_9_2 + 8_60_9_1
17_53_7_1,8_60_9_1
17_53_7_2,8_60_9_3
17_53_7_3,8_60_9_0
17_53_8_0,8_60_10_1
17_53_8_1,8_60_10_0
17_53_9_0,8_60_11_2
17_53_9_1,8_60_11_1
17_53_9_2,8_60_11_0
17_53_11,8_60_13_0
17_53_12,8_60_14_0
17_53_13_0,8_60_15_0
17_53_13_1,8_60_15_1
17_53_14,8_60_16
17_53_15,8_60_17_0
17_53_16_0,8_60_18_0
17_53_16_1,8_60_18_1
17_53_17_0,8_60_19_1 + 8_60_19_0
17_53_17_1,8_60_19_0
17_54_4_0,8_61_6_2 + 8_61_6_0
17_54_4_1,8_61_6_3
17_54_4_2,8_61_6_0
17_54_4_3,8_61_6_1
17_54_5_0,8_61_7_1
17_54_5_1,8_61_7_0
17_54_6_0,8_61_8_2 + 8_61_8_1
17_54_6_1,8_61_8_1
17_54_6_2,8_61_8_0
17_54_7,8_61_9_0
17_54_8_0,8_61_10_2 + 8_61_10_0
17_54_8_1,8_61_10_0
17_54_8_2,8_61_10_1
17_54_9,8_61_11_0
17_54_10_0,8_61_12_1 + 8_61_12_0
17_54_10_1,8_61_12_0
17_54_10_2,8_61_12_2
17_54_11_0,8_61_13_0
17_54_11_1,8_61_13_1
17_54_12_0,8_61_14_0
17_54_12_1,8_61_14_1
17_54_13_0,8_61_15_1
17_54_13_1,8_61_15_0
17_54_14_0,8_61_16_1
17_54_14_1,8_61_16_0
17_54_15_0,8_61_17_2
17_54_15_1,8_61_17_0
17_54_15_2,8_61_17_1
17_54_16_0,8_61_18_1
17_54_16_1,8_61_18_0
17_55_5_0,8_62_7_2 + 8_62_7_0
17_55_5_1,8_62_7_3 + 8_62_7_1
17_55_5_2,8_62_7_0
17_55_5_3,8_62_7_1
17_55_6_0,8_62_8_3
17_55_6_1,8_62_8_1
17_55_6_2,8_62_8_1 + 8_62_8_2
17_55_6_3,8_62_8_0
17_55_7_0,8_62_9_2 + 8_62_9_1
17_55_7_1,8_62_9_3
17_55_7_2,8_62_9_1
17_55_7_3,8_62_9_0
17_55_9_0,8_62_11_0
17_55_9_1,8_62_11_1
17_55_11_0,8_62_13_1
17_55_11_1,8_62_13_0
17_55_12_0,8_62_14_1
17_55_12_1,8_62_14_0
17_55_13,8_62_15_0
17_55_14_0,8_62_16_1
17_55_14_1,8_62_16_0
17_56_4_0,8_63_6_0
17_56_4_1,8_63_6_2 + 8_63_6_1
17_56_4_2,8_63_6_1
17_56_5_0,8_63_7_0
17_56_5_1,8_63_7_2 + 8_63_7_1 + 8_63_7_0
17_56_5_2,8_63_7_1
17_56_6_0,8_63_8_0 + 8_63_8_1
17_56_6_2,8_63_8_2 + 8_63_8_0 + 8_63_8_1
17_56_6_3,8_63_8_0
17_56_8_0,8_63_10_1
17_56_8_1,8_63_10_0
17_56_9,8_63_11_0
17_56_10_0,8_63_12_2 + 8_63_12_0
17_56_10_1,8_63_12_0
17_56_10_2,8_63_12_1
17_56_11_0,8_63_13_1
17_56_11_1,8_63_13_0
17_56_12_0,8_63_14_1 + 8_63_14_0
17_56_12_1,8_63_14_0
17_56_13_1,8_63_15_0
17_57_5_0,8_64_7_0
17_57_5_1,8_64_7_1
17_57_7,8_64_9_0
17_57_8_0,8_64_10_1
17_57_8_1,8_64_10_0
17_57_9_0,8_64_11_1 + 8_64_11_0
17_57_9_1,8_64_11_0
17_57_9_2,8_64_11_2
17_57_10_0,8_64_12_1 + 8_64_12_0
17_57_10_1,8_64_12_0
17_57_11,8_64_13_0
17_57_12,8_64_14_0
17_57_13,8_64_15_0
17_58_6,8_65_8
17_58_12,8_65_14_0
17_59_5_0,8_66_7_0
17_59_5_1,8_66_7_1
17_59_6,8_66_8_0
17_59_7_0,8_66_9_1
17_59_7_1,8_66_9_0
17_59_8,8_66_10_0
17_59_10,8_66_12_0
17_59_11_0,8_66_13_1
17_59_11_1,8_66_13_0
17_60_6_0,8_67_8_3 + 8_67_8_1 + 8_67_8_0 + 8_67_8_2
17_60_6_1,8_67_8_2
17_60_6_2,8_67_8_4 + 8_67_8_3
17_60_6_3,8_67_8_1 + 8_67_8_0
17_60_6_4,8_67_8_0
17_60_7_0,8_67_9_1
17_60_7_1,8_67_9_0
17_60_8_0,8_67_10_1
17_60_8_1,8_67_10_0
17_60_9_0,8_67_11_2 + 8_67_11_0
17_60_9_1,8_67_11_0
17_60_9_2,8_67_11_1
17_60_10_0,8_67_12_1
17_60_10_1,8_67_12_0
17_61_5_0,8_68_7_1
17_61_5_1,8_68_7_0
17_61_5_2,8_68_7_2
17_61_6,8_68_8_0
17_61_7_0,8_68_9_1
17_61_7_1,8_68_9_4 + 8_68_9_1
17_61_7_2,8_68_9_0
17_61_7_3,8_68_9_2 + 8_68_9_0 + 8_68_9_1
17_61_7_4,8_68_9_3
17_61_8_0,8_68_10_3 + 8_68_10_2 + 8_68_10_0
17_61_8_1,8_68_10_2
17_61_8_2,8_68_10_1
17_61_8_3,8_68_10_0
17_61_9_0,8_68_11_2
17_61_9_1,8_68_11_0
17_61_9_2,8_68_11_1
17_62_4,8_69_6_0
17_62_5_0,8_69_7_0
17_62_5_1,8_69_7_1
17_62_6_0,8_69_8_2 + 8_69_8_0
17_62_6_1,8_69_8_4 + 8_69_8_2 + 8_69_8_0
17_62_6_2,8_69_8_1 + 8_69_8_3
17_62_6_3,8_69_8_1
17_62_6_4,8_69_8_0
17_62_7_0,8_69_9_0 + 8_69_9_1
17_62_7_1,8_69_9_0
17_62_8_0,8_69_10_2
17_62_8_1,8_69_10_0
17_62_8_2,8_69_10_1
17_63_5_0,8_70_7_2 + 8_70_7_3
17_63_5_1,8_70_7_2 + 8_70_7_1
17_63_5_2,8_70_7_1
17_63_5_3,8_70_7_0
17_63_6_0,8_70_8_2
17_63_6_1,8_70_8_0
17_63_6_2,8_70_8_1
17_63_7_0,8_70_9_0
17_63_7_1,8_70_9_2
17_63_7_2,8_70_9_1
17_64_4,8_71_6_0
17_64_5_0,8_71_7_1
17_64_5_1,8_71_7_2 + 8_71_7_0
17_64_5_2,8_71_7_0
17_64_6_0,8_71_8_1
17_64_6_1,8_71_8_2 + 8_71_8_4 + 8_71_8_3
17_64_6_2,8_71_8_2
17_64_6_3,8_71_8_5
17_64_6_4,8_71_8_0
17_64_6_5,8_71_8_0 + 8_71_8_3
17_65_5_0,8_72_7_1 + 8_72_7_0
17_65_5_1,8_72_7_3 + 8_72_7_2
17_65_5_2,8_72_7_2
17_65_5_3,8_72_7_0
19_0_0,9_8_2_0
19_1_1,9_9_3_0
19_2_2,9_10_4
19_3_1,9_11_3
19_6_2,9_14_4_0
19_7_1,9_15_3
19_8_2,9_16_4
19_8_3,9_16_5
19_9_5,9_17_7_0
19_10_6,9_18_8
19_14_4,9_22_6_0
19_15_1,9_23_3
19_15_5_0,9_23_7
19_15_5_1,9_23_7
19_16_2,9_24_4_0
19_16_6,9_24_8
19_16_7,9_24_9
19_17_3,9_25_5_0
19_17_4,9_25_6
19_17_9,9_25_11_0
19_18_2_0,9_26_4_1 + 9_26_4_0
19_18_2_1,9_26_4_0
19_18_4_0,9_26_6_0
19_18_10,9_26_12
19_19_3,9_27_5_0
19_20_4,9_28_6_0
19_21_3_0,9_29_5_0
19_21_5,9_29_7_0
19_22_2,9_30_4
19_22_8,9_30_10_0
19_23_3,9_31_5
19_23_4,9_31_6_0
19_23_9_0,9_31_11
19_23_9_1,9_31_11
19_24_4,9_32_6
19_24_10,9_32_12
19_24_11,9_32_13
19_25_3,9_33_5
19_25_8,9_33_10
19_25_13,9_33_15_0
19_26_14,9_34_16
19_28_8,9_36_10
19_29_3,9_37_5
19_30_2,9_38_4
19_30_6,9_38_8_0
19_30_12,9_38_14_0
19_31_3,9_39_5_0
19_31_5,9_39_7_0
19_31_8,9_39_10
19_31_13_0,9_39_15
19_31_13_1,9_39_15
19_32_4_1,9_40_6_0
19_32_6_1,9_40_8_0
19_32_14,9_40_16
19_32_15,9_40_17
19_33_3,9_41_5
19_33_5_0,9_41_7_0
19_33_12,9_41_14
19_33_17,9_41_19_0
19_34_4,9_42_6_0
19_34_6,9_42_8_0
19_34_8_1,9_42_10
19_34_18,9_42_20
19_35_5_0,9_43_7_1 + 9_43_7_0
19_35_5_1,9_43_7_0
19_35_7,9_43_9
19_36_6_0,9_44_8_1 + 9_44_8_0
19_36_6_1,9_44_8_0
19_36_12,9_44_14
19_37_5_0,9_45_7_1
19_37_5_1,9_45_7_0
19_38_4,9_46_6
19_38_6_2,9_46_8
19_38_16,9_46_18_0
19_39_9,9_47_11
19_39_12,9_47_14
19_39_17_0,9_47_19
19_39_17_1,9_47_19
19_40_6_1,9_48_8_0
19_40_8_1,9_48_10
19_40_10_1,9_48_12_0
19_40_18,9_48_20
19_40_19,9_48_21
19_41_7_2,9_49_9_0
19_41_16,9_49_18
19_41_21,9_49_23_0
19_42_12_1,9_50_14
19_42_22,9_50_24
19_44_4,9_52_6_0
19_44_16,9_52_18
19_45_5_1,9_53_7_0
19_45_7_0,9_53_9_0
19_45_9_1,9_53_11
19_46_5,9_54_7_0
19_46_6_0,9_54_8_1
19_46_6_1,9_54_8_2
19_46_6_2,9_54_8_0
19_46_7_1,9_54_9_0
19_46_8_2,9_54_10_0
19_46_20,9_54_22_0
19_47_5_0,9_55_7_0
19_47_7_0,9_55_9_0
19_47_8_1,9_55_10_0
19_47_8_2,9_55_10_1
19_47_13,9_55_15
19_47_16,9_55_18
19_47_21_0,9_55_23
19_47_21_1,9_55_23
19_48_4_0,9_56_6_0
19_48_5_1,9_56_7_0
19_48_7_0,9_56_9_0
19_48_7_1,9_56_9_0
19_48_8_0,9_56_10_0
19_48_14_1,9_56_16_0
19_49_3,9_57_5_0
19_49_5_1,9_57_7_0
19_49_7_0,9_57_9_0
19_49_20,9_57_22
19_50_4,9_58_6_0
19_50_6_0,9_58_8_1
19_50_6_1,9_58_8_0
19_50_7,9_58_9_0
19_50_8,9_58_10_0
19_50_10,9_58_12
19_50_16_1,9_58_18
19_51_5_0,9_59_7_1
19_51_5_1,9_59_7_0
19_51_6_0,9_59_8_0
19_51_7_0,9_59_9_0
19_51_8_1,9_59_10_0
19_51_9,9_59_11_0
19_52_4_0,9_60_6_1
19_52_4_1,9_60_6_0
19_52_5_1,9_60_7_0
19_52_6_0,9_60_8_0
19_52_6_1,9_60_8_0
19_52_8_0,9_60_10_1 + 9_60_10_0
19_52_8_2,9_60_10_0
19_53_3,9_61_5_0
19_53_5_1,9_61_7_1
19_53_5_2,9_61_7_0
19_53_6_1,9_61_8_0
19_53_6_2,9_61_8_0
19_53_7_1,9_61_9_0
19_53_9_1,9_61_11_0
19_53_10,9_61_12_0
19_54_4_0,9_62_6_0
19_54_4_1,9_62_6_1
19_54_5,9_62_7_0
19_54_6_0,9_62_8_1
19_54_6_1,9_62_8_0
19_54_8_0,9_62_10_0
19_54_8_1,9_62_10_0
19_54_10_1,9_62_12_0
19_54_11_0,9_62_13_0
19_54_11_1,9_62_13_0
19_55_5_1,9_63_7_0
19_55_7_1,9_63_9_0
19_55_9,9_63_11_0
19_55_11_1,9_63_13_0
19_55_12_1,9_63_14_0
19_56_4_1,9_64_6_1 + 9_64_6_0
19_56_4_2,9_64_6_0
19_56_9,9_64_11
19_56_10_1,9_64_12_0
19_56_10_2,9_64_12_1
19_58_6_0,9_66_8_0
19_59_5_0,9_67_7_0
19_59_5_1,9_67_7_1
19_59_10_1,9_67_12_0
19_60_6_0,9_68_8_2
19_60_6_2,9_68_8_1 + 9_68_8_0
19_60_6_3,9_68_8_0
19_60_7_1,9_68_9_0
19_60_9_3,9_68_11_0
19_61_5_0,9_69_7_0
19_61_5_1,9_69_7_1
19_61_8_2,9_69_10
19_62_4,9_70_6_0
19_62_5_1,9_70_7_0
19_62_5_2,9_70_7_1
19_62_6_0,9_70_8_2 + 9_70_8_1
19_62_6_1,9_70_8_1
19_62_6_2,9_70_8_0
19_63_5_0,9_71_7_2 + 9_71_7_1
19_63_5_1,9_71_7_1
19_63_5_2,9_71_7_0
19_63_6_1,9_71_8_0
19_63_6_2,9_71_8_1
19_64_4,9_72_6_0
19_64_5_1,9_72_7_0
21_0_0,10_9_2
21_0_1,10_9_3_1
21_0_2,10_9_4_1
21_0_3,10_9_5_1
21_0_4,10_9_6
21_0_5,10_9_7
21_0_6,10_9_8
21_0_7,10_9_9
21_0_8,10_9_10
21_0_9,10_9_11
21_0_10,10_9_12
21_0_11,10_9_13
21_0_12,10_9_14
21_0_13,10_9_15
21_0_14,10_9_16
21_0_15,10_9_17
21_0_16,10_9_18
21_0_17,10_9_19
21_0_18,10_9_20
21_0_19,10_9_21
21_0_20,10_9_22
21_0_21,10_9_23
21_0_22,10_9_24
21_0_23,10_9_25
21_0_24,10_9_26
21_1_1,10_10_3
21_3_1,10_12_3
21_3_2,10_12_4
21_6_2,10_15_4
21_7_1,10_16_3
21_7_2,10_16_4
21_7_3,10_16_5
21_7_4,10_16_6_0
21_9_5,10_18_7
21_11_5,10_20_7
21_11_6,10_20_8
21_14_2,10_23_4_0
21_14_3,10_23_5_0
21_14_4,10_23_6_0
21_14_5,10_23_7
21_14_6,10_23_8
21_15_1,10_24_3
21_15_2,10_24_4_0
21_15_3,10_24_5_0
21_15_4,10_24_6_0
21_15_5_0,10_24_7_0
21_15_5_1,10_24_7_1
21_15_6,10_24_8
21_15_7,10_24_9
21_15_8,10_24_10_0
21_16_2,10_25_4_0
21_17_4,10_26_6_0
21_17_5,10_26_7_0
21_17_6,10_26_8_0
21_17_9,10_26_11
21_18_2,10_27_4
21_18_3,10_27_5_0
21_18_4_0,10_27_6_0
21_18_5,10_27_7
21_19_3,10_28_5
21_19_9,10_28_11
21_19_10,10_28_12
21_20_2,10_29_4_0
21_20_4,10_29_6_0
21_20_5,10_29_7_0
21_21_3_0,10_30_5_1 + 10_30_5_0
21_21_3_1,10_30_5_0
21_21_5,10_30_7
21_22_2,10_31_4
21_22_3,10_31_5_0
21_22_4_0,10_31_6_1 + 10_31_6_0
21_22_4_1,10_31_6_0
21_22_8,10_31_10_0
21_22_9,10_31_11
21_22_10,10_31_12
21_23_3,10_32_5
21_23_5,10_32_7_0
21_23_7,10_32_9_0
21_23_8,10_32_10_0
21_23_9_0,10_32_11_0
21_23_9_1,10_32_11_1
21_23_10,10_32_12
21_23_11,10_32_13
21_23_12,10_32_14_0
21_25_8,10_34_10_0
21_25_9,10_34_11_0
21_25_10,10_34_12_0
21_25_13,10_34_15
21_26_3,10_35_5_0
21_26_4,10_35_6
21_26_5,10_35_7_0
21_26_7,10_35_9_0
21_26_8,10_35_10_0
21_26_9,10_35_11
21_27_3,10_36_5_0
21_27_4,10_36_6_0
21_27_13,10_36_15
21_27_14,10_36_16
21_28_5,10_37_7_0
21_28_6,10_37_8_0
21_28_8,10_37_10_0
21_28_9,10_37_11_0
21_29_3,10_38_5
21_29_4_0,10_38_6_0
21_29_4_1,10_38_6_1
21_29_5,10_38_7_0
21_29_6,10_38_8_0
21_29_7_0,10_38_9_1
21_29_7_1,10_38_9_0
21_29_8,10_38_10_0
21_29_9,10_38_11
21_30_2,10_39_4
21_30_3,10_39_5_0
21_30_4,10_39_6
21_30_5,10_39_7_0
21_30_6,10_39_8_0
21_30_7,10_39_9_0
21_30_8,10_39_10
21_30_9,10_39_11
21_30_10,10_39_12_0
21_30_12,10_39_14_0
21_30_13,10_39_15
21_30_14,10_39_16
21_31_5,10_40_7
21_31_8_0,10_40_10_0
21_31_8_1,10_40_10_1
21_31_9_0,10_40_11_0
21_31_9_1,10_40_11_1
21_31_10_1,10_40_12_0
21_31_11,10_40_13_0
21_31_12,10_40_14_0
21_31_13_0,10_40_15_0
21_31_13_1,10_40_15_1
21_31_14,10_40_16
21_31_15,10_40_17
21_31_16,10_40_18_0
21_32_4,10_41_6_0
21_32_5,10_41_7_0
21_32_7,10_41_9_0
21_32_8,10_41_10_0
21_32_9,10_41_11_0
21_33_4,10_42_6_0
21_33_12,10_42_14_0
21_33_13,10_42_15_0
21_33_14,10_42_16_0
21_33_17,10_42_19
21_34_4,10_43_6
21_34_6_0,10_43_8_1
21_34_6_1,10_43_8_0
21_34_7,10_43_9
21_34_8_0,10_43_10_1
21_34_8_1,10_43_10_0
21_34_9_0,10_43_11_1
21_34_9_1,10_43_11_0
21_34_11,10_43_13_0
21_34_12,10_43_14_0
21_34_13,10_43_15
21_35_3,10_44_5
21_35_5_0,10_44_7_1 + 10_44_7_0
21_35_5_1,10_44_7_0
21_35_7_0,10_44_9_1
21_35_7_1,10_44_9_0
21_35_8_0,10_44_10_1
21_35_8_1,10_44_10_0
21_35_17,10_44_19
21_35_18,10_44_20
21_36_4,10_45_6
21_36_6,10_45_8
21_36_9,10_45_11_0
21_36_10,10_45_12_0
21_36_12,10_45_14_0
21_36_13,10_45_15_0
21_37_5,10_46_7_0
21_37_6,10_46_8_0
21_37_7_1,10_46_9_0
21_37_8_0,10_46_10_2
21_37_8_1,10_46_10_0
21_37_8_2,10_46_10_1
21_37_9_0,10_46_11_1 + 10_46_11_0
21_37_9_1,10_46_11_0
21_37_10_0,10_46_12_0
21_37_11_0,10_46_13_1
21_37_11_1,10_46_13_0
21_37_12,10_46_14_0
21_37_13,10_46_15
21_38_5,10_47_7_0
21_38_6_0,10_47_8_1 + 10_47_8_0
21_38_6_2,10_47_8_0
21_38_7_0,10_47_9_1
21_38_7_1,10_47_9_0
21_38_8_0,10_47_10_1
21_38_8_1,10_47_10_0
21_38_9_0,10_47_11
21_38_10,10_47_12_0
21_38_11,10_47_13_0
21_38_12,10_47_14
21_38_16,10_47_18_0
21_38_17,10_47_19
21_38_18,10_47_20
21_39_9,10_48_11
21_39_12,10_48_14_0
21_39_13,10_48_15_0
21_39_15,10_48_17_0
21_39_16,10_48_18_0
21_39_17_0,10_48_19_0
21_39_17_1,10_48_19_1
21_39_18,10_48_20
21_39_19,10_48_21
21_39_20,10_48_22_0
21_40_4_0,10_49_6_0
21_40_5_0,10_49_7_0
21_40_6_2,10_49_8
21_40_7,10_49_9_0
21_40_8_0,10_49_10_1
21_40_8_1,10_49_10_0
21_40_9,10_49_11_0
21_40_11,10_49_13_0
21_40_12,10_49_14_0
21_40_13,10_49_15_0
21_41_3,10_50_5
21_41_4_0,10_50_6_1
21_41_4_1,10_50_6_0
21_41_5_0,10_50_7
21_41_6_0,10_50_8_0
21_41_6_1,10_50_8_1
21_41_7_0,10_50_9
21_41_8,10_50_10_0
21_41_10,10_50_12_0
21_41_16,10_50_18_0
21_41_17,10_50_19_0
21_41_18,10_50_20_0
21_41_21,10_50_23
21_42_5_0,10_51_7_0
21_42_5_1,10_51_7_0
21_42_6,10_51_8_0
21_42_7,10_51_9_0
21_42_9,10_51_11
21_42_10,10_51_12_0
21_42_11,10_51_13
21_42_12_0,10_51_14_1
21_42_12_1,10_51_14_0
21_42_13_0,10_51_15_1
21_42_13_1,10_51_15_0
21_42_15,10_51_17_0
21_42_16,10_51_18_0
21_42_17,10_51_19
21_43_6,10_52_8_0
21_43_7,10_52_9_0
21_43_8,10_52_10_0
21_43_9,10_52_11_0
21_43_11_0,10_52_13_1
21_43_11_1,10_52_13_0
21_43_12_0,10_52_14_1
21_43_12_1,10_52_14_0
21_43_21,10_52_23
21_43_22,10_52_24
21_44_4,10_53_6_0
21_44_5,10_53_7_0
21_44_6,10_53_8_0
21_44_7,10_53_9_0
21_44_8,10_53_10_0
21_44_10,10_53_12
21_44_13,10_53_15_0
21_44_14,10_53_16_0
21_44_16,10_53_18_0
21_44_17,10_53_19_0
21_45_3,10_54_5_0
21_45_4,10_54_6_0
21_45_5_1,10_54_7_0
21_45_6_1,10_54_8_0
21_45_7_1,10_54_9_1
21_45_7_2,10_54_9_0
21_45_8,10_54_10_0
21_45_9_0,10_54_11_1 + 10_54_11_0
21_45_9_1,10_54_11_0
21_45_10,10_54_12_0
21_45_12_0,10_54_14_1
21_45_12_1,10_54_14_0
21_45_13,10_54_15_0
21_45_14,10_54_16_0
21_45_15_0,10_54_17_1
21_45_15_1,10_54_17_0
21_45_16,10_54_18_0
21_45_17,10_54_19
21_46_6_0,10_55_8_1
21_46_6_1,10_55_8_2 + 10_55_8_1
21_46_6_2,10_55_8_0
21_46_7_0,10_55_9_2 + 10_55_9_1
21_46_7_1,10_55_9_1
21_46_7_2,10_55_9_0
21_46_8_0,10_55_10_2 + 10_55_10_1
21_46_8_1,10_55_10_1
21_46_8_2,10_55_10_0
21_46_9_0,10_55_11_1
21_46_9_1,10_55_11_0
21_46_10,10_55_12_0
21_46_11_0,10_55_13_1 + 10_55_13_0
21_46_11_1,10_55_13_0
21_46_12,10_55_14_0
21_46_14,10_55_16_0
21_46_15,10_55_17_0
21_46_16,10_55_18
21_46_17,10_55_19
21_46_18,10_55_20_0
21_46_20,10_55_22_0
21_46_21,10_55_23
21_46_22,10_55_24
21_47_5_0,10_56_7_1
21_47_5_1,10_56_7_0
21_47_6_1,10_56_8_0
21_47_7_0,10_56_9_0
21_47_8_0,10_56_10_0
21_47_10,10_56_12_0
21_47_13,10_56_15
21_47_16_0,10_56_18_0
21_47_16_1,10_56_18_1
21_47_17_0,10_56_19_0
21_47_17_1,10_56_19_1
21_47_18_1,10_56_20_0
21_47_19,10_56_21_0
21_47_20,10_56_22_0
21_47_21_0,10_56_23_0
21_47_21_1,10_56_23_1
21_48_4_0,10_57_6_1 + 10_57_6_0
21_48_4_1,10_57_6_0
21_48_5_0,10_57_7_1
21_48_5_1,10_57_7_0
21_48_6_1,10_57_8_0
21_48_7_0,10_57_9_0
21_48_7_1,10_57_9_0 + 10_57_9_1
21_48_8,10_57_10_0
21_48_11,10_57_13_0
21_48_12_0,10_57_14_1
21_48_12_1,10_57_14_0
21_48_13,10_57_15_0
21_48_15,10_57_17_0
21_48_16,10_57_18_0
21_48_17,10_57_19_0
21_49_3,10_58_5
21_49_4,10_58_6_0
21_49_5_1,10_58_7_0
21_49_8,10_58_10_0
21_49_9,10_58_11
21_49_10,10_58_12_0
21_49_11_0,10_58_13_1 + 10_58_13_0
21_49_11_1,10_58_13_0
21_49_12,10_58_14_0
21_49_14,10_58_16_0
21_50_4_0,10_59_6_1
21_50_4_1,10_59_6_0
21_50_6,10_59_8_0
21_50_8,10_59_10_0
21_50_10,10_59_12_0
21_50_13,10_59_15
21_50_14,10_59_16_0
21_50_15,10_59_17
21_50_16_0,10_59_18_1
21_50_16_1,10_59_18_0
21_50_17_0,10_59_19_1
21_50_17_1,10_59_19_0
21_51_3,10_60_5
21_51_5_0,10_60_7_1
21_51_5_1,10_60_7_0
21_51_6,10_60_8_0
21_51_7_0,10_60_9_0
21_51_7_1,10_60_9_1
21_51_8,10_60_10
21_51_11,10_60_13_0
21_51_12_0,10_60_14_1 + 10_60_14_0
21_51_12_1,10_60_14_0
21_51_13,10_60_15_0
21_51_15_0,10_60_17_1
21_51_15_1,10_60_17_0
21_51_16_0,10_60_18_1
21_51_16_1,10_60_18_0
21_52_4_0,10_61_6_1
21_52_4_1,10_61_6_0
21_52_5_0,10_61_7_1 + 10_61_7_0
21_52_5_1,10_61_7_0
21_52_6_0,10_61_8_0
21_52_6_1,10_61_8_1
21_52_7,10_61_9_0
21_52_8_0,10_61_10_2 + 10_61_10_0
21_52_8_1,10_61_10_1
21_52_8_2,10_61_10_0
21_52_9,10_61_11_0
21_52_10,10_61_12_0
21_52_11_0,10_61_13_1 + 10_61_13_0
21_52_11_1,10_61_13_0
21_52_12,10_61_14_0
21_52_14,10_61_16
21_53_3,10_62_5
21_53_4,10_62_6_0
21_53_5_0,10_62_7_0
21_53_5_1,10_62_7_2
21_53_5_2,10_62_7_1
21_53_6_1,10_62_8_0
21_53_7_0,10_62_9_1
21_53_7_1,10_62_9_0
21_53_8,10_62_10_0
21_53_10,10_62_12_0
21_53_11,10_62_13_0
21_53_12,10_62_14_0
21_53_13_0,10_62_15_0
21_53_13_1,10_62_15_1
21_53_14,10_62_16_0
21_53_15,10_62_17_0
21_54_4_1,10_63_6_0
21_54_8,10_63_10_0
21_54_9,10_63_11_0
21_54_10_1,10_63_12_0
21_54_11_0,10_63_13_2
21_54_11_1,10_63_13_0
21_54_11_2,10_63_13_1
21_54_12_0,10_63_14_2 + 10_63_14_1 + 10_63_14_0
21_54_12_1,10_63_14_0
21_54_12_2,10_63_14_1
21_54_13_0,10_63_15_1
21_54_13_1,10_63_15_0
21_54_14_0,10_63_16_1 + 10_63_16_0
21_54_14_1,10_63_16_0
21_55_5_0,10_64_7_0
21_55_6_0,10_64_8_0
21_55_10,10_64_12
21_55_11_0,10_64_13_1
21_55_11_1,10_64_13_0
21_55_12_0,10_64_14_0
21_56_4,10_65_6_0
21_56_5,10_65_7_0
21_56_7,10_65_9_0
21_56_9_0,10_65_11_0
21_56_10_1,10_65_12_0
21_56_11,10_65_13_0
21_56_12,10_65_14_0
21_57_4,10_66_6_0
21_57_5,10_66_7_0
21_57_6,10_66_8_0
21_57_7,10_66_9_0
21_57_8_1,10_66_10_0
21_57_8_2,10_66_10_1
21_57_9_0,10_66_11_0
21_57_11_0,10_66_13_1 + 10_66_13_0
21_57_11_1,10_66_13_0
21_58_4,10_67_6_0
21_58_5,10_67_7_0
21_58_6,10_67_8_0
21_58_8,10_67_10_0
21_58_10_0,10_67_12_0
21_58_10_1,10_67_12_0 + 10_67_12_1
21_59_5_1,10_68_7_0
21_59_6_0,10_68_8_2
21_59_6_1,10_68_8_0 + 10_68_8_1
21_59_6_2,10_68_8_0
21_59_7_0,10_68_9_0 + 10_68_9_1
21_59_7_1,10_68_9_2
21_59_7_2,10_68_9_0
21_59_9,10_68_11_0
21_60_4,10_69_6_0
21_60_5,10_69_7_0
21_60_6_0,10_69_8_1 + 10_69_8_0 + 10_69_8_2
21_60_6_1,10_69_8_3 + 10_69_8_2
21_60_6_2,10_69_8_1 + 10_69_8_0
21_60_6_3,10_69_8_0
21_60_7_0,10_69_9_1
21_60_7_1,10_69_9_0
21_60_8_0,10_69_10_1
21_60_8_1,10_69_10_0
21_61_5_0,10_70_7_0
21_61_5_1,10_70_7_1
21_61_6_0,10_70_8_0
21_61_6_1,10_70_8_1
21_61_7_1,10_70_9_0
21_61_7_2,10_70_9_1
21_62_4_0,10_71_6_1 + 10_71_6_0
21_62_4_1,10_71_6_0
21_62_5_0,10_71_7_0
21_62_5_1,10_71_7_1
21_62_6_0,10_71_8_1
21_62_6_1,10_71_8_0
21_63_5_0,10_72_7_0
21_64_4,10_73_6
23_0_0,11_10_2
23_3_1,11_13_3
23_11_5,11_21_7
23_14_4,11_24_6
23_15_1,11_25_3
23_17_4,11_27_6
23_18_2,11_28_4
23_18_4_0,11_28_6
23_19_3,11_29_5_0
23_19_9,11_29_11
23_20_4,11_30_6
23_22_2,11_32_4
23_22_8,11_32_10
23_23_5,11_33_7_0
23_23_7,11_33_9
23_25_8,11_35_10
23_26_7,11_36_9
23_27_13,11_37_15
23_28_8,11_38_10
23_29_7,11_39_9_0
23_30_12,11_40_14
23_31_5_1,11_41_7
23_31_8_0,11_41_10_0
23_31_8_1,11_41_10_0
23_32_4,11_42_6
23_32_7_1,11_42_9_0
23_33_12,11_43_14
23_34_6,11_44_8
23_34_11,11_44_13
23_35_17,11_45_19
23_36_12,11_46_14
23_37_11,11_47_13_0
23_38_16,11_48_18
23_39_12,11_49_14_0
23_39_15,11_49_17
23_40_11_1,11_50_13_0
23_41_16,11_51_18
23_42_6_1,11_52_8_0
23_42_15,11_52_17
23_43_21,11_53_23
23_44_4,11_54_6_0
23_44_16,11_54_18
23_45_5_2,11_55_7_0
23_45_15,11_55_17_0
23_46_6_2,11_56_8_0
23_46_20,11_56_22
23_47_16_0,11_57_18_0
23_48_4_0,11_58_6_0
23_48_5_1,11_58_7_0
23_48_7_0,11_58_9_0
23_48_7_1,11_58_9_0
23_48_15_1,11_58_17_0
23_49_3,11_59_5
23_50_4,11_60_6_0
23_50_6,11_60_8_0
23_52_4,11_62_6_0
23_53_3,11_63_5
23_53_6_0,11_63_8_0
23_53_10,11_63_12
23_54_8_1,11_64_10_0
23_55_5_0,11_65_7_0
23_55_6_1,11_65_8_0
23_56_4,11_66_6
23_56_6,11_66_8_0
23_56_10_1,11_66_12_0
23_57_8_1,11_67_10_0
23_59_5,11_69_7_0
23_60_7_1,11_70_9_0
23_61_4,11_71_6_0
23_61_6_0,11_71_8_1 + 11_71_8_0
23_61_6_2,11_71_8_0
23_62_4,11_72_6
23_62_5_2,11_72_7_0
25_0_0,12_11_2
25_0_1,12_11_3
25_0_2,12_11_4
25_0_3,12_11_5_1
25_0_4,12_11_6_1
25_0_5,12_11_7_1
25_0_6,12_11_8
25_0_7,12_11_9
25_0_8,12_11_10
25_0_9,12_11_11
25_0_10,12_11_12
25_0_11,12_11_13
25_0_12,12_11_14
25_0_13,12_11_15
25_0_14,12_11_16
25_0_15,12_11_17
25_0_16,12_11_18
25_0_17,12_11_19
25_0_18,12_11_20
25_0_19,12_11_21
25_0_20,12_11_22
25_0_21,12_11_23
25_0_22,12_11_24
25_0_23,12_11_25
25_0_24,12_11_26
25_1_1,12_12_3
25_2_2,12_13_4
25_3_1,12_14_3_0
25_3_2,12_14_4_0
25_7_1,12_18_3_0
25_7_2,12_18_4_0
25_7_3,12_18_5_0
25_7_4,12_18_6
25_8_2,12_19_4_0
25_8_3,12_19_5
25_9_4,12_20_6_0
25_9_5,12_20_7
25_10_6,12_21_8
25_11_5,12_22_7_0
25_11_6,12_22_8_0
25_14_2,12_25_4_0
25_14_3,12_25_5_0
25_14_4,12_25_6
25_14_5,12_25_7
25_15_1,12_26_3
25_15_2,12_26_4_0
25_15_3,12_26_5
25_15_4,12_26_6_0
25_15_5_0,12_26_7_0
25_15_5_1,12_26_7_1
25_15_6,12_26_8_0
25_15_7,12_26_9_0
25_15_8,12_26_10
25_16_2,12_27_4
25_16_6,12_27_8_0
25_16_7,12_27_9
25_17_3,12_28_5
25_17_4,12_28_6
25_17_5,12_28_7
25_17_6,12_28_8_0
25_17_8,12_28_10_0
25_17_9,12_28_11
25_18_2,12_29_4_0
25_18_3,12_29_5_0
25_18_4_0,12_29_6_0
25_18_10,12_29_12
25_19_3,12_30_5
25_19_9,12_30_11_0
25_19_10,12_30_12_0
25_20_4,12_31_6
25_20_5,12_31_7
25_22_8,12_33_10
25_22_9,12_33_11
25_23_4,12_34_6_0
25_23_5,12_34_7
25_23_7,12_34_9_0
25_23_8,12_34_10_0
25_23_9_0,12_34_11_0
25_23_9_1,12_34_11_1
25_23_10,12_34_12_0
25_23_11,12_34_13_0
25_23_12,12_34_14
25_24_2,12_35_4
25_24_5,12_35_7_0
25_24_10,12_35_12_0
25_24_11,12_35_13
25_25_3,12_36_5_0
25_25_8,12_36_10
25_25_9,12_36_11
25_25_10,12_36_12_0
25_25_12,12_36_14_0
25_25_13,12_36_15
25_26_2,12_37_4
25_26_3,12_37_5
25_26_4,12_37_6_0
25_26_7,12_37_9_0
25_26_8,12_37_10_0
25_26_14,12_37_16
25_27_3,12_38_5
25_27_13,12_38_15_0
25_27_14,12_38_16_0
25_28_8,12_39_10
25_28_9,12_39_11
25_29_3,12_40_5_0
25_29_7,12_40_9
25_29_8,12_40_10_0
25_30_2,12_41_4_0
25_30_3,12_41_5_0
25_30_4_0,12_41_6_1
25_30_4_1,12_41_6_0
25_30_6,12_41_8_0
25_30_7,12_41_9_0
25_30_8,12_41_10_0
25_30_9,12_41_11_0
25_30_10,12_41_12_0
25_30_11,12_41_13
25_30_12,12_41_14
25_30_13,12_41_15
25_31_3_0,12_42_5_1 + 12_42_5_0
25_31_3_1,12_42_5_0
25_31_4,12_42_6
25_31_5_0,12_42_7_0
25_31_5_1,12_42_7_1
25_31_6,12_42_8_0
25_31_7,12_42_9_0
25_31_8_0,12_42_10_0
25_31_8_1,12_42_10_1
25_31_9_0,12_42_11_0
25_31_9_1,12_42_11_1
25_31_10_1,12_42_12_0
25_31_11,12_42_13_0
25_31_12,12_42_14_0
25_31_13_0,12_42_15_0
25_31_13_1,12_42_15_1
25_31_14,12_42_16_0
25_31_15,12_42_17_0
25_31_16,12_42_18
25_32_4_0,12_43_6_1
25_32_4_1,12_43_6_0
25_32_5,12_43_7_0
25_32_6_0,12_43_8_1
25_32_6_1,12_43_8_0
25_32_7,12_43_9
25_32_8,12_43_10
25_32_14,12_43_16_0
25_32_15,12_43_17
25_33_4,12_44_6_0
25_33_7_0,12_44_9_1
25_33_7_1,12_44_9_0
25_33_12,12_44_14
25_33_13,12_44_15
25_33_14,12_44_16_0
25_33_16,12_44_18_0
25_33_17,12_44_19
25_34_6_0,12_45_8
25_34_7,12_45_9_0
25_34_8_0,12_45_10_1
25_34_8_1,12_45_10_0
25_34_9,12_45_11_0
25_34_11,12_45_13_0
25_34_12,12_45_14_0
25_34_18,12_45_20
25_35_7,12_46_9_0
25_35_8,12_46_10_0
25_35_17,12_46_19_0
25_35_18,12_46_20_0
25_36_6,12_47_8_0
25_36_12,12_47_14
25_36_13,12_47_15
25_37_5_0,12_48_7_1
25_37_5_1,12_48_7_0
25_37_6_0,12_48_8_1
25_37_6_1,12_48_8_0
25_37_7_0,12_48_9_1
25_37_7_2,12_48_9_0
25_37_8_0,12_48_10_0
25_37_8_1,12_48_10_1
25_37_9,12_48_11
25_37_11,12_48_13
25_37_12,12_48_14_0
25_38_2,12_49_4
25_38_3,12_49_5_0
25_38_4_0,12_49_6_2 + 12_49_6_1 + 12_49_6_0
25_38_4_1,12_49_6_0
25_38_4_2,12_49_6_1
25_38_5_0,12_49_7_1 + 12_49_7_0
25_38_5_1,12_49_7_0
25_38_6_0,12_49_8_2
25_38_6_1,12_49_8_1 + 12_49_8_0
25_38_6_3,12_49_8_0
25_38_7_0,12_49_9_1
25_38_7_1,12_49_9_0
25_38_8_0,12_49_10_1
25_38_8_1,12_49_10_0
25_38_9_0,12_49_11_0
25_38_16,12_49_18
25_38_17,12_49_19
25_39_3_0,12_50_5_1 + 12_50_5_0
25_39_3_1,12_50_5_0
25_39_4,12_50_6_0
25_39_5_0,12_50_7_1
25_39_5_1,12_50_7_0
25_39_7_0,12_50_9
25_39_8,12_50_10_0
25_39_9,12_50_11_0
25_39_12,12_50_14
25_39_13,12_50_15
25_39_15,12_50_17_0
25_39_16,12_50_18_0
25_39_17_0,12_50_19_0
25_39_17_1,12_50_19_1
25_39_18,12_50_20_0
25_39_19,12_50_21_0
25_39_20,12_50_22
25_40_4_0,12_51_6_2
25_40_4_1,12_51_6_1
25_40_4_2,12_51_6_0
25_40_5_0,12_51_7_2 + 12_51_7_1
25_40_5_1,12_51_7_0
25_40_5_2,12_51_7_1
25_40_6_0,12_51_8_1
25_40_6_2,12_51_8_0
25_40_7,12_51_9_0
25_40_8_0,12_51_10_1
25_40_8_1,12_51_10_0
25_40_9,12_51_11_0
25_40_10_0,12_51_12_1 + 12_51_12_0
25_40_10_1,12_51_12_0
25_40_11,12_51_13
25_40_12,12_51_14
25_40_18,12_51_20_0
25_40_19,12_51_21
25_41_3_0,12_52_5_1
25_41_3_1,12_52_5_0
25_41_4_0,12_52_6_1
25_41_4_1,12_52_6_2 + 12_52_6_0
25_41_4_2,12_52_6_0
25_41_5_0,12_52_7_0
25_41_5_1,12_52_7_2 + 12_52_7_1
25_41_5_2,12_52_7_1
25_41_6,12_52_8_0
25_41_7,12_52_9_0
25_41_10,12_52_12_0
25_41_11_0,12_52_13_1
25_41_11_1,12_52_13_0
25_41_16,12_52_18
25_41_17,12_52_19
25_41_18,12_52_20_0
25_41_20,12_52_22_0
25_41_21,12_52_23
25_42_4_0,12_53_6_0
25_42_4_1,12_53_6_1
25_42_6_0,12_53_8_1
25_42_6_1,12_53_8_0
25_42_7,12_53_9_0
25_42_9,12_53_11
25_42_10,12_53_12
25_42_11,12_53_13_0
25_42_12_0,12_53_14_1
25_42_12_1,12_53_14_0
25_42_13,12_53_15_0
25_42_15,12_53_17_0
25_42_16,12_53_18_0
25_42_22,12_53_24
25_43_5_0,12_54_7_0
25_43_5_1,12_54_7_1
25_43_6,12_54_8_0
25_43_7,12_54_9_0
25_43_11,12_54_13_0
25_43_12,12_54_14_0
25_43_21,12_54_23_0
25_43_22,12_54_24_0
25_44_4_1,12_55_6_0
25_44_5_0,12_55_7_1
25_44_5_1,12_55_7_0
25_44_6_0,12_55_8_2 + 12_55_8_1
25_44_6_1,12_55_8_1
25_44_6_2,12_55_8_0
25_44_10,12_55_12_0
25_44_16,12_55_18
25_44_17,12_55_19
25_45_3,12_56_5_0
25_45_4_0,12_56_6_1
25_45_4_1,12_56_6_0
25_45_5_0,12_56_7_3
25_45_5_1,12_56_7_2 + 12_56_7_1
25_45_5_2,12_56_7_0
25_45_5_3,12_56_7_1
25_45_6_0,12_56_8_1 + 12_56_8_0
25_45_6_1,12_56_8_0
25_45_7_0,12_56_9_1
25_45_7_1,12_56_9_0
25_45_8,12_56_10_0
25_45_9_0,12_56_11_1
25_45_9_1,12_56_11_0
25_45_10,12_56_12_0
25_45_11,12_56_13_0
25_45_12,12_56_14
25_45_15,12_56_17
25_45_16,12_56_18_0
25_46_5_0,12_57_7_1
25_46_5_1,12_57_7_0
25_46_6_0,12_57_8_1
25_46_6_1,12_57_8_3
25_46_6_2,12_57_8_2 + 12_57_8_1
25_46_6_3,12_57_8_0
25_46_7_0,12_57_9_2 + 12_57_9_1
25_46_7_1,12_57_9_1
25_46_7_2,12_57_9_0
25_46_8_0,12_57_10_1
25_46_8_1,12_57_10_0
25_46_9,12_57_11_0
25_46_10_0,12_57_12_1
25_46_10_1,12_57_12_0
25_46_11_0,12_57_13_1 + 12_57_13_0
25_46_11_1,12_57_13_0
25_46_12,12_57_14
25_46_14,12_57_16_0
25_46_15,12_57_17_0
25_46_16,12_57_18_0
25_46_17,12_57_19_0
25_46_18,12_57_20_0
25_46_19,12_57_21
25_46_20,12_57_22
25_47_5_0,12_58_7_1
25_47_5_1,12_58_7_0
25_47_6_0,12_58_8_1
25_47_6_1,12_58_8_0
25_47_7_0,12_58_9_1
25_47_7_1,12_58_9_0
25_47_8_0,12_58_10_0
25_47_8_1,12_58_10_1
25_47_10,12_58_12
25_47_11,12_58_13
25_47_12,12_58_14_0
25_47_13_0,12_58_15_0
25_47_13_1,12_58_15_1
25_47_14,12_58_16_0
25_47_15,12_58_17_0
25_47_16_0,12_58_18_0
25_47_16_1,12_58_18_1
25_47_17_0,12_58_19_0
25_47_17_1,12_58_19_1
25_47_18_1,12_58_20_0
25_47_19,12_58_21_0
25_48_4_0,12_59_6_1 + 12_59_6_0
25_48_4_1,12_59_6_0
25_48_5_0,12_59_7_1
25_48_5_1,12_59_7_0
25_48_6_0,12_59_8_1
25_48_6_1,12_59_8_0
25_48_7_0,12_59_9_0
25_48_7_1,12_59_9_0 + 12_59_9_1
25_48_8,12_59_10_0
25_48_9_0,12_59_11_1
25_48_9_2,12_59_11_0
25_48_10,12_59_12_0
25_48_11,12_59_13_0
25_48_12_0,12_59_14_1
25_48_12_1,12_59_14_0
25_48_13,12_59_15_0
25_48_14_0,12_59_16_1 + 12_59_16_0
25_48_14_1,12_59_16_0
25_48_15,12_59_17
25_48_16,12_59_18
25_49_3,12_60_5
25_49_4,12_60_6_0
25_49_5_0,12_60_7_1
25_49_5_1,12_60_7_0
25_49_7,12_60_9_0
25_49_8,12_60_10
25_49_9,12_60_11_0
25_49_10,12_60_12_0
25_49_11,12_60_13_0
25_49_14,12_60_16_0
25_49_15_0,12_60_17_1
25_49_15_1,12_60_17_0
25_50_6,12_61_8_0
25_50_10,12_61_12_0
25_50_13,12_61_15
25_50_14,12_61_16
25_50_15,12_61_17_0
25_50_16_0,12_61_18_1
25_50_16_1,12_61_18_0
25_51_5,12_62_7_0
25_51_6,12_62_8_0
25_51_9_0,12_62_11_1
25_51_9_1,12_62_11_0
25_51_10,12_62_12_0
25_51_11,12_62_13_0
25_51_12,12_62_14
25_51_15,12_62_17_0
25_52_5_0,12_63_7_1 + 12_63_7_0
25_52_5_1,12_63_7_0
25_52_6_0,12_63_8_0
25_52_7,12_63_9_0
25_52_8_0,12_63_10_1
25_52_8_1,12_63_10_0
25_52_9,12_63_11_0
25_52_10,12_63_12_0
25_52_11,12_63_13
25_52_14,12_63_16_0
25_53_3,12_64_5_0
25_53_4,12_64_6_0
25_53_5_0,12_64_7_1
25_53_5_1,12_64_7_0
25_53_6_0,12_64_8_0
25_53_9,12_64_11
25_53_10,12_64_12
25_53_11,12_64_13
25_53_12,12_64_14_0
25_53_13_0,12_64_15_2
25_53_13_1,12_64_15_0
25_53_13_2,12_64_15_1
25_54_4_0,12_65_6_1 + 12_65_6_0
25_54_4_1,12_65_6_0
25_54_5,12_65_7_0
25_54_6_0,12_65_8_1
25_54_6_1,12_65_8_0
25_54_8_0,12_65_10_1
25_54_8_1,12_65_10_0
25_54_9_0,12_65_11_1
25_54_9_1,12_65_11_0
25_54_10_0,12_65_12_1
25_54_10_2,12_65_12_0
25_54_11_0,12_65_13_2
25_54_11_1,12_65_13_0
25_54_11_2,12_65_13_1
25_54_12_0,12_65_14_2 + 12_65_14_1
25_54_12_1,12_65_14_0
25_54_12_2,12_65_14_1
25_55_3,12_66_5
25_55_5_0,12_66_7_0
25_55_7_0,12_66_9_2
25_55_7_1,12_66_9_3 + 12_66_9_2
25_55_7_2,12_66_9_1 + 12_66_9_0
25_55_7_3,12_66_9_0
25_55_8,12_66_10_0
25_55_9,12_66_11_0
25_55_10,12_66_12_0
25_55_11,12_66_13_0
25_56_4_0,12_67_6_1 + 12_67_6_0
25_56_4_1,12_67_6_0
25_56_5,12_67_7_0
25_56_6,12_67_8_0
25_56_7,12_67_9_0
25_56_8,12_67_10_0
25_56_9,12_67_11_0
25_56_10_0,12_67_12_0
25_56_10_1,12_67_12_1
25_57_3,12_68_5_0
25_57_4,12_68_6_0
25_57_5,12_68_7_0
25_57_6,12_68_8_0
25_57_7,12_68_9_0
25_57_8_0,12_68_10_0
25_57_8_1,12_68_10_1
25_57_9_0,12_68_11_1
25_57_9_1,12_68_11_0
25_58_4,12_69_6_0
25_58_6,12_69_8_0
25_58_7,12_69_9_0
25_58_8_0,12_69_10_0
25_58_8_1,12_69_10_1
25_59_5,12_70_7_0
25_59_6,12_70_8_0
25_59_7_0,12_70_9_0
25_59_7_1,12_70_9_1
25_60_4,12_71_6_0
25_60_6,12_71_8_0
25_61_4,12_72_6_0
25_61_5_0,12_72_7_1
25_61_5_1,12_72_7_0
25_62_4_0,12_73_6_1
25_62_4_1,12_73_6_0
27_0_0,13_12_2
27_1_1,13_13_3
27_7_1,13_19_3_0
27_8_2,13_20_4_0
27_8_3,13_20_5_0
27_9_4,13_21_6
27_9_5,13_21_7
27_14_2,13_26_4
27_14_4,13_26_6_0
27_15_1,13_27_3
27_15_5_0,13_27_7
27_15_5_1,13_27_7
27_16_2,13_28_4
27_16_7,13_28_9_0
27_17_4,13_29_6
27_17_8,13_29_10
27_17_9,13_29_11
27_20_4,13_32_6_0
27_22_8,13_34_10_0
27_23_4,13_35_6
27_23_7,13_35_9_0
27_23_9_0,13_35_11
27_23_9_1,13_35_11
27_24_11,13_36_13_0
27_25_12,13_37_14
27_25_13,13_37_15
27_26_2,13_38_4
27_26_7,13_38_9_0
27_29_3,13_41_5_0
27_29_7,13_41_9
27_30_2,13_42_4
27_30_6,13_42_8_0
27_30_12,13_42_14_0
27_31_5_0,13_43_7_0
27_31_13_0,13_43_15
27_31_13_1,13_43_15
27_32_6,13_44_8
27_32_15,13_44_17_0
27_33_12,13_45_14
27_33_16,13_45_18
27_33_17,13_45_19
27_34_11,13_46_13_0
27_35_7,13_47_9
27_36_6_1,13_48_8_0
27_37_5_1,13_49_7_0
27_37_11,13_49_13
27_38_2,13_50_4_0
27_38_4_0,13_50_6_1 + 13_50_6_0
27_38_4_1,13_50_6_0
27_38_6_2,13_50_8
27_38_16,13_50_18_0
27_39_3_0,13_51_5_1 + 13_51_5_0
27_39_3_1,13_51_5_0
27_39_4,13_51_6_0
27_39_9,13_51_11
27_39_15,13_51_17_0
27_39_17_0,13_51_19
27_39_17_1,13_51_19
27_40_4_0,13_52_6_0
27_40_5_2,13_52_7_0
27_40_6_2,13_52_8_0
27_40_8,13_52_10_0
27_40_10,13_52_12
27_40_19,13_52_21_0
27_41_3_0,13_53_5_0
27_41_5_0,13_53_7_0
27_41_20,13_53_22
27_41_21,13_53_23
27_42_4,13_54_6_0
27_42_15,13_54_17_0
27_43_5,13_55_7_0
27_44_4_1,13_56_6_0
27_44_6_0,13_56_8_0
27_45_3,13_57_5_0
27_45_4_0,13_57_6
27_45_5_0,13_57_7_2
27_45_5_2,13_57_7_0
27_45_5_3,13_57_7_1
27_45_9_1,13_57_11_0
27_45_15,13_57_17
27_46_4,13_58_6_0
27_46_5,13_58_7
27_46_6_0,13_58_8_1
27_46_6_1,13_58_8_1
27_46_6_2,13_58_8_0
27_46_7_1,13_58_9_0
27_46_8_1,13_58_10
27_46_14,13_58_16
27_47_5_0,13_59_7_0
27_47_8_1,13_59_10_0
27_47_13_0,13_59_15
27_48_4_0,13_60_6_0
27_48_14,13_60_16
27_49_3,13_61_5
27_50_10,13_62_12_0
27_51_5,13_63_7_0
27_51_9_1,13_63_11_0
27_53_3,13_65_5_0
27_53_5_0,13_65_7_0
27_53_10,13_65_12_0
27_54_4,13_66_6
27_54_5,13_66_7_0
27_54_6_0,13_66_8_1
27_54_6_1,13_66_8_0
27_54_11_1,13_66_13
27_54_11_2,13_66_13
27_55_7_0,13_67_9_0
27_55_7_1,13_67_9_0
27_56_4,13_68_6_0
27_57_3,13_69_5_0
27_57_7,13_69_9_0
27_58_6,13_70_8_0
27_58_7_0,13_70_9_0
27_58_7_1,13_70_9_0
27_59_5,13_71_7_0
27_59_6_1,13_71_8
27_60_4,13_72_6
27_61_4,13_73_6
29_0_0,14_13_2
29_0_1,14_13_3
29_0_2,14_13_4
29_0_3,14_13_5
29_0_4,14_13_6
29_0_5,14_13_7
29_0_6,14_13_8
29_0_7,14_13_9
29_0_8,14_13_10
29_0_9,14_13_11
29_0_10,14_13_12
29_0_11,14_13_13
29_0_12,14_13_14
29_0_13,14_13_15
29_0_14,14_13_16
29_0_15,14_13_17
29_0_16,14_13_18
29_0_17,14_13_19
29_0_18,14_13_20
29_0_19,14_13_21
29_0_20,14_13_22
29_0_21,14_13_23
29_0_22,14_13_24
29_0_23,14_13_25
29_0_24,14_13_26
29_3_1,14_16_3
29_3_2,14_16_4
29_6_2,14_19_4
29_7_1,14_20_3
29_7_2,14_20_4_0
29_7_3,14_20_5_0
29_7_4,14_20_6_0
29_8_3,14_21_5_0
29_9_5,14_22_7
29_11_5,14_24_7
29_11_6,14_24_8
29_14_2,14_27_4
29_14_3,14_27_5
29_14_4,14_27_6
29_14_5,14_27_7
29_14_6,14_27_8
29_15_1,14_28_3
29_15_2,14_28_4
29_15_3,14_28_5
29_15_4,14_28_6
29_15_5_1,14_28_7
29_15_6,14_28_8_0
29_15_7,14_28_9_0
29_15_8,14_28_10_0
29_16_7,14_29_9_0
29_17_4,14_30_6_0
29_17_5,14_30_7_0
29_17_6,14_30_8_0
29_18_2,14_31_4
29_18_3,14_31_5_0
29_18_4_0,14_31_6
29_19_9,14_32_11
29_19_10,14_32_12
29_20_4,14_33_6_0
29_20_5,14_33_7_0
29_20_6,14_33_8
29_21_3,14_34_5_0
29_22_8,14_35_10
29_22_9,14_35_11
29_22_10,14_35_12
29_23_5,14_36_7_0
29_23_6,14_36_8
29_23_7,14_36_9
29_23_8,14_36_10
29_23_9_1,14_36_11
29_23_10,14_36_12_0
29_23_11,14_36_13_0
29_23_12,14_36_14_0
29_24_11,14_37_13_0
29_25_8,14_38_10_0
29_25_9,14_38_11_0
29_25_10,14_38_12_0
29_25_13,14_38_15
29_26_6,14_39_8
29_26_7,14_39_9_0
29_26_8,14_39_10
29_27_13,14_40_15
29_27_14,14_40_16
29_28_2,14_41_4_0
29_28_8,14_41_10_0
29_28_9,14_41_11_0
29_28_10,14_41_12
29_29_3,14_42_5
29_29_7,14_42_9_0
29_29_8,14_42_10
29_30_2,14_43_4
29_30_3,14_43_5
29_30_4,14_43_6
29_30_5,14_43_7
29_30_6,14_43_8
29_30_7,14_43_9
29_30_8,14_43_10
29_30_9,14_43_11_0
29_30_10,14_43_12_0
29_30_11,14_43_13_0
29_30_12,14_43_14
29_30_13,14_43_15
29_30_14,14_43_16
29_31_4,14_44_6_0
29_31_5_1,14_44_7
29_31_6,14_44_8
29_31_7,14_44_9_0
29_31_8_0,14_44_10_0
29_31_8_1,14_44_10_1
29_31_9_0,14_44_11_0
29_31_9_1,14_44_11_1
29_31_10_0,14_44_12_0
29_31_10_1,14_44_12_1
29_31_11,14_44_13
29_31_12,14_44_14
29_31_13_1,14_44_15
29_31_14,14_44_16_0
29_31_15,14_44_17_0
29_31_16,14_44_18_0
29_32_7,14_45_9_0
29_32_8,14_45_10_0
29_32_15,14_45_17_0
29_33_4,14_46_6_0
29_33_12,14_46_14_0
29_33_13,14_46_15_0
29_33_14,14_46_16_0
29_34_2,14_47_4
29_34_3_0,14_47_5_1 + 14_47_5_0
29_34_3_1,14_47_5_0
29_34_4_0,14_47_6_0
29_34_5,14_47_7_0
29_34_8,14_47_10_0
29_34_9,14_47_11_0
29_34_10,14_47_12
29_34_11,14_47_13_0
29_34_12,14_47_14
29_35_3,14_48_5_0
29_35_4,14_48_6_0
29_35_7,14_48_9_0
29_35_8,14_48_10
29_35_17,14_48_19
29_35_18,14_48_20
29_36_5,14_49_7_0
29_36_6_0,14_49_8_0
29_36_12,14_49_14_0
29_36_13,14_49_15_0
29_36_14,14_49_16
29_37_3,14_50_5
29_37_4,14_50_6_0
29_37_5_0,14_50_7_1
29_37_5_1,14_50_7_0
29_37_6_0,14_50_8_1
29_37_6_1,14_50_8_0
29_37_7_0,14_50_9_1
29_37_7_2,14_50_9_0
29_37_8_0,14_50_10_0
29_37_8_1,14_50_10_1
29_37_9,14_50_11_0
29_37_10,14_50_12
29_37_11,14_50_13_0
29_37_12,14_50_14
29_38_2,14_51_4
29_38_3,14_51_5_0
29_38_4_0,14_51_6_2 + 14_51_6_1 + 14_51_6_0
29_38_4_1,14_51_6_0
29_38_4_2,14_51_6_1
29_38_5_0,14_51_7_1 + 14_51_7_0
29_38_5_1,14_51_7_0
29_38_6_0,14_51_8_1 + 14_51_8_0
29_38_6_2,14_51_8_0
29_38_7_0,14_51_9_1
29_38_7_1,14_51_9_0
29_38_8_0,14_51_10_1
29_38_8_1,14_51_10_0
29_38_16,14_51_18
29_38_17,14_51_19
29_38_18,14_51_20
29_39_3_0,14_52_5_0
29_39_4,14_52_6_0
29_39_9,14_52_11_0
29_39_12,14_52_14_0
29_39_13,14_52_15_0
29_39_14,14_52_16
29_39_15,14_52_17
29_39_16,14_52_18
29_39_17_1,14_52_19
29_39_18,14_52_20_0
29_39_19,14_52_21_0
29_39_20,14_52_22_0
29_40_4_1,14_53_6_0
29_40_5_0,14_53_7_1
29_40_5_1,14_53_7_0
29_40_6_1,14_53_8_0
29_40_8,14_53_10_0
29_40_11,14_53_13_0
29_40_12,14_53_14_0
29_40_19,14_53_21_0
29_41_3_0,14_54_5_1 + 14_54_5_0
29_41_3_1,14_54_5_0
29_41_4_0,14_54_6_1 + 14_54_6_0
29_41_4_1,14_54_6_0
29_41_10,14_54_12_0
29_41_16,14_54_18_0
29_41_17,14_54_19_0
29_41_18,14_54_20_0
29_41_21,14_54_23
29_42_4,14_55_6_0
29_42_6_0,14_55_8_1
29_42_6_1,14_55_8_0
29_42_7_0,14_55_9_1
29_42_7_1,14_55_9_0
29_42_8_0,14_55_10_0
29_42_9_0,14_55_11_1 + 14_55_11_0
29_42_9_1,14_55_11_0
29_42_12,14_55_14_0
29_42_13,14_55_15_0
29_42_14,14_55_16
29_42_15,14_55_17_0
29_42_16,14_55_18
29_43_3,14_56_5_0
29_43_5,14_56_7_0
29_43_7,14_56_9_0
29_43_8,14_56_10_0
29_43_11,14_56_13_0
29_43_12,14_56_14
29_43_21,14_56_23
29_44_4_0,14_57_6_1
29_44_4_1,14_57_6_0
29_44_5,14_57_7
29_44_6,14_57_8_0
29_44_9,14_57_11_0
29_44_10_0,14_57_12_1
29_44_10_1,14_57_12_0
29_44_16,14_57_18_0
29_44_17,14_57_19_0
29_44_18,14_57_20
29_45_3,14_58_5
29_45_4_0,14_58_6_1
29_45_4_1,14_58_6_0
29_45_5_0,14_58_7_1 + 14_58_7_0
29_45_5_2,14_58_7_0
29_45_6_0,14_58_8_1 + 14_58_8_0
29_45_6_1,14_58_8_0
29_45_7,14_58_9
29_45_8,14_58_10
29_45_9_0,14_58_11_1
29_45_9_1,14_58_11_0
29_45_10,14_58_12
29_45_11,14_58_13_0
29_45_12,14_58_14_0
29_45_15,14_58_17_0
29_45_16,14_58_18
29_46_4,14_59_6
29_46_5,14_59_7_0
29_46_6_0,14_59_8_0
29_46_7_0,14_59_9_1
29_46_7_1,14_59_9_0
29_46_8_0,14_59_10_0
29_46_9,14_59_11_0
29_46_10,14_59_12_0
29_46_11_0,14_59_13_1 + 14_59_13_0
29_46_11_1,14_59_13_0
29_46_12,14_59_14
29_46_14,14_59_16_0
29_46_15,14_59_17
29_46_16,14_59_18
29_46_17,14_59_19_0
29_46_18,14_59_20_0
29_47_5_1,14_60_7_0
29_47_10,14_60_12_0
29_47_13_0,14_60_15_0
29_47_13_1,14_60_15_1
29_47_14,14_60_16
29_47_15,14_60_17_0
29_47_16_0,14_60_18_0
29_47_16_1,14_60_18_1
29_47_17_0,14_60_19_0
29_47_17_1,14_60_19_1
29_48_4_0,14_61_6_0
29_48_4_1,14_61_6_0
29_48_5_0,14_61_7_1
29_48_5_1,14_61_7_0
29_48_6_1,14_61_8_0
29_48_7_0,14_61_9_1 + 14_61_9_0
29_48_7_1,14_61_9_0
29_48_7_2,14_61_9_0
29_48_8_0,14_61_10_1 + 14_61_10_0
29_48_8_1,14_61_10_0
29_48_9_0,14_61_11_0
29_48_12,14_61_14_0
29_48_15,14_61_17_0
29_48_16,14_61_18_0
29_49_3,14_62_5_0
29_49_4_0,14_62_6_1 + 14_62_6_0
29_49_4_1,14_62_6_0
29_49_5_0,14_62_7_1 + 14_62_7_0
29_49_5_2,14_62_7_0
29_49_6_0,14_62_8_0
29_49_6_1,14_62_8_1 + 14_62_8_0
29_49_7,14_62_9_0
29_49_8,14_62_10_0
29_49_11,14_62_13_0
29_49_14,14_62_16_0
29_50_5_0,14_63_7_0
29_50_5_1,14_63_7_0 + 14_63_7_1
29_50_10_0,14_63_12_1
29_50_10_1,14_63_12_0
29_50_11,14_63_13
29_50_12,14_63_14_0
29_50_13_0,14_63_15_1 + 14_63_15_0
29_50_13_1,14_63_15_0
29_51_5,14_64_7_0
29_51_6_0,14_64_8_1
29_51_6_1,14_64_8_0
29_51_7_0,14_64_9_1 + 14_64_9_0
29_51_7_1,14_64_9_0
29_51_8_0,14_64_10_1 + 14_64_10_0
29_51_8_1,14_64_10_0
29_51_9_0,14_64_11
29_51_11,14_64_13_0
29_51_12_0,14_64_14_1
29_51_12_1,14_64_14_0
29_52_4,14_65_6_0
29_52_5_0,14_65_7_1 + 14_65_7_0
29_52_5_1,14_65_7_0
29_52_6_0,14_65_8_0
29_52_7_0,14_65_9_0
29_52_7_1,14_65_9_1
29_52_8_0,14_65_10_0
29_52_11,14_65_13_0
29_53_3,14_66_5
29_53_4,14_66_6_0
29_53_5_0,14_66_7_1
29_53_5_1,14_66_7_0
29_53_6_1,14_66_8_0
29_53_9,14_66_11_0
29_53_10,14_66_12_0
29_53_11,14_66_13
29_54_5,14_67_7_0
29_54_6_0,14_67_8_1
29_54_6_1,14_67_8_0
29_54_7,14_67_9_0
29_54_8_0,14_67_10_1
29_54_8_1,14_67_10_0
29_54_9_0,14_67_11_1
29_54_9_1,14_67_11_0
29_54_10_0,14_67_12_1
29_54_10_2,14_67_12_0
29_55_8,14_68_10_0
29_57_7,14_70_9_0
29_58_4,14_71_6_0
29_58_6,14_71_8
29_59_3,14_72_5
29_59_5,14_72_7
29_60_4,14_73_6
33_0_0,16_15_2_1
33_0_1,16_15_3_1
33_0_2,16_15_4_1
33_0_3,16_15_5_2
33_0_4,16_15_6_1
33_0_5,16_15_7_1
33_0_6,16_15_8_1
33_0_7,16_15_9
33_0_8,16_15_10
33_0_9,16_15_11
33_0_10,16_15_12
33_0_11,16_15_13
33_0_12,16_15_14
33_0_13,16_15_15
33_0_14,16_15_16
33_0_15,16_15_17
33_0_16,16_15_18
33_0_17,16_15_19
33_0_18,16_15_20
33_0_19,16_15_21
33_0_20,16_15_22
33_0_21,16_15_23
33_0_22,16_15_24
33_0_23,16_15_25
33_0_24,16_15_26
33_1_1,16_16_3
33_2_2,16_17_4_0
33_3_1,16_18_3_0
33_3_2,16_18_4_0
33_3_3,16_18_5_0
33_6_2,16_21_4
33_7_1,16_22_3_0
33_7_2,16_22_4_0
33_7_3,16_22_5_0
33_7_4,16_22_6
33_8_2,16_23_4_0
33_8_3,16_23_5_0
33_9_3,16_24_5_0
33_9_4,16_24_6_0
33_9_5,16_24_7
33_10_6,16_25_8_0
33_11_5,16_26_7_0
33_11_6,16_26_8_0
33_11_7,16_26_9_0
33_14_2,16_29_4_0
33_14_3,16_29_5_0
33_14_4,16_29_6_0
33_14_5,16_29_7_0
33_14_6,16_29_8_0
33_15_1,16_30_3_0
33_15_2,16_30_4_0
33_15_3,16_30_5_0
33_15_4,16_30_6_0
33_15_5_0,16_30_7_0
33_15_5_1,16_30_7_1
33_15_6,16_30_8_0
33_15_7,16_30_9_0
33_16_2,16_31_4
33_16_6,16_31_8_0
33_16_7,16_31_9_0
33_17_3,16_32_5_0
33_17_4,16_32_6_0
33_17_5,16_32_7_0
33_17_6,16_32_8_0
33_17_7,16_32_9_0
33_17_8,16_32_10_0
33_17_9,16_32_11
33_18_2,16_33_4_0
33_18_3,16_33_5_0
33_18_4_0,16_33_6_0
33_18_4_1,16_33_6_1
33_18_5,16_33_7_0
33_18_10,16_33_12_0
33_19_3,16_34_5
33_19_9,16_34_11_0
33_19_10,16_34_12_0
33_19_11,16_34_13_0
33_20_4,16_35_6_0
33_20_5,16_35_7_0
33_20_6,16_35_8_0
33_21_3,16_36_5_0
33_21_5,16_36_7
33_22_4,16_37_6_0
33_22_8,16_37_10_0
33_22_9,16_37_11_0
33_22_10,16_37_12_0
33_23_4,16_38_6_0
33_23_5,16_38_7_0
33_23_6,16_38_8_0
33_23_7,16_38_9_0
33_23_8,16_38_10_0
33_23_9_0,16_38_11_0
33_23_9_1,16_38_11_1
33_23_10,16_38_12_0
33_23_11,16_38_13_0
33_23_12,16_38_14
33_24_5,16_39_7_0
33_24_10,16_39_12_0
33_24_11,16_39_13_0
33_25_8,16_40_10_0
33_25_9,16_40_11_0
33_25_10,16_40_12_0
33_25_11,16_40_13_0
33_25_12,16_40_14_0
33_25_13,16_40_15
33_26_6,16_41_8_0
33_26_7,16_41_9_0
33_26_8,16_41_10_0
33_26_9,16_41_11_0
33_26_14,16_41_16_0
33_27_13,16_42_15_0
33_27_14,16_42_16_0
33_27_15,16_42_17_0
33_28_8,16_43_10_0
33_28_9,16_43_11_0
33_28_10,16_43_12_0
33_29_7,16_44_9_0
33_29_8,16_44_10_0
33_29_9,16_44_11
33_30_2,16_45_4_0
33_30_3,16_45_5_0
33_30_4,16_45_6_0
33_30_6,16_45_8_0
33_30_7,16_45_9_0
33_30_8,16_45_10_0
33_30_9,16_45_11_0
33_30_10,16_45_12_0
33_30_11,16_45_13_0
33_30_12,16_45_14_0
33_30_13,16_45_15_0
33_30_14,16_45_16_0
33_31_1,16_46_3
33_31_2,16_46_4_0
33_31_3_0,16_46_5_0
33_31_3_1,16_46_5_1
33_31_4,16_46_6_0
33_31_5_0,16_46_7_0
33_31_5_1,16_46_7_1
33_31_6,16_46_8_0
33_31_7,16_46_9_0
33_31_8_0,16_46_10_0
33_31_8_1,16_46_10_1
33_31_9_0,16_46_11_0
33_31_9_1,16_46_11_1
33_31_10_0,16_46_12_0
33_31_10_1,16_46_12_1
33_31_11,16_46_13_0
33_31_12,16_46_14_0
33_31_13_0,16_46_15_0
33_31_13_1,16_46_15_1
33_31_14,16_46_16_0
33_31_15,16_46_17_0
33_32_2_0,16_47_4_1 + 16_47_4_0
33_32_2_1,16_47_4_0
33_32_4,16_47_6_0
33_32_6,16_47_8_0
33_32_7,16_47_9_0
33_32_8,16_47_10_0
33_32_9,16_47_11
33_32_14,16_47_16_0
33_32_15,16_47_17_0
33_33_3_0,16_48_5_1 + 16_48_5_0
33_33_3_1,16_48_5_0
33_33_4,16_48_6_0
33_33_5,16_48_7_0
33_33_7,16_48_9_0
33_33_12,16_48_14_0
33_33_13,16_48_15_0
33_33_14,16_48_16_0
33_33_15,16_48_17_0
33_33_16,16_48_18_0
33_33_17,16_48_19
33_34_2_0,16_49_4_1 + 16_49_4_0
33_34_2_1,16_49_4_0
33_34_3_0,16_49_5_1 + 16_49_5_0
33_34_3_1,16_49_5_0
33_34_4_0,16_49_6_1 + 16_49_6_0
33_34_4_1,16_49_6_0
33_34_6,16_49_8_0
33_34_8,16_49_10_0
33_34_9,16_49_11_0
33_34_10,16_49_12_0
33_34_11,16_49_13_0
33_34_12,16_49_14_0
33_34_13,16_49_15_0
33_34_18,16_49_20_0
33_35_3,16_50_5
33_35_5,16_50_7_0
33_35_7,16_50_9_0
33_35_8,16_50_10_0
33_35_9,16_50_11
33_35_17,16_50_19_0
33_35_18,16_50_20_0
33_35_19,16_50_21_0
33_36_6,16_51_8_0
33_36_12,16_51_14_0
33_36_13,16_51_15_0
33_36_14,16_51_16_0
33_37_3_0,16_52_5_1 + 16_52_5_0
33_37_3_1,16_52_5_0
33_37_5,16_52_7_0
33_37_6,16_52_8_0
33_37_7_0,16_52_9_0
33_37_7_1,16_52_9_1
33_37_8_0,16_52_10_0
33_37_8_1,16_52_10_1
33_37_9,16_52_11_0
33_37_11,16_52_13_0
33_37_12,16_52_14_0
33_37_13,16_52_15
33_38_2_0,16_53_4_1 + 16_53_4_0
33_38_2_1,16_53_4_0
33_38_3_0,16_53_5_1 + 16_53_5_0
33_38_3_1,16_53_5_0
33_38_4_0,16_53_6_3
33_38_4_1,16_53_6_2 + 16_53_6_1 + 16_53_6_0
33_38_4_2,16_53_6_0
33_38_4_3,16_53_6_1
33_38_5_0,16_53_7_1 + 16_53_7_0
33_38_5_1,16_53_7_0
33_38_6_0,16_53_8_0
33_38_6_1,16_53_8_1
33_38_7,16_53_9_0
33_38_8,16_53_10_0
33_38_16,16_53_18_0
33_38_17,16_53_19_0
33_38_18,16_53_20_0
33_39_3_0,16_54_5_2 + 16_54_5_1
33_39_3_1,16_54_5_1 + 16_54_5_0
33_39_3_2,16_54_5_0
33_39_4_0,16_54_6_1 + 16_54_6_0
33_39_4_1,16_54_6_0
33_39_5,16_54_7_0
33_39_7,16_54_9_0
33_39_9,16_54_11_0
33_39_12,16_54_14_0
33_39_13,16_54_15_0
33_39_14,16_54_16_0
33_39_15,16_54_17_0
33_39_16,16_54_18_0
33_39_17_0,16_54_19_0
33_39_17_1,16_54_19_1
33_39_18,16_54_20_0
33_39_19,16_54_21_0
33_39_20,16_54_22
33_40_4_0,16_55_6_3 + 16_55_6_2
33_40_4_1,16_55_6_2 + 16_55_6_1
33_40_4_2,16_55_6_0
33_40_4_3,16_55_6_1
33_40_5_0,16_55_7_2 + 16_55_7_1
33_40_5_1,16_55_7_0
33_40_5_2,16_55_7_1
33_40_6_0,16_55_8_2 + 16_55_8_1
33_40_6_1,16_55_8_0
33_40_6_2,16_55_8_1
33_40_8,16_55_10
33_40_10,16_55_12_0
33_40_11,16_55_13_0
33_40_12,16_55_14_0
33_40_13,16_55_15
33_40_18,16_55_20_0
33_40_19,16_55_21_0
33_41_3_0,16_56_5_1 + 16_56_5_0
33_41_3_1,16_56_5_0
33_41_4_0,16_56_6_1 + 16_56_6_0
33_41_4_1,16_56_6_0
33_41_5_0,16_56_7_1 + 16_56_7_0
33_41_5_1,16_56_7_0
33_41_7_0,16_56_9_1 + 16_56_9_0
33_41_7_1,16_56_9_0
33_41_10,16_56_12_0
33_41_11,16_56_13_0
33_41_16,16_56_18_0
33_41_17,16_56_19_0
33_41_18,16_56_20_0
33_41_19,16_56_21_0
33_41_20,16_56_22_0
33_41_21,16_56_23
33_42_6_0,16_57_8_1 + 16_57_8_0
33_42_6_1,16_57_8_0
33_42_7_0,16_57_9_1
33_42_7_1,16_57_9_0
33_42_8_0,16_57_10_1
33_42_8_1,16_57_10_0
33_42_9,16_57_11_0
33_42_12,16_57_14_0
33_42_13,16_57_15_0
33_42_14,16_57_16_0
33_42_15,16_57_17_0
33_42_16,16_57_18_0
33_42_17,16_57_19_0
33_43_11,16_58_13_0
33_43_12,16_58_14_0
33_43_13,16_58_15
33_44_4,16_59_6_0
33_44_5,16_59_7_0
33_44_6,16_59_8_0
33_44_10,16_59_12_0
33_44_16,16_59_18_0
33_44_17,16_59_19_0
33_44_18,16_59_20_0
33_45_3_0,16_60_5_1 + 16_60_5_0
33_45_3_1,16_60_5_0
33_45_4_0,16_60_6_0
33_45_5_0,16_60_7_2 + 16_60_7_1 + 16_60_7_0
33_45_5_1,16_60_7_0
33_45_5_2,16_60_7_1
33_45_6_0,16_60_8_1
33_45_6_1,16_60_8_0
33_45_7_0,16_60_9_1
33_45_7_1,16_60_9_0
33_45_9,16_60_11_0
33_45_12,16_60_14_0
33_45_15,16_60_17_0
33_45_16,16_60_18_0
33_45_17,16_60_19
33_46_2,16_61_4
33_46_3,16_61_5_0
33_46_4_0,16_61_6_0
33_46_4_1,16_61_6_1
33_46_5,16_61_7_0
33_46_6_0,16_61_8_2 + 16_61_8_0
33_46_6_1,16_61_8_1
33_46_6_2,16_61_8_0
33_46_7_0,16_61_9_1
33_46_7_1,16_61_9_0
33_46_8_0,16_61_10_1
33_46_8_1,16_61_10_0
33_46_9,16_61_11_0
33_46_11,16_61_13_0
33_46_14,16_61_16_0
33_46_15,16_61_17_0
33_46_16,16_61_18_0
33_47_3_0,16_62_5_1 + 16_62_5_0
33_47_3_1,16_62_5_0
33_47_5_0,16_62_7_1
33_47_5_1,16_62_7_0
33_47_6,16_62_8_0
33_47_7_0,16_62_9_1 + 16_62_9_0
33_47_7_1,16_62_9_0
33_47_8_0,16_62_10_2 + 16_62_10_1 + 16_62_10_0
33_47_8_1,16_62_10_0
33_47_8_2,16_62_10_1
33_47_10,16_62_12_0
33_47_13_0,16_62_15_0
33_47_13_1,16_62_15_1
33_47_14,16_62_16_0
33_47_15,16_62_17_0
33_48_4_0,16_63_6_3 + 16_63_6_1 + 16_63_6_2
33_48_4_1,16_63_6_2 + 16_63_6_0
33_48_4_2,16_63_6_1 + 16_63_6_0
33_48_4_3,16_63_6_0
33_48_5_0,16_63_7_1 + 16_63_7_0
33_48_5_1,16_63_7_0
33_48_6_0,16_63_8_1
33_48_6_1,16_63_8_0
33_48_7_0,16_63_9_2 + 16_63_9_0 + 16_63_9_1
33_48_7_1,16_63_9_0
33_48_7_2,16_63_9_0 + 16_63_9_1
33_48_8_0,16_63_10_1 + 16_63_10_0
33_48_8_1,16_63_10_0
33_48_9_0,16_63_11_1
33_48_9_1,16_63_11_0
33_48_9_2,16_63_11_0
33_48_10,16_63_12
33_48_12,16_63_14
33_48_14,16_63_16_0
33_49_3_0,16_64_5_1 + 16_64_5_0
33_49_3_1,16_64_5_0
33_49_4_0,16_64_6_1 + 16_64_6_0
33_49_4_1,16_64_6_0
33_49_5_0,16_64_7_2 + 16_64_7_0
33_49_5_1,16_64_7_3 + 16_64_7_2
33_49_5_2,16_64_7_1
33_49_5_3,16_64_7_0
33_49_6_0,16_64_8_1
33_49_6_1,16_64_8_0
33_49_11_0,16_64_13_1
33_49_11_1,16_64_13_0
33_50_4_0,16_65_6_1 + 16_65_6_0
33_50_4_1,16_65_6_2 + 16_65_6_1
33_50_4_2,16_65_6_0
33_50_6_0,16_65_8_1 + 16_65_8_0
33_50_6_1,16_65_8_0
33_50_10_0,16_65_12_1
33_50_10_1,16_65_12_0
33_50_11,16_65_13_0
33_50_12,16_65_14_0
33_51_5_0,16_66_7_1
33_51_5_1,16_66_7_2 + 16_66_7_0 + 16_66_7_1
33_51_5_2,16_66_7_0
33_51_6_0,16_66_8_1
33_51_6_1,16_66_8_0
33_51_7_0,16_66_9_1 + 16_66_9_0
33_51_7_1,16_66_9_0
33_51_8,16_66_10_0
33_51_9,16_66_11_0
33_52_4_0,16_67_6_1 + 16_67_6_0
33_52_4_1,16_67_6_0
33_52_5_0,16_67_7_1 + 16_67_7_0
33_52_5_1,16_67_7_0
33_52_6_0,16_67_8_2 + 16_67_8_1
33_52_6_1,16_67_8_1 + 16_67_8_0
33_52_6_2,16_67_8_0
33_52_8,16_67_10_0
33_53_3,16_68_5_0
33_53_4,16_68_6_0
33_53_5_0,16_68_7_2 + 16_68_7_0
33_53_5_1,16_68_7_3 + 16_68_7_2
33_53_5_2,16_68_7_1
33_53_5_3,16_68_7_0
33_53_6,16_68_8_0
33_53_7_0,16_68_9_1 + 16_68_9_0
33_53_7_1,16_68_9_0
33_53_9_0,16_68_11_1 + 16_68_11_0
33_53_9_1,16_68_11_0
33_54_4,16_69_6_0
33_54_5_0,16_69_7_1 + 16_69_7_0
33_54_5_1,16_69_7_0
33_54_6_0,16_69_8_1
33_54_6_1,16_69_8_2 + 16_69_8_1
33_54_6_2,16_69_8_0
33_54_7,16_69_9_0
33_54_8_0,16_69_10_1 + 16_69_10_0
33_54_8_1,16_69_10_0
33_55_5,16_70_7_0
33_55_6_0,16_70_8_1 + 16_70_8_0
33_55_6_1,16_70_8_0
33_55_7_0,16_70_9_1 + 16_70_9_0
33_55_7_1,16_70_9_0
35_0_0,17_16_2_0
35_1_1,17_17_3_0
35_2_2,17_18_4_0
35_3_1,17_19_3_0
35_6_2,17_22_4_0
35_7_1,17_23_3_0
35_8_2,17_24_4_0
35_8_3,17_24_5_0
35_9_3,17_25_5
35_9_5,17_25_7
35_10_6,17_26_8_0
35_14_2,17_30_4_0
35_14_4,17_30_6_0
35_15_1,17_31_3_0
35_15_5_0,17_31_7
35_15_5_1,17_31_7
35_16_2,17_32_4_0
35_16_6,17_32_8_0
35_16_7,17_32_9_0
35_17_3,17_33_5_0
35_17_4,17_33_6
35_17_9,17_33_11
35_18_2,17_34_4_0
35_18_4_0,17_34_6_0
35_18_10,17_34_12_0
35_19_3,17_35_5_0
35_20_4,17_36_6_0
35_21_5,17_37_7_0
35_22_4,17_38_6_0
35_22_8,17_38_10_0
35_23_4,17_39_6
35_23_9_0,17_39_11
35_23_9_1,17_39_11
35_24_10,17_40_12_0
35_24_11,17_40_13_0
35_25_8,17_41_10_0
35_25_13,17_41_15
35_26_14,17_42_16_0
35_28_8,17_44_10_0
35_30_2,17_46_4
35_30_6,17_46_8_0
35_30_12,17_46_14_0
35_31_1,17_47_3
35_31_5_0,17_47_7_0
35_31_8_0,17_47_10_0
35_31_8_1,17_47_10_0
35_31_13_0,17_47_15
35_31_13_1,17_47_15
35_32_2,17_48_4_0
35_32_4,17_48_6_0
35_32_6,17_48_8_0
35_32_14,17_48_16_0
35_32_15,17_48_17_0
35_33_3,17_49_5_0
35_33_7,17_49_9_0
35_33_12,17_49_14_0
35_33_17,17_49_19
35_34_2_0,17_50_4_1 + 17_50_4_0
35_34_2_1,17_50_4_0
35_34_6,17_50_8_0
35_34_8,17_50_10_0
35_34_18,17_50_20_0
35_35_5,17_51_7_0
35_35_7,17_51_9_0
35_36_6,17_52_8_0
35_36_12,17_52_14_0
35_37_3_0,17_53_5_1 + 17_53_5_0
35_37_3_1,17_53_5_0
35_37_5,17_53_7_0
35_37_7_0,17_53_9_0
35_37_7_1,17_53_9_0
35_37_8_0,17_53_10
35_38_2_0,17_54_4_1 + 17_54_4_0
35_38_2_1,17_54_4_0
35_38_4_1,17_54_6_0
35_38_6_1,17_54_8_0
35_38_16,17_54_18_0
35_39_3_0,17_55_5_1 + 17_55_5_0
35_39_3_1,17_55_5_0
35_39_4,17_55_6_0
35_39_5,17_55_7_0
35_39_7,17_55_9_0
35_39_9,17_55_11_0
35_39_12,17_55_14_0
35_39_17_0,17_55_19
35_39_17_1,17_55_19
35_40_4_0,17_56_6_2 + 17_56_6_0 + 17_56_6_1
35_40_4_1,17_56_6_0
35_40_4_2,17_56_6_1
35_40_6_1,17_56_8_0
35_40_8,17_56_10_0
35_40_10,17_56_12_0
35_40_18,17_56_20_0
35_40_19,17_56_21_0
35_41_3_0,17_57_5_1 + 17_57_5_0
35_41_3_1,17_57_5_0
35_41_7,17_57_9_0
35_41_16,17_57_18_0
35_42_12,17_58_14_0
35_44_4,17_60_6_0
35_44_16,17_60_18_0
35_45_3_0,17_61_5_0
35_45_5_1,17_61_7_0
35_45_5_2,17_61_7_1
35_45_9,17_61_11_0
35_46_2,17_62_4
35_46_6_1,17_62_8_0
35_46_7_1,17_62_9_0
35_46_8_1,17_62_10_0
35_47_3,17_63_5_0
35_47_5,17_63_7_0
35_47_8_0,17_63_10_0
35_47_8_1,17_63_10_1
35_47_13_0,17_63_15_0
35_48_4_0,17_64_6_1 + 17_64_6_2 + 17_64_6_0
35_48_4_1,17_64_6_1 + 17_64_6_0
35_48_4_2,17_64_6_0
35_48_5_1,17_64_7_0
35_48_7_0,17_64_9_0
35_48_7_1,17_64_9_0
35_49_3_0,17_65_5_1 + 17_65_5_0
35_49_3_1,17_65_5_0
35_49_5_0,17_65_7_1 + 17_65_7_0
35_49_5_2,17_65_7_0
35_50_4_0,17_66_6_1 + 17_66_6_0
35_50_4_1,17_66_6_0
35_50_6,17_66_8_0
35_50_10_1,17_66_12_0
35_51_5_0,17_67_7_1 + 17_67_7_0
35_51_5_1,17_67_7_0
35_51_8_1,17_67_10_0
35_51_9_1,17_67_11_0
35_52_4_0,17_68_6_1 + 17_68_6_0
35_52_4_1,17_68_6_0
35_52_5_1,17_68_7_0
35_52_6_0,17_68_8_1 + 17_68_8_0
35_52_6_1,17_68_8_0
35_52_8,17_68_10_0
35_53_3,17_69_5_0
35_53_5_0,17_69_7_1 + 17_69_7_0
35_53_5_2,17_69_7_0
35_53_7,17_69_9_0
35_54_4,17_70_6_0
35_54_5,17_70_7_0
35_54_6_0,17_70_8_1
35_54_6_1,17_70_8_0
35_55_5,17_71_7_0
37_0_0,18_17_2
37_0_1,18_17_3_1
37_0_2,18_17_4_1
37_0_3,18_17_5_1
37_0_4,18_17_6_1
37_0_5,18_17_7_1
37_0_6,18_17_8_1
37_0_7,18_17_9_1
37_0_8,18_17_10
37_0_9,18_17_11
37_0_10,18_17_12
37_0_11,18_17_13
37_0_12,18_17_14
37_0_13,18_17_15
37_0_14,18_17_16
37_0_15,18_17_17
37_0_16,18_17_18
37_0_17,18_17_19
37_0_18,18_17_20
37_0_19,18_17_21
37_0_20,18_17_22
37_0_21,18_17_23
37_0_22,18_17_24
37_0_23,18_17_25
37_0_24,18_17_26
37_1_1,18_18_3_0
37_3_1,18_20_3
37_3_2,18_20_4_0
37_6_2,18_23_4_0
37_7_1,18_24_3
37_7_2,18_24_4_0
37_7_3,18_24_5_0
37_7_4,18_24_6
37_8_2,18_25_4
37_9_5,18_26_7_0
37_11_5,18_28_7
37_11_6,18_28_8_0
37_14_2,18_31_4
37_14_3,18_31_5_0
37_14_4,18_31_6
37_14_5,18_31_7
37_14_6,18_31_8_0
37_15_1,18_32_3
37_15_2,18_32_4_0
37_15_3,18_32_5_0
37_15_4,18_32_6_0
37_15_5_0,18_32_7_0
37_15_5_1,18_32_7_1
37_15_6,18_32_8_0
37_15_7,18_32_9_0
37_15_8,18_32_10
37_16_2,18_33_4_0
37_17_4,18_34_6_0
37_17_5,18_34_7
37_17_6,18_34_8_0
37_17_9,18_34_11_0
37_18_2,18_35_4
37_18_3,18_35_5_0
37_18_4_0,18_35_6_0
37_18_5,18_35_7_0
37_19_3,18_36_5
37_19_9,18_36_11
37_19_10,18_36_12_0
37_20_4,18_37_6_0
37_20_5,18_37_7_0
37_21_3,18_38_5
37_21_5,18_38_7_0
37_22_8,18_39_10
37_22_9,18_39_11
37_22_10,18_39_12_0
37_23_5,18_40_7
37_23_7,18_40_9_0
37_23_8,18_40_10_0
37_23_9_0,18_40_11_0
37_23_9_1,18_40_11_1
37_23_10,18_40_12_0
37_23_11,18_40_13_0
37_23_12,18_40_14
37_25_8,18_42_10
37_25_9,18_42_11
37_25_10,18_42_12_0
37_25_13,18_42_15_0
37_26_7,18_43_9_0
37_26_8,18_43_10_0
37_26_9,18_43_11_0
37_27_13,18_44_15
37_27_14,18_44_16_0
37_28_8,18_45_10_0
37_28_9,18_45_11_0
37_28_10,18_45_12_0
37_29_7,18_46_9_0
37_29_8,18_46_10_0
37_29_9,18_46_11_0
37_30_2,18_47_4
37_30_3,18_47_5_0
37_30_4,18_47_6_0
37_30_5,18_47_7_0
37_30_6,18_47_8_0
37_30_7,18_47_9_0
37_30_8,18_47_10_0
37_30_9,18_47_11
37_30_10,18_47_12
37_30_12,18_47_14
37_30_13,18_47_15
37_30_14,18_47_16_0
37_31_1,18_48_3
37_31_2,18_48_4_0
37_31_3_1,18_48_5_0
37_31_4,18_48_6_0
37_31_5_0,18_48_7_0
37_31_5_1,18_48_7_1
37_31_6,18_48_8_0
37_31_7,18_48_9_0
37_31_8_0,18_48_10_0
37_31_8_1,18_48_10_1
37_31_9_0,18_48_11_0
37_31_9_1,18_48_11_1
37_31_10_1,18_48_12_0
37_31_11,18_48_13_0
37_31_12,18_48_14_0
37_31_13_0,18_48_15_0
37_31_13_1,18_48_15_1
37_31_14,18_48_16_0
37_31_15,18_48_17_0
37_31_16,18_48_18
37_32_2,18_49_4
37_32_4,18_49_6_0
37_32_6,18_49_8_0
37_32_7,18_49_9_0
37_32_8,18_49_10_0
37_32_9,18_49_11_0
37_33_4,18_50_6_0
37_33_12,18_50_14
37_33_13,18_50_15
37_33_14,18_50_16_0
37_33_17,18_50_19_0
37_34_2,18_51_4
37_34_3,18_51_5_0
37_34_6,18_51_8_0
37_34_8,18_51_10
37_34_9,18_51_11
37_34_11,18_51_13_0
37_34_12,18_51_14_0
37_34_13,18_51_15_0
37_35_5,18_52_7_0
37_35_7,18_52_9_0
37_35_8,18_52_10_0
37_35_17,18_52_19
37_35_18,18_52_20_0
37_36_2,18_53_4_0
37_36_6,18_53_8_0
37_36_12,18_53_14_0
37_36_13,18_53_15_0
37_37_3_0,18_54_5_1 + 18_54_5_0
37_37_3_1,18_54_5_0
37_37_5,18_54_7_0
37_37_6,18_54_8_0
37_37_7_1,18_54_9_0
37_37_8_0,18_54_10_0
37_37_8_1,18_54_10_1
37_37_9,18_54_11_0
37_37_11,18_54_13_0
37_37_12,18_54_14_0
37_37_13,18_54_15_0
37_38_2_0,18_55_4_1 + 18_55_4_0
37_38_2_1,18_55_4_0
37_38_3_0,18_55_5_1 + 18_55_5_0
37_38_3_1,18_55_5_0
37_38_4_0,18_55_6_2 + 18_55_6_1 + 18_55_6_0
37_38_4_1,18_55_6_0
37_38_4_2,18_55_6_1
37_38_5,18_55_7_0
37_38_6_1,18_55_8
37_38_7,18_55_9_0
37_38_8,18_55_10
37_38_16,18_55_18
37_38_17,18_55_19
37_38_18,18_55_20_0
37_39_3_0,18_56_5_1 + 18_56_5_0
37_39_3_1,18_56_5_0
37_39_9,18_56_11_0
37_39_12,18_56_14
37_39_13,18_56_15
37_39_15,18_56_17_0
37_39_16,18_56_18_0
37_39_17_0,18_56_19_0
37_39_17_1,18_56_19_1
37_39_18,18_56_20_0
37_39_19,18_56_21_0
37_39_20,18_56_22
37_40_4_0,18_57_6_0
37_40_5_0,18_57_7_0
37_40_6_1,18_57_8_0
37_40_8,18_57_10_0
37_40_11,18_57_13_0
37_40_12,18_57_14_0
37_40_13,18_57_15_0
37_41_3,18_58_5
37_41_4,18_58_6_0
37_41_10,18_58_12_0
37_41_16,18_58_18
37_41_17,18_58_19
37_41_18,18_58_20_0
37_42_3,18_59_5_0
37_42_4,18_59_6_0
37_42_5,18_59_7_0
37_42_6,18_59_8_0
37_42_7,18_59_9
37_42_9,18_59_11_0
37_42_12,18_59_14
37_42_13,18_59_15
37_42_15,18_59_17_0
37_42_16,18_59_18_0
37_42_17,18_59_19_0
37_43_3,18_60_5
37_43_4,18_60_6_0
37_43_11,18_60_13_0
37_43_12,18_60_14_0
37_44_4_1,18_61_6_0
37_44_5_0,18_61_7_1
37_44_5_1,18_61_7_0
37_44_6_0,18_61_8_1
37_44_6_1,18_61_8_0
37_44_10,18_61_12_0
37_44_16,18_61_18_0
37_45_3_0,18_62_5_1 + 18_62_5_0
37_45_3_1,18_62_5_0
37_45_4_0,18_62_6_1
37_45_4_1,18_62_6_2 + 18_62_6_1 + 18_62_6_0
37_45_4_2,18_62_6_0
37_45_5_0,18_62_7_2 + 18_62_7_1 + 18_62_7_0
37_45_5_1,18_62_7_0
37_45_5_2,18_62_7_1
37_45_6_0,18_62_8_1
37_45_6_1,18_62_8_0
37_45_7_0,18_62_9_1 + 18_62_9_0
37_45_7_1,18_62_9_0
37_45_9,18_62_11_0
37_45_12,18_62_14_0
37_45_15,18_62_17_0
37_46_2,18_63_4
37_46_3,18_63_5_0
37_46_4,18_63_6_0
37_46_5,18_63_7_0
37_46_6_0,18_63_8_1
37_46_6_1,18_63_8_0
37_46_7_0,18_63_9_1
37_46_7_1,18_63_9_0
37_46_8_0,18_63_10_1
37_46_8_1,18_63_10_0
37_46_11,18_63_13
37_46_14,18_63_16_0
37_47_3,18_64_5_0
37_47_5,18_64_7_0
37_47_6,18_64_8_0
37_47_10,18_64_12
37_47_13_0,18_64_15_0
37_47_13_1,18_64_15_1
37_48_4_1,18_65_6_0
37_48_5_0,18_65_7_1 + 18_65_7_0
37_48_5_1,18_65_7_0
37_48_6,18_65_8_0
37_48_7_0,18_65_9_0
37_48_7_1,18_65_9_0 + 18_65_9_1
37_48_8,18_65_10_0
37_48_12,18_65_14_0
37_49_3,18_66_5
37_49_4,18_66_6_0
37_49_5_1,18_66_7_0
37_49_6,18_66_8_0
37_49_11,18_66_13
37_50_4_0,18_67_6_1 + 18_67_6_0
37_50_4_1,18_67_6_0
37_50_6_0,18_67_8_1
37_50_6_1,18_67_8_0
37_50_7,18_67_9_0
37_50_8,18_67_10_0
37_50_9,18_67_11_0
37_50_10,18_67_12_0
37_51_3,18_68_5_0
37_51_5_0,18_68_7_1 + 18_68_7_0
37_51_5_1,18_68_7_0
37_51_6,18_68_8_0
37_51_7_0,18_68_9_0
37_51_8_0,18_68_10_1
37_51_8_1,18_68_10_0
37_52_4_0,18_69_6_1 + 18_69_6_0
37_52_4_1,18_69_6_0
37_52_5,18_69_7_0
37_53_3,18_70_5
37_53_4,18_70_6_0
37_53_5_0,18_70_7_0
37_54_4,18_71_6
37_54_6_0,18_71_8
39_0_0,19_18_2_0
39_3_1,19_21_3_0
39_6_2,19_24_4
39_7_1,19_25_3
39_11_5,19_29_7_0
39_14_2,19_32_4_0
39_14_4,19_32_6_0
39_15_1,19_33_3
39_17_4,19_35_6
39_18_2,19_36_4
39_18_4_0,19_36_6_0
39_19_3,19_37_5_0
39_19_9,19_37_11_0
39_20_4,19_38_6_0
39_22_8,19_40_10_0
39_23_5,19_41_7_0
39_23_7,19_41_9
39_25_8,19_43_10
39_26_7,19_44_9
39_27_13,19_45_15_0
39_28_8,19_46_10_0
39_29_7,19_47_9
39_30_6,19_48_8_0
39_30_12,19_48_14_0
39_31_1,19_49_3
39_31_5_0,19_49_7_0
39_31_8_0,19_49_10
39_31_8_1,19_49_10
39_32_4,19_50_6_0
39_32_7,19_50_9
39_33_12,19_51_14
39_34_2,19_52_4_0
39_34_6,19_52_8_0
39_34_8,19_52_10
39_34_11,19_52_13
39_35_5,19_53_7_0
39_35_7,19_53_9_0
39_35_17,19_53_19_0
39_36_6,19_54_8_0
39_36_12,19_54_14_0
39_37_3,19_55_5_0
39_37_5,19_55_7_0
39_37_11,19_55_13
39_38_2_0,19_56_4_1 + 19_56_4_0
39_38_2_1,19_56_4_0
39_38_4_0,19_56_6
39_38_6_1,19_56_8
39_38_16,19_56_18_0
39_39_12,19_57_14
39_39_15,19_57_17
39_40_4_0,19_58_6_0
39_40_11,19_58_13
39_41_3,19_59_5_0
39_41_16,19_59_18
39_42_6,19_60_8_0
39_42_15,19_60_17
39_44_4,19_62_6_0
39_45_3_0,19_63_5_0
39_45_5_1,19_63_7_0
39_46_2,19_64_4
39_48_5_1,19_66_7_0
39_48_7_1,19_66_9_0
39_48_7_2,19_66_9_0
39_49_3,19_67_5
39_49_5_1,19_67_7
39_50_4,19_68_6_0
39_50_6,19_68_8_0
39_52_4,19_70_6
39_53_3,19_71_5
41_0_0,20_19_2
41_0_1,20_19_3_1
41_0_2,20_19_4
41_0_3,20_19_5
41_0_4,20_19_6
41_0_5,20_19_7
41_0_6,20_19_8
41_0_7,20_19_9_1
41_0_8,20_19_10_1
41_0_9,20_19_11_1
41_0_10,20_19_12
41_0_11,20_19_13
41_0_12,20_19_14
41_0_13,20_19_15
41_0_14,20_19_16
41_0_15,20_19_17
41_0_16,20_19_18
41_0_17,20_19_19
41_0_18,20_19_20
41_0_19,20_19_21
41_0_20,20_19_22
41_0_21,20_19_23
41_0_22,20_19_24
41_0_23,20_19_25
41_0_24,20_19_26
41_1_1,20_20_3
41_2_2,20_21_4
41_3_1,20_22_3_0
41_3_2,20_22_4_0
41_3_3,20_22_5
41_7_1,20_26_3
41_7_2,20_26_4_0
41_7_3,20_26_5_0
41_7_4,20_26_6_0
41_8_2,20_27_4_0
41_8_3,20_27_5
41_9_4,20_28_6_0
41_9_5,20_28_7
41_10_6,20_29_8_0
41_11_5,20_30_7_0
41_11_6,20_30_8_0
41_14_2,20_33_4_0
41_14_3,20_33_5_0
41_14_4,20_33_6
41_14_5,20_33_7_0
41_15_1,20_34_3
41_15_2,20_34_4_0
41_15_3,20_34_5
41_15_4,20_34_6_0
41_15_5_0,20_34_7_0
41_15_5_1,20_34_7_1
41_15_6,20_34_8_0
41_15_7,20_34_9_0
41_15_8,20_34_10_0
41_16_2,20_35_4
41_16_6,20_35_8_0
41_16_7,20_35_9_0
41_17_3,20_36_5
41_17_4,20_36_6_0
41_17_5,20_36_7
41_17_6,20_36_8
41_17_8,20_36_10_0
41_17_9,20_36_11
41_18_2,20_37_4
41_18_3,20_37_5_0
41_18_4_0,20_37_6_0
41_18_10,20_37_12_0
41_19_9,20_38_11_0
41_19_10,20_38_12_0
41_19_11,20_38_13
41_20_4,20_39_6
41_20_5,20_39_7_0
41_22_8,20_41_10_0
41_22_9,20_41_11_0
41_23_4,20_42_6_0
41_23_5,20_42_7_0
41_23_7,20_42_9_0
41_23_8,20_42_10_0
41_23_9_0,20_42_11_0
41_23_9_1,20_42_11_1
41_23_10,20_42_12_0
41_23_11,20_42_13_0
41_23_12,20_42_14_0
41_24_5,20_43_7
41_24_10,20_43_12_0
41_24_11,20_43_13_0
41_25_8,20_44_10_0
41_25_9,20_44_11
41_25_10,20_44_12
41_25_12,20_44_14_0
41_25_13,20_44_15
41_26_7,20_45_9_0
41_26_8,20_45_10_0
41_26_9,20_45_11
41_26_14,20_45_16_0
41_27_13,20_46_15_0
41_27_14,20_46_16_0
41_28_8,20_47_10_0
41_28_9,20_47_11
41_29_7,20_48_9_0
41_29_8,20_48_10
41_30_2,20_49_4_0
41_30_3,20_49_5_0
41_30_4,20_49_6_0
41_30_5,20_49_7
41_30_6,20_49_8_0
41_30_7,20_49_9_0
41_30_8,20_49_10
41_30_9,20_49_11_0
41_30_10,20_49_12_0
41_30_11,20_49_13
41_30_12,20_49_14_0
41_30_13,20_49_15_0
41_31_1,20_50_3
41_31_2,20_50_4_0
41_31_3_0,20_50_5_0
41_31_3_1,20_50_5_1
41_31_4,20_50_6_0
41_31_5_0,20_50_7_0
41_31_5_1,20_50_7_1
41_31_6,20_50_8_0
41_31_7,20_50_9
41_31_8_0,20_50_10_0
41_31_8_1,20_50_10_1
41_31_9_0,20_50_11_0
41_31_9_1,20_50_11_1
41_31_10_1,20_50_12
41_31_11,20_50_13_0
41_31_12,20_50_14_0
41_31_13_0,20_50_15_0
41_31_13_1,20_50_15_1
41_31_14,20_50_16_0
41_31_15,20_50_17_0
41_31_16,20_50_18_0
41_32_2,20_51_4
41_32_4,20_51_6_0
41_32_6,20_51_8_0
41_32_7,20_51_9_0
41_32_8,20_51_10
41_32_14,20_51_16_0
41_32_15,20_51_17_0
41_33_3,20_52_5_0
41_33_4,20_52_6_0
41_33_5,20_52_7_0
41_33_7,20_52_9_0
41_33_12,20_52_14_0
41_33_13,20_52_15
41_33_14,20_52_16
41_33_16,20_52_18_0
41_33_17,20_52_19
41_34_2,20_53_4_0
41_34_3,20_53_5_0
41_34_4,20_53_6_0
41_34_8,20_53_10_0
41_34_9,20_53_11_0
41_34_11,20_53_13_0
41_34_12,20_53_14_0
41_34_18,20_53_20_0
41_35_5,20_54_7
41_35_7,20_54_9_0
41_35_8,20_54_10_0
41_35_17,20_54_19_0
41_35_18,20_54_20_0
41_35_19,20_54_21
41_36_6,20_55_8
41_36_12,20_55_14_0
41_36_13,20_55_15
41_37_5,20_56_7_0
41_37_6,20_56_8_0
41_37_7_1,20_56_9_0
41_37_8_0,20_56_10_0
41_37_8_1,20_56_10_1
41_37_9,20_56_11_0
41_37_11,20_56_13_0
41_37_12,20_56_14
41_38_2,20_57_4
41_38_3,20_57_5_0
41_38_4_0,20_57_6_0
41_38_4_1,20_57_6_1
41_38_5,20_57_7_0
41_38_6_1,20_57_8_0
41_38_7,20_57_9_0
41_38_8,20_57_10_0
41_38_16,20_57_18_0
41_38_17,20_57_19_0
41_39_3,20_58_5_0
41_39_4,20_58_6_0
41_39_5,20_58_7
41_39_9,20_58_11_0
41_39_12,20_58_14_0
41_39_13,20_58_15
41_39_15,20_58_17_0
41_39_16,20_58_18_0
41_39_17_0,20_58_19_0
41_39_17_1,20_58_19_1
41_39_18,20_58_20_0
41_39_19,20_58_21_0
41_40_2,20_59_4
41_40_4_0,20_59_6_0
41_40_5_0,20_59_7_0
41_40_5_1,20_59_7_1
41_40_6_0,20_59_8_0
41_40_6_1,20_59_8_1
41_40_8,20_59_10_0
41_40_10,20_59_12_0
41_40_11,20_59_13_0
41_40_12,20_59_14
41_40_18,20_59_20_0
41_41_3_0,20_60_5_1
41_41_3_1,20_60_5_0
41_41_4,20_60_6_0
41_41_7,20_60_9_0
41_41_10,20_60_12_0
41_41_11,20_60_13_0
41_41_16,20_60_18_0
41_41_17,20_60_19
41_42_2,20_61_4
41_42_3,20_61_5_0
41_42_4,20_61_6_0
41_42_6,20_61_8_0
41_42_7,20_61_9_0
41_42_9,20_61_11_0
41_42_12,20_61_14_0
41_42_13,20_61_15_0
41_42_15,20_61_17_0
41_42_16,20_61_18_0
41_43_3,20_62_5_0
41_43_11,20_62_13_0
41_43_12,20_62_14_0
41_44_4,20_63_6_0
41_44_5,20_63_7_0
41_44_6,20_63_8_0
41_44_10,20_63_12
41_45_3_0,20_64_5_1 + 20_64_5_0
41_45_3_1,20_64_5_0
41_45_4,20_64_6_0
41_45_5_0,20_64_7_0
41_45_5_1,20_64_7_1
41_45_6,20_64_8_0
41_45_9,20_64_11
41_45_12,20_64_14_0
41_46_2,20_65_4
41_46_3,20_65_5_0
41_46_4_0,20_65_6_1
41_46_4_1,20_65_6_0
41_46_5,20_65_7_0
41_46_6,20_65_8_0
41_46_7,20_65_9_0
41_46_8,20_65_10_0
41_46_11,20_65_13_0
41_47_3_0,20_66_5_1 + 20_66_5_0
41_47_3_1,20_66_5_0
41_47_4,20_66_6_0
41_47_5,20_66_7_0
41_47_7,20_66_9_0
41_47_8_0,20_66_10_0
41_47_8_1,20_66_10_1
41_47_10,20_66_12_0
41_48_4_0,20_67_6_2 + 20_67_6_0
41_48_4_1,20_67_6_1 + 20_67_6_0
41_48_4_2,20_67_6_0
41_48_5_0,20_67_7_1
41_48_5_1,20_67_7_0
41_48_6_0,20_67_8_1
41_48_6_1,20_67_8_0
41_48_7_0,20_67_9_0
41_48_7_1,20_67_9_0 + 20_67_9_1
41_48_8,20_67_10_0
41_48_9_1,20_67_11_0
41_49_3,20_68_5_0
41_49_4,20_68_6_0
41_49_5_0,20_68_7_1
41_49_5_1,20_68_7_0
41_49_7,20_68_9_0
41_50_6_0,20_69_8_0
41_50_7,20_69_9_0
41_50_8,20_69_10_0
41_51_5,20_70_7_0
41_51_6,20_70_8_0
41_53_5_0,20_72_7_0
41_54_4,20_73_6
41_55_3,20_74_5
43_0_0,21_20_2
43_1_1,21_21_3_0
43_2_2,21_22_4_0
43_3_1,21_23_3
43_7_1,21_27_3
43_8_2,21_28_4
43_8_3,21_28_5
43_9_4,21_29_6
43_9_5,21_29_7_0
43_14_2,21_34_4
43_14_4,21_34_6_0
43_15_1,21_35_3
43_15_5_0,21_35_7_0
43_15_5_1,21_35_7_0
43_16_2,21_36_4
43_16_7,21_36_9
43_17_8,21_37_10_0
43_17_9,21_37_11_0
43_18_10,21_38_12
43_20_4,21_40_6_0
43_22_8,21_42_10
43_23_4,21_43_6
43_23_7,21_43_9
43_23_9_0,21_43_11_0
43_23_9_1,21_43_11_0
43_24_11,21_44_13
43_25_8,21_45_10
43_25_12,21_45_14
43_25_13,21_45_15_0
43_26_7,21_46_9_0
43_29_7,21_49_9
43_30_2,21_50_4_0
43_30_6,21_50_8
43_30_12,21_50_14
43_31_1,21_51_3
43_31_3_0,21_51_5_0
43_31_5_0,21_51_7_0
43_31_13_0,21_51_15_0
43_31_13_1,21_51_15_0
43_32_2,21_52_4_0
43_32_4,21_52_6_0
43_32_6,21_52_8_0
43_32_7,21_52_9
43_32_15,21_52_17
43_33_3,21_53_5_0
43_33_16,21_53_18_0
43_33_17,21_53_19_0
43_34_2,21_54_4_0
43_34_11,21_54_13_0
43_34_18,21_54_20
43_35_7,21_55_9
43_36_6,21_56_8
43_37_5,21_57_7
43_37_11,21_57_13
43_38_2,21_58_4
43_38_4_0,21_58_6
43_38_6_1,21_58_8
43_38_16,21_58_18
43_39_3,21_59_5_0
43_39_4,21_59_6_0
43_39_5,21_59_7_0
43_39_9,21_59_11_0
43_39_15,21_59_17
43_39_17_0,21_59_19_0
43_39_17_1,21_59_19_0
43_40_4_0,21_60_6_0
43_40_5_1,21_60_7_0
43_40_6_1,21_60_8_0
43_40_8,21_60_10_0
43_40_10,21_60_12_0
43_41_3,21_61_5_0
43_41_16,21_61_18
43_42_2,21_62_4_0
43_42_15,21_62_17_0
43_44_4,21_64_6_0
43_45_3_0,21_65_5_1 + 21_65_5_0
43_45_3_1,21_65_5_0
43_45_5_0,21_65_7_0
43_45_5_1,21_65_7_1
43_45_9,21_65_11_0
43_46_2,21_66_4
43_46_6,21_66_8_0
43_46_7,21_66_9_0
43_46_8,21_66_10_0
43_47_3,21_67_5_0
43_47_8_1,21_67_10_0
43_48_4_0,21_68_6_1 + 21_68_6_0
43_48_4_1,21_68_6_0
43_49_3,21_69_5
43_51_5_1,21_71_7_0
45_0_0,22_21_2
45_0_1,22_21_3_1
45_0_2,22_21_4
45_0_3,22_21_5_1
45_0_4,22_21_6
45_0_5,22_21_7
45_0_6,22_21_8
45_0_7,22_21_9
45_0_8,22_21_10
45_0_9,22_21_11
45_0_10,22_21_12
45_0_11,22_21_13
45_0_12,22_21_14
45_0_13,22_21_15
45_0_14,22_21_16
45_0_15,22_21_17
45_0_16,22_21_18
45_0_17,22_21_19
45_0_18,22_21_20
45_0_19,22_21_21
45_0_20,22_21_22
45_0_21,22_21_23
45_0_22,22_21_24
45_0_23,22_21_25
45_0_24,22_21_26
45_1_1,22_22_3
45_3_1,22_24_3
45_3_2,22_24_4
45_6_2,22_27_4
45_7_1,22_28_3
45_7_2,22_28_4
45_7_3,22_28_5
45_7_4,22_28_6
45_8_2,22_29_4_0
45_8_3,22_29_5
45_11_5,22_32_7_0
45_11_6,22_32_8_0
45_14_2,22_35_4
45_14_3,22_35_5_0
45_14_4,22_35_6
45_14_5,22_35_7_0
45_14_6,22_35_8_0
45_15_1,22_36_3
45_15_2,22_36_4
45_15_3,22_36_5
45_15_4,22_36_6_0
45_15_5_1,22_36_7
45_15_6,22_36_8
45_15_7,22_36_9
45_15_8,22_36_10
45_16_7,22_37_9_0
45_17_4,22_38_6_0
45_17_5,22_38_7_0
45_17_6,22_38_8_0
45_17_9,22_38_11
45_18_2,22_39_4_0
45_18_3,22_39_5_0
45_18_4_0,22_39_6
45_19_9,22_40_11_0
45_19_10,22_40_12_0
45_20_4,22_41_6_0
45_20_5,22_41_7_0
45_20_6,22_41_8
45_21_3,22_42_5_0
45_22_8,22_43_10
45_22_9,22_43_11_0
45_22_10,22_43_12_0
45_23_5,22_44_7_0
45_23_6,22_44_8
45_23_7,22_44_9
45_23_8,22_44_10_0
45_23_9_1,22_44_11
45_23_10,22_44_12
45_23_11,22_44_13
45_23_12,22_44_14
45_24_11,22_45_13
45_25_8,22_46_10_0
45_25_9,22_46_11_0
45_25_10,22_46_12_0
45_26_6,22_47_8_0
45_26_7,22_47_9
45_26_8,22_47_10_0
45_27_13,22_48_15_0
45_27_14,22_48_16_0
45_28_8,22_49_10_0
45_28_9,22_49_11_0
45_28_10,22_49_12
45_29_7,22_50_9
45_29_8,22_50_10_0
45_30_2,22_51_4
45_30_3,22_51_5_0
45_30_4,22_51_6_0
45_30_5,22_51_7_0
45_30_6,22_51_8_0
45_30_7,22_51_9_0
45_30_8,22_51_10
45_30_9,22_51_11_0
45_30_10,22_51_12_0
45_30_11,22_51_13
45_30_12,22_51_14
45_30_13,22_51_15_0
45_30_14,22_51_16_0
45_31_1,22_52_3
45_31_2,22_52_4_0
45_31_3_1,22_52_5_0
45_31_4,22_52_6_0
45_31_5_1,22_52_7_0
45_31_6,22_52_8_0
45_31_7,22_52_9_0
45_31_8_0,22_52_10_0
45_31_8_1,22_52_10_1
45_31_9_0,22_52_11_0
45_31_9_1,22_52_11_1
45_31_10_0,22_52_12_0
45_31_10_1,22_52_12_1
45_31_11,22_52_13
45_31_12,22_52_14_0
45_31_13_1,22_52_15
45_31_14,22_52_16
45_31_15,22_52_17
45_31_16,22_52_18
45_32_2,22_53_4
45_32_4,22_53_6_0
45_32_6,22_53_8
45_32_7,22_53_9_0
45_32_8,22_53_10_0
45_32_15,22_53_17_0
45_33_4,22_54_6_0
45_33_12,22_54_14_0
45_33_13,22_54_15_0
45_33_14,22_54_16_0
45_33_17,22_54_19
45_34_2,22_55_4
45_34_3,22_55_5_0
45_34_8,22_55_10_0
45_34_9,22_55_11_0
45_34_10,22_55_12_0
45_34_11,22_55_13
45_34_12,22_55_14_0
45_35_7,22_56_9_0
45_35_8,22_56_10_0
45_35_17,22_56_19_0
45_35_18,22_56_20_0
45_36_12,22_57_14_0
45_36_13,22_57_15_0
45_36_14,22_57_16
45_37_3,22_58_5
45_37_5,22_58_7_0
45_37_6,22_58_8_0
45_37_7_1,22_58_9_0
45_37_8_0,22_58_10_0
45_37_8_1,22_58_10_1
45_37_9,22_58_11_0
45_37_10,22_58_12
45_37_11,22_58_13
45_37_12,22_58_14_0
45_38_2,22_59_4
45_38_3,22_59_5_0
45_38_4_0,22_59_6_0
45_38_4_1,22_59_6_1
45_38_5,22_59_7_0
45_38_6_1,22_59_8_0
45_38_7,22_59_9_0
45_38_8,22_59_10_0
45_38_16,22_59_18
45_38_17,22_59_19_0
45_38_18,22_59_20_0
45_39_4,22_60_6_0
45_39_9,22_60_11_0
45_39_12,22_60_14_0
45_39_13,22_60_15_0
45_39_14,22_60_16
45_39_15,22_60_17
45_39_16,22_60_18_0
45_39_17_1,22_60_19
45_40_4_0,22_61_6_0
45_40_5_0,22_61_7_0
45_40_8,22_61_10_0
45_40_11,22_61_13_0
45_40_12,22_61_14_0
45_41_3,22_62_5_0
45_41_4,22_62_6_0
45_41_5,22_62_7
45_41_10,22_62_12_0
45_42_6,22_63_8_0
45_42_7,22_63_9_0
45_42_9,22_63_11_0
45_42_12,22_63_14_0
45_42_13,22_63_15_0
45_42_14,22_63_16_0
45_43_11,22_64_13_0
45_43_12,22_64_14_0
45_44_2,22_65_4
45_44_4,22_65_6_0
45_44_5,22_65_7_0
45_44_6,22_65_8_0
45_44_10,22_65_12_0
45_45_3_0,22_66_5_1 + 22_66_5_0
45_45_3_1,22_66_5_0
45_45_4,22_66_6_0
45_45_5_1,22_66_7_0
45_45_6,22_66_8_0
45_45_7,22_66_9
45_45_9,22_66_11_0
45_46_2,22_67_4
45_46_3,22_67_5_0
45_46_4,22_67_6_0
45_47_3,22_68_5_0
45_47_5,22_68_7_0
45_48_4,22_69_6_0
45_48_5,22_69_7_0
45_48_6,22_69_8_0
45_48_7_0,22_69_9_0
45_48_7_1,22_69_9_0
45_48_8,22_69_10_0
45_49_5,22_70_7_0
45_50_3,22_71_5_0
45_50_4_0,22_71_6_0
45_50_5,22_71_7_0
45_51_3,22_72_5
45_51_4,22_72_6_0
45_51_5,22_72_7_0
47_0_0,23_22_2
47_7_1,23_29_3
47_23_7,23_45_9_0
47_30_6,23_52_8_0
47_31_1,23_53_3
47_32_4,23_54_6_0
47_33_4,23_55_6_0
47_37_5,23_59_7_0
47_38_2,23_60_4
47_38_4_0,23_60_6_0
47_39_15,23_61_17_0
47_40_4_0,23_62_6_0
47_41_3,23_63_5_0
47_46_2,23_68_4
49_0_0,24_23_2
49_0_1,24_23_3
49_0_2,24_23_4_1
49_0_3,24_23_5_1
49_0_4,24_23_6_1
49_0_5,24_23_7_1
49_0_6,24_23_8_1
49_0_7,24_23_9_2
49_0_8,24_23_10_1
49_0_9,24_23_11_1
49_0_10,24_23_12_1
49_0_11,24_23_13
49_0_12,24_23_14
49_0_13,24_23_15
49_0_14,24_23_16
49_0_15,24_23_17
49_0_16,24_23_18
49_0_17,24_23_19
49_0_18,24_23_20
49_0_19,24_23_21
49_0_20,24_23_22
49_0_21,24_23_23
49_0_22,24_23_24
49_0_23,24_23_25
49_0_24,24_23_26
49_1_1,24_24_3
49_2_2,24_25_4
49_3_1,24_26_3_0
49_3_2,24_26_4_0
49_3_3,24_26_5
49_6_2,24_29_4
49_7_1,24_30_3_0
49_7_2,24_30_4_0
49_7_3,24_30_5_0
49_8_2,24_31_4_0
49_8_3,24_31_5_0
49_9_3,24_32_5_0
49_9_4,24_32_6_0
49_9_5,24_32_7_0
49_10_6,24_33_8
49_11_5,24_34_7_0
49_11_6,24_34_8_0
49_11_7,24_34_9_0
49_14_2,24_37_4
49_14_4,24_37_6_0
49_14_5,24_37_7_0
49_14_6,24_37_8_0
49_15_1,24_38_3_0
49_15_2,24_38_4_0
49_15_3,24_38_5_0
49_15_4,24_38_6_0
49_15_5_0,24_38_7_0
49_15_5_1,24_38_7_1
49_15_6,24_38_8_0
49_15_7,24_38_9_0
49_15_8,24_38_10
49_16_2,24_39_4_0
49_16_6,24_39_8_0
49_16_7,24_39_9_0
49_17_3,24_40_5_0
49_17_4,24_40_6_0
49_17_5,24_40_7_0
49_17_6,24_40_8_0
49_17_7,24_40_9_0
49_17_8,24_40_10_0
49_17_9,24_40_11_0
49_18_2,24_41_4_0
49_18_3,24_41_5_0
49_18_4_0,24_41_6_0
49_18_4_1,24_41_6_1
49_18_5,24_41_7_0
49_18_10,24_41_12
49_19_3,24_42_5
49_19_9,24_42_11_0
49_19_10,24_42_12_0
49_19_11,24_42_13_0
49_20_4,24_43_6_0
49_20_5,24_43_7_0
49_20_6,24_43_8
49_21_5,24_44_7
49_22_4,24_45_6_0
49_22_8,24_45_10_0
49_22_9,24_45_11_0
49_22_10,24_45_12_0
49_23_4,24_46_6_0
49_23_5,24_46_7_0
49_23_6,24_46_8_0
49_23_7,24_46_9_0
49_23_8,24_46_10_0
49_23_9_0,24_46_11_0
49_23_9_1,24_46_11_1
49_23_10,24_46_12_0
49_23_11,24_46_13_0
49_24_5,24_47_7_0
49_24_10,24_47_12_0
49_24_11,24_47_13_0
49_25_8,24_48_10_0
49_25_9,24_48_11_0
49_25_10,24_48_12_0
49_25_11,24_48_13_0
49_25_12,24_48_14_0
49_25_13,24_48_15_0
49_26_6,24_49_8_0
49_26_7,24_49_9_0
49_26_8,24_49_10_0
49_26_9,24_49_11_0
49_26_14,24_49_16
49_27_13,24_50_15_0
49_27_14,24_50_16_0
49_27_15,24_50_17_0
49_28_8,24_51_10_0
49_28_9,24_51_11_0
49_28_10,24_51_12_0
49_29_7,24_52_9_0
49_29_8,24_52_10_0
49_29_9,24_52_11_0
49_30_2,24_53_4_0
49_30_3,24_53_5_0
49_30_4,24_53_6_0
49_30_5,24_53_7_0
49_30_6,24_53_8
49_30_7,24_53_9_0
49_30_8,24_53_10_0
49_30_9,24_53_11_0
49_30_10,24_53_12_0
49_30_12,24_53_14_0
49_30_13,24_53_15_0
49_30_14,24_53_16_0
49_31_1,24_54_3
49_31_2,24_54_4_0
49_31_3_0,24_54_5_0
49_31_3_1,24_54_5_1
49_31_4,24_54_6_0
49_31_5_0,24_54_7_0
49_31_5_1,24_54_7_1
49_31_6,24_54_8_0
49_31_7,24_54_9_0
49_31_8_0,24_54_10_0
49_31_8_1,24_54_10_1
49_31_9_0,24_54_11_0
49_31_9_1,24_54_11_1
49_31_10_0,24_54_12_0
49_31_10_1,24_54_12_1
49_31_11,24_54_13_0
49_31_12,24_54_14_0
49_31_13_0,24_54_15_0
49_31_13_1,24_54_15_1
49_31_14,24_54_16_0
49_31_15,24_54_17_0
49_31_16,24_54_18
49_32_2,24_55_4
49_32_4,24_55_6_0
49_32_6,24_55_8_0
49_32_7,24_55_9_0
49_32_8,24_55_10_0
49_32_9,24_55_11_0
49_32_14,24_55_16_0
49_32_15,24_55_17_0
49_33_3,24_56_5_0
49_33_4,24_56_6_0
49_33_5,24_56_7_0
49_33_7,24_56_9_0
49_33_12,24_56_14_0
49_33_13,24_56_15_0
49_33_14,24_56_16_0
49_33_15,24_56_17_0
49_33_16,24_56_18_0
49_33_17,24_56_19_0
49_34_2,24_57_4_0
49_34_3,24_57_5_0
49_34_4,24_57_6_0
49_34_6,24_57_8_0
49_34_8,24_57_10_0
49_34_9,24_57_11_0
49_34_10,24_57_12_0
49_34_11,24_57_13_0
49_34_12,24_57_14_0
49_34_13,24_57_15_0
49_34_18,24_57_20
49_35_5,24_58_7_0
49_35_7,24_58_9_0
49_35_8,24_58_10_0
49_35_9,24_58_11
49_35_17,24_58_19_0
49_35_18,24_58_20_0
49_35_19,24_58_21_0
49_36_6,24_59_8_0
49_36_12,24_59_14_0
49_36_13,24_59_15_0
49_36_14,24_59_16_0
49_37_3,24_60_5
49_37_5,24_60_7_0
49_37_6,24_60_8_0
49_37_7_0,24_60_9_0
49_37_7_1,24_60_9_1
49_37_8_0,24_60_10_0
49_37_8_1,24_60_10_1
49_37_9,24_60_11_0
49_37_11,24_60_13_0
49_37_12,24_60_14_0
49_37_13,24_60_15_0
49_38_2,24_61_4_0
49_38_3,24_61_5_0
49_38_4_0,24_61_6_0
49_38_4_1,24_61_6_1
49_38_6_0,24_61_8_0
49_38_6_1,24_61_8_1
49_38_7,24_61_9_0
49_38_8,24_61_10_0
49_38_16,24_61_18_0
49_39_3,24_62_5_0
49_39_4,24_62_6_0
49_39_5,24_62_7_0
49_39_7,24_62_9_0
49_39_9,24_62_11_0
49_39_12,24_62_14_0
49_39_13,24_62_15_0
49_39_14,24_62_16_0
49_39_15,24_62_17_0
49_40_4_0,24_63_6_0
49_40_4_1,24_63_6_1
49_40_5_0,24_63_7_0
49_40_5_1,24_63_7_1
49_40_6_1,24_63_8_0
49_40_8,24_63_10_0
49_40_10,24_63_12_0
49_40_11,24_63_13_0
49_40_12,24_63_14_0
49_40_13,24_63_15_0
49_41_3,24_64_5_0
49_41_4,24_64_6_0
49_41_5,24_64_7_0
49_41_7,24_64_9_0
49_41_10,24_64_12_0
49_41_11,24_64_13
49_42_6,24_65_8_0
49_42_7,24_65_9_0
49_42_8,24_65_10_0
49_42_9,24_65_11_0
49_42_12,24_65_14_0
49_43_11,24_66_13_0
49_44_4,24_67_6_0
49_44_5,24_67_7_0
49_44_10,24_67_12_0
49_45_3,24_68_5_0
49_45_5_1,24_68_7_0
49_45_6,24_68_8_0
49_45_9,24_68_11_0
49_46_6,24_69_8_0
49_46_7,24_69_9_0
49_46_8,24_69_10_0
49_47_5,24_70_7_0
49_47_7,24_70_9_0
49_48_2,24_71_4
49_48_5,24_71_7_0
49_48_6,24_71_8_0
49_49_3,24_72_5_0
49_49_5,24_72_7_0
49_50_2,24_73_4
49_50_3,24_73_5_0
49_50_4_0,24_73_6_1 + 24_73_6_0
49_50_4_1,24_73_6_0
49_51_3,24_74_5
51_0_0,25_24_2
51_1_1,25_25_3
51_2_2,25_26_4
51_3_1,25_27_3
51_6_2,25_30_4_0
51_7_1,25_31_3_0
51_8_2,25_32_4_0
51_8_3,25_32_5
51_9_5,25_33_7_0
51_10_6,25_34_8_0
51_14_4,25_38_6_0
51_15_1,25_39_3_0
51_15_5_0,25_39_7_0
51_15_5_1,25_39_7_0
51_16_2,25_40_4_0
51_16_6,25_40_8_0
51_16_7,25_40_9
51_17_3,25_41_5_0
51_17_4,25_41_6
51_17_9,25_41_11_0
51_18_2,25_42_4_0
51_18_4_0,25_42_6_0
51_18_10,25_42_12_0
51_19_3,25_43_5_0
51_20_4,25_44_6_0
51_21_5,25_45_7_0
51_22_4,25_46_6_0
51_22_8,25_46_10_0
51_23_4,25_47_6_0
51_23_5,25_47_7_0
51_23_9_0,25_47_11
51_23_9_1,25_47_11
51_24_10,25_48_12_0
51_24_11,25_48_13
51_25_8,25_49_10
51_25_13,25_49_15_0
51_26_14,25_50_16_0
51_28_8,25_52_10
51_30_2,25_54_4_0
51_30_6,25_54_8_0
51_30_12,25_54_14_0
51_31_1,25_55_3
51_31_3_0,25_55_5_0
51_31_5_0,25_55_7_0
51_31_8_0,25_55_10
51_31_8_1,25_55_10
51_31_13_0,25_55_15
51_31_13_1,25_55_15
51_32_2,25_56_4_0
51_32_4,25_56_6
51_32_6,25_56_8
51_32_14,25_56_16_0
51_32_15,25_56_17
51_33_3,25_57_5
51_33_12,25_57_14
51_33_17,25_57_19_0
51_34_2,25_58_4
51_34_6,25_58_8_0
51_34_8,25_58_10
51_34_18,25_58_20_0
51_35_5,25_59_7_0
51_35_7,25_59_9
51_36_6,25_60_8_0
51_36_12,25_60_14_0
51_37_3,25_61_5_0
51_37_5,25_61_7_0
51_37_7_0,25_61_9_0
51_37_7_1,25_61_9_0
51_37_8_0,25_61_10_0
51_38_2,25_62_4_0
51_38_4_0,25_62_6_0
51_38_6_1,25_62_8_0
51_39_3,25_63_5_0
51_39_4,25_63_6_0
51_39_9,25_63_11_0
51_39_12,25_63_14
51_40_4_0,25_64_6_0
51_40_6_1,25_64_8_0
51_40_8,25_64_10_0
51_40_10,25_64_12
51_41_3,25_65_5
51_41_7,25_65_9_0
51_44_4,25_68_6_0
51_45_5_1,25_69_7_0
51_46_6,25_70_8_0
51_46_7,25_70_9_0
51_48_5,25_72_7_0
51_50_2,25_74_4
53_0_0,26_25_2
53_0_1,26_25_3
53_0_2,26_25_4
53_0_3,26_25_5
53_0_4,26_25_6
53_0_5,26_25_7
53_0_6,26_25_8_1
53_0_7,26_25_9_1
53_0_8,26_25_10_1
53_0_9,26_25_11_1
53_0_10,26_25_12_1
53_0_11,26_25_13_1
53_0_12,26_25_14
53_0_13,26_25_15
53_0_14,26_25_16
53_0_15,26_25_17
53_0_16,26_25_18
53_0_17,26_25_19
53_0_18,26_25_20
53_0_19,26_25_21
53_0_20,26_25_22
53_0_21,26_25_23
53_0_22,26_25_24
53_0_23,26_25_25
53_0_24,26_25_26
53_1_1,26_26_3
53_3_1,26_28_3
53_3_2,26_28_4
53_6_2,26_31_4
53_7_1,26_32_3
53_7_2,26_32_4_0
53_7_3,26_32_5
53_7_4,26_32_6_0
53_9_5,26_34_7
53_11_5,26_36_7
53_11_6,26_36_8
53_14_2,26_39_4_0
53_14_3,26_39_5_0
53_14_4,26_39_6
53_14_5,26_39_7_0
53_14_6,26_39_8
53_15_1,26_40_3
53_15_2,26_40_4_0
53_15_3,26_40_5_0
53_15_4,26_40_6_0
53_15_5_0,26_40_7_0
53_15_5_1,26_40_7_1
53_15_6,26_40_8_0
53_15_7,26_40_9
53_15_8,26_40_10_0
53_16_2,26_41_4_0
53_17_4,26_42_6_0
53_17_5,26_42_7_0
53_17_6,26_42_8_0
53_17_9,26_42_11
53_18_2,26_43_4
53_18_3,26_43_5_0
53_18_4_0,26_43_6_0
53_18_5,26_43_7
53_19_3,26_44_5_0
53_19_9,26_44_11
53_19_10,26_44_12
53_20_4,26_45_6_0
53_20_5,26_45_7_0
53_20_6,26_45_8
53_21_3,26_46_5_0
53_21_5,26_46_7_0
53_22_4,26_47_6_0
53_22_8,26_47_10_0
53_22_9,26_47_11
53_22_10,26_47_12
53_23_5,26_48_7_0
53_23_7,26_48_9_0
53_23_8,26_48_10_0
53_23_9_0,26_48_11_0
53_23_9_1,26_48_11_1
53_23_10,26_48_12_0
53_23_11,26_48_13
53_23_12,26_48_14_0
53_25_8,26_50_10_0
53_25_9,26_50_11
53_25_10,26_50_12
53_25_13,26_50_15
53_26_7,26_51_9_0
53_26_8,26_51_10_0
53_26_9,26_51_11
53_27_13,26_52_15
53_27_14,26_52_16
53_28_8,26_53_10_0
53_28_9,26_53_11_0
53_29_7,26_54_9_0
53_29_8,26_54_10_0
53_29_9,26_54_11_0
53_30_2,26_55_4
53_30_3,26_55_5_0
53_30_4,26_55_6_0
53_30_5,26_55_7_0
53_30_6,26_55_8_0
53_30_7,26_55_9_0
53_30_8,26_55_10
53_30_9,26_55_11_0
53_30_10,26_55_12_0
53_30_12,26_55_14_0
53_30_13,26_55_15
53_30_14,26_55_16
53_31_1,26_56_3
53_31_2,26_56_4_0
53_31_3_0,26_56_5_0
53_31_3_1,26_56_5_1
53_31_4,26_56_6
53_31_5_0,26_56_7_0
53_31_5_1,26_56_7_1
53_31_6,26_56_8
53_31_7,26_56_9_0
53_31_8_0,26_56_10_0
53_31_8_1,26_56_10_1
53_31_9_0,26_56_11_0
53_31_9_1,26_56_11_1
53_31_10_1,26_56_12_0
53_31_11,26_56_13_0
53_31_12,26_56_14_0
53_31_13_0,26_56_15_0
53_31_13_1,26_56_15_1
53_31_14,26_56_16_0
53_31_15,26_56_17
53_31_16,26_56_18_0
53_32_2,26_57_4
53_32_4,26_57_6
53_32_7,26_57_9_0
53_32_8,26_57_10_0
53_32_9,26_57_11_0
53_33_4,26_58_6_0
53_33_12,26_58_14_0
53_33_13,26_58_15
53_33_14,26_58_16
53_33_17,26_58_19
53_34_2,26_59_4
53_34_3,26_59_5_0
53_34_6,26_59_8
53_34_8,26_59_10_0
53_34_9,26_59_11_0
53_34_11,26_59_13_0
53_34_12,26_59_14_0
53_34_13,26_59_15
53_35_5,26_60_7_0
53_35_7,26_60_9_0
53_35_8,26_60_10_0
53_35_17,26_60_19
53_36_6,26_61_8_0
53_36_12,26_61_14_0
53_36_13,26_61_15_0
53_36_14,26_61_16
53_37_3,26_62_5_0
53_37_5,26_62_7_0
53_37_6,26_62_8_0
53_37_7_1,26_62_9_0
53_37_8_0,26_62_10_0
53_37_8_1,26_62_10_1
53_37_9,26_62_11_0
53_37_11,26_62_13_0
53_37_12,26_62_14_0
53_37_13,26_62_15_0
53_38_2,26_63_4
53_38_3,26_63_5_0
53_38_4_0,26_63_6_0
53_38_4_1,26_63_6_1
53_38_5,26_63_7_0
53_38_6_1,26_63_8_0
53_38_7,26_63_9_0
53_38_8,26_63_10_0
53_39_9,26_64_11
53_39_12,26_64_14_0
53_39_13,26_64_15_0
53_40_4_0,26_65_6_0
53_40_5_0,26_65_7_0
53_40_6_1,26_65_8_0
53_40_8,26_65_10_0
53_40_11,26_65_13_0
53_40_12,26_65_14_0
53_41_3,26_66_5
53_41_4,26_66_6_0
53_41_10,26_66_12_0
53_42_6,26_67_8_0
53_42_7,26_67_9_0
53_42_9,26_67_11_0
53_44_4,26_69_6_0
53_44_5,26_69_7_0
53_44_6,26_69_8_0
53_45_3,26_70_5_0
53_45_4,26_70_6_0
53_45_5_1,26_70_7_0
53_45_6,26_70_8_0
53_45_7,26_70_9_0
53_46_6,26_71_8_0
53_47_5,26_72_7_0
53_48_4,26_73_6
55_0_0,27_26_2
55_3_1,27_29_3
55_11_5,27_37_7_0
55_14_4,27_40_6_0
55_15_1,27_41_3_0
55_17_4,27_43_6
55_18_2,27_44_4_0
55_18_4_0,27_44_6_0
55_19_3,27_45_5_0
55_19_9,27_45_11
55_20_4,27_46_6_0
55_22_4,27_48_6_0
55_22_8,27_48_10
55_23_5,27_49_7_0
55_23_7,27_49_9
55_25_8,27_51_10
55_26_7,27_52_9
55_27_13,27_53_15_0
55_28_8,27_54_10_0
55_29_7,27_55_9
55_30_2,27_56_4
55_30_12,27_56_14
55_31_1,27_57_3
55_31_5_0,27_57_7
55_31_8_0,27_57_10_0
55_31_8_1,27_57_10_0
55_32_4,27_58_6
55_32_7,27_58_9
55_33_4,27_59_6_0
55_33_12,27_59_14
55_34_2,27_60_4
55_34_6,27_60_8_0
55_34_11,27_60_13_0
55_35_5,27_61_7_0
55_35_7,27_61_9_0
55_36_12,27_62_14_0
55_37_11,27_63_13
55_38_4_0,27_64_6_0
55_39_12,27_65_14_0
55_40_11,27_66_13
55_42_6,27_68_8_0
55_44_4,27_70_6_0
55_45_5_1,27_71_7_0
57_0_0,28_27_2
57_0_1,28_27_3
57_0_2,28_27_4
57_0_3,28_27_5
57_0_4,28_27_6
57_0_5,28_27_7
57_0_6,28_27_8
57_0_7,28_27_9
57_0_8,28_27_10
57_0_9,28_27_11
57_0_10,28_27_12
57_0_11,28_27_13_1
57_0_12,28_27_14_1
57_0_13,28_27_15_1
57_0_14,28_27_16
57_0_15,28_27_17
57_0_16,28_27_18
57_0_17,28_27_19
57_0_18,28_27_20
57_0_19,28_27_21
57_0_20,28_27_22
57_0_21,28_27_23
57_0_22,28_27_24
57_0_23,28_27_25
57_0_24,28_27_26
57_1_1,28_28_3
57_2_2,28_29_4
57_3_1,28_30_3_0
57_3_2,28_30_4_0
57_7_1,28_34_3_0
57_7_2,28_34_4_0
57_7_3,28_34_5_0
57_7_4,28_34_6_0
57_8_2,28_35_4_0
57_8_3,28_35_5_0
57_9_4,28_36_6_0
57_9_5,28_36_7
57_10_6,28_37_8_0
57_11_5,28_38_7_0
57_11_6,28_38_8_0
57_11_7,28_38_9_0
57_14_2,28_41_4_0
57_14_3,28_41_5_0
57_14_4,28_41_6
57_14_5,28_41_7_0
57_15_1,28_42_3
57_15_2,28_42_4_0
57_15_3,28_42_5
57_15_4,28_42_6_0
57_15_5_0,28_42_7_0
57_15_5_1,28_42_7_1
57_15_6,28_42_8_0
57_15_7,28_42_9_0
57_15_8,28_42_10
57_16_2,28_43_4
57_16_6,28_43_8_0
57_16_7,28_43_9
57_17_3,28_44_5_0
57_17_4,28_44_6_0
57_17_5,28_44_7
57_17_6,28_44_8
57_17_8,28_44_10_0
57_17_9,28_44_11
57_18_2,28_45_4_0
57_18_3,28_45_5_0
57_18_4_0,28_45_6_0
57_18_5,28_45_7_0
57_18_10,28_45_12_0
57_19_3,28_46_5
57_19_9,28_46_11_0
57_19_10,28_46_12_0
57_19_11,28_46_13
57_20_4,28_47_6_0
57_20_5,28_47_7_0
57_22_8,28_49_10
57_22_9,28_49_11_0
57_23_4,28_50_6_0
57_23_5,28_50_7
57_23_7,28_50_9
57_23_8,28_50_10_0
57_23_9_0,28_50_11_0
57_23_9_1,28_50_11_1
57_23_10,28_50_12_0
57_23_11,28_50_13_0
57_23_12,28_50_14
57_24_5,28_51_7_0
57_24_10,28_51_12_0
57_24_11,28_51_13
57_25_8,28_52_10
57_25_9,28_52_11_0
57_25_10,28_52_12
57_25_12,28_52_14_0
57_25_13,28_52_15
57_26_7,28_53_9_0
57_26_8,28_53_10_0
57_26_14,28_53_16_0
57_27_13,28_54_15_0
57_27_14,28_54_16_0
57_27_15,28_54_17_0
57_28_8,28_55_10
57_28_9,28_55_11_0
57_29_7,28_56_9_0
57_29_8,28_56_10_0
57_30_2,28_57_4
57_30_3,28_57_5
57_30_4,28_57_6
57_30_6,28_57_8_0
57_30_7,28_57_9_0
57_30_8,28_57_10_0
57_30_9,28_57_11_0
57_30_10,28_57_12_0
57_30_11,28_57_13
57_30_12,28_57_14
57_30_13,28_57_15_0
57_31_1,28_58_3
57_31_2,28_58_4_0
57_31_3_0,28_58_5_0
57_31_3_1,28_58_5_1
57_31_4,28_58_6
57_31_5_0,28_58_7_0
57_31_5_1,28_58_7_1
57_31_6,28_58_8_0
57_31_7,28_58_9
57_31_8_0,28_58_10_0
57_31_8_1,28_58_10_1
57_31_9_0,28_58_11_0
57_31_9_1,28_58_11_1
57_31_10_1,28_58_12
57_31_11,28_58_13
57_31_12,28_58_14_0
57_31_13_0,28_58_15_0
57_31_13_1,28_58_15_1
57_31_14,28_58_16_0
57_31_15,28_58_17_0
57_31_16,28_58_18
57_32_2,28_59_4
57_32_4,28_59_6
57_32_6,28_59_8
57_32_7,28_59_9
57_32_8,28_59_10_0
57_32_14,28_59_16_0
57_32_15,28_59_17
57_33_3,28_60_5
57_33_4,28_60_6_0
57_33_7,28_60_9_0
57_33_12,28_60_14_0
57_33_13,28_60_15_0
57_33_14,28_60_16
57_33_16,28_60_18_0
57_33_17,28_60_19
57_34_2,28_61_4_0
57_34_3,28_61_5_0
57_34_8,28_61_10_0
57_34_9,28_61_11_0
57_34_11,28_61_13_0
57_34_12,28_61_14_0
57_34_13,28_61_15
57_35_7,28_62_9_0
57_35_8,28_62_10_0
57_36_6,28_63_8_0
57_36_12,28_63_14
57_36_13,28_63_15_0
57_37_5,28_64_7_0
57_37_6,28_64_8_0
57_37_7_1,28_64_9_0
57_37_8_0,28_64_10_0
57_37_8_1,28_64_10_1
57_37_9,28_64_11
57_37_11,28_64_13
57_37_12,28_64_14_0
57_38_2,28_65_4_0
57_38_3,28_65_5_0
57_38_4_0,28_65_6_0
57_38_4_1,28_65_6_1
57_38_5,28_65_7_0
57_38_6_1,28_65_8_0
57_38_7,28_65_9_0
57_38_8,28_65_10_0
57_39_3,28_66_5_0
57_39_4,28_66_6_0
57_39_5,28_66_7_0
57_39_9,28_66_11_0
57_40_4_0,28_67_6_0
57_40_5_0,28_67_7_0
57_40_5_1,28_67_7_1
57_40_6_1,28_67_8_0
57_40_8,28_67_10_0
57_40_10,28_67_12_0
57_41_3,28_68_5_0
57_41_4,28_68_6_0
57_41_7,28_68_9_0
57_42_6,28_69_8_0
57_42_7,28_69_9_0
57_42_8,28_69_10_0
57_44_4,28_71_6_0
57_44_5,28_71_7_0
57_44_6,28_71_8_0
57_45_3,28_72_5_0
57_45_4,28_72_6_0
57_45_5_0,28_72_7_0
57_45_5_1,28_72_7_1
59_0_0,29_28_2
59_1_1,29_29_3
59_7_1,29_35_3
59_8_2,29_36_4
59_8_3,29_36_5
59_9_4,29_37_6_0
59_9_5,29_37_7_0
59_10_6,29_38_8_0
59_14_2,29_42_4
59_14_4,29_42_6_0
59_15_1,29_43_3
59_15_5_0,29_43_7
59_15_5_1,29_43_7
59_16_2,29_44_4_0
59_16_7,29_44_9
59_17_4,29_45_6_0
59_17_8,29_45_10
59_17_9,29_45_11
59_18_10,29_46_12
59_19_3,29_47_5_0
59_20_4,29_48_6_0
59_22_8,29_50_10_0
59_23_4,29_51_6_0
59_23_7,29_51_9_0
59_23_9_0,29_51_11
59_23_9_1,29_51_11
59_24_5,29_52_7_0
59_24_11,29_52_13
59_25_12,29_53_14_0
59_25_13,29_53_15_0
59_26_7,29_54_9_0
59_26_14,29_54_16_0
59_29_7,29_57_9_0
59_30_2,29_58_4
59_30_6,29_58_8_0
59_30_12,29_58_14_0
59_31_1,29_59_3
59_31_3_0,29_59_5
59_31_5_0,29_59_7_0
59_31_13_0,29_59_15
59_31_13_1,29_59_15
59_32_2,29_60_4
59_32_4,29_60_6
59_32_6,29_60_8_0
59_32_15,29_60_17
59_33_12,29_61_14_0
59_33_16,29_61_18
59_34_11,29_62_13_0
59_35_7,29_63_9_0
59_36_6,29_64_8_0
59_37_5,29_65_7_0
59_37_11,29_65_13_0
59_38_2,29_66_4
59_38_4_0,29_66_6_0
59_38_6_1,29_66_8_0
59_39_3,29_67_5_0
59_39_4,29_67_6_0
59_39_9,29_67_11_0
59_40_5_1,29_68_7_0
59_40_6_1,29_68_8_0
59_40_8,29_68_10_0
59_41_7,29_69_9_0
59_44_4,29_72_6_0
59_45_3,29_73_5_0
61_0_0,30_29_2
61_0_1,30_29_3
61_0_2,30_29_4
61_0_3,30_29_5
61_0_4,30_29_6
61_0_5,30_29_7_1
61_0_6,30_29_8_1
61_0_7,30_29_9_1
61_0_8,30_29_10
61_0_9,30_29_11
61_0_10,30_29_12
61_0_11,30_29_13
61_0_12,30_29_14
61_0_13,30_29_15
61_0_14,30_29_16
61_0_15,30_29_17
61_0_16,30_29_18
61_0_17,30_29_19
61_0_18,30_29_20
61_0_19,30_29_21
61_0_20,30_29_22
61_0_21,30_29_23
61_0_22,30_29_24
61_0_23,30_29_25
61_0_24,30_29_26
61_3_1,30_32_3
61_3_2,30_32_4_0
61_6_2,30_35_4
61_7_1,30_36_3
61_7_2,30_36_4
61_7_3,30_36_5
61_7_4,30_36_6_0
61_8_3,30_37_5_0
61_9_5,30_38_7_0
61_11_5,30_40_7
61_11_6,30_40_8_0
61_14_2,30_43_4
61_14_3,30_43_5
61_14_4,30_43_6
61_14_5,30_43_7
61_14_6,30_43_8
61_15_1,30_44_3
61_15_2,30_44_4_0
61_15_3,30_44_5_0
61_15_4,30_44_6_0
61_15_5_1,30_44_7
61_15_6,30_44_8
61_15_7,30_44_9
61_15_8,30_44_10_0
61_16_7,30_45_9_0
61_17_4,30_46_6_0
61_17_5,30_46_7_0
61_17_6,30_46_8_0
61_17_9,30_46_11_0
61_18_2,30_47_4
61_18_3,30_47_5_0
61_18_4_0,30_47_6_0
61_19_3,30_48_5_0
61_19_9,30_48_11
61_19_10,30_48_12_0
61_20_4,30_49_6_0
61_20_5,30_49_7_0
61_20_6,30_49_8
61_21_3,30_50_5_0
61_22_8,30_51_10
61_22_9,30_51_11
61_22_10,30_51_12_0
61_23_4,30_52_6_0
61_23_5,30_52_7_0
61_23_6,30_52_8_0
61_23_7,30_52_9
61_23_8,30_52_10
61_23_9_1,30_52_11_0
61_23_10,30_52_12
61_23_11,30_52_13
61_23_12,30_52_14_0
61_24_11,30_53_13_0
61_25_8,30_54_10_0
61_25_9,30_54_11_0
61_25_10,30_54_12_0
61_25_13,30_54_15_0
61_26_6,30_55_8
61_26_7,30_55_9
61_26_8,30_55_10
61_27_13,30_56_15
61_27_14,30_56_16_0
61_28_8,30_57_10_0
61_28_9,30_57_11_0
61_28_10,30_57_12_0
61_29_7,30_58_9
61_29_8,30_58_10
61_30_2,30_59_4
61_30_3,30_59_5
61_30_4,30_59_6
61_30_5,30_59_7
61_30_6,30_59_8
61_30_7,30_59_9
61_30_8,30_59_10_0
61_30_9,30_59_11_0
61_30_10,30_59_12_0
61_30_11,30_59_13_0
61_30_12,30_59_14
61_30_13,30_59_15
61_30_14,30_59_16_0
61_31_1,30_60_3
61_31_2,30_60_4
61_31_3_1,30_60_5
61_31_4,30_60_6
61_31_5_1,30_60_7_0
61_31_6,30_60_8_0
61_31_7,30_60_9_0
61_31_8_0,30_60_10_0
61_31_8_1,30_60_10_1
61_31_9_0,30_60_11_0
61_31_9_1,30_60_11_1
61_31_10_0,30_60_12_0
61_31_10_1,30_60_12_1
61_31_11,30_60_13_0
61_31_12,30_60_14_0
61_31_13_1,30_60_15_0
61_31_14,30_60_16
61_31_15,30_60_17
61_31_16,30_60_18_0
61_32_6,30_61_8_0
61_32_7,30_61_9_0
61_32_8,30_61_10_0
61_32_15,30_61_17_0
61_33_4,30_62_6_0
61_33_12,30_62_14_0
61_33_13,30_62_15_0
61_33_14,30_62_16_0
61_34_2,30_63_4
61_34_3,30_63_5_0
61_34_8,30_63_10_0
61_34_9,30_63_11_0
61_34_10,30_63_12
61_34_11,30_63_13
61_34_12,30_63_14
61_35_7,30_64_9_0
61_35_8,30_64_10_0
61_36_12,30_65_14_0
61_37_3,30_66_5
61_37_5,30_66_7_0
61_37_6,30_66_8_0
61_37_7_1,30_66_9_0
61_37_8_0,30_66_10_0
61_37_8_1,30_66_10_1
61_37_9,30_66_11_0
61_37_10,30_66_12_0
61_37_11,30_66_13
61_38_2,30_67_4
61_38_3,30_67_5_0
61_38_4_0,30_67_6_0
61_38_4_1,30_67_6_1
61_38_5,30_67_7_0
61_38_6_1,30_67_8_0
61_38_7,30_67_9_0
61_38_8,30_67_10_0
61_39_4,30_68_6_0
61_39_9,30_68_11_0
61_40_4_0,30_69_6_0
61_40_5_0,30_69_7_0
61_40_6_1,30_69_8_0
61_40_8,30_69_10_0
61_41_3,30_70_5_0
61_41_4,30_70_6_0
61_42_6,30_71_8_0
61_44_4,30_73_6
61_45_3,30_74_5
65_0_0,32_31_2_1
65_0_1,32_31_3_2
65_0_2,32_31_4_1
65_0_3,32_31_5_2
65_0_4,32_31_6_1
65_0_5,32_31_7_1
65_0_6,32_31_8_2
65_0_7,32_31_9_2
65_0_8,32_31_10_2
65_0_9,32_31_11_1
65_0_10,32_31_12_1
65_0_11,32_31_13_2
65_0_12,32_31_14_1
65_0_13,32_31_15_1
65_0_14,32_31_16_1
65_0_15,32_31_17
65_0_16,32_31_18
65_0_17,32_31_19
65_0_18,32_31_20
65_0_19,32_31_21
65_0_20,32_31_22
65_0_21,32_31_23
65_0_22,32_31_24
65_0_23,32_31_25
65_0_24,32_31_26
65_1_1,32_32_3
65_2_2,32_33_4_0
65_3_1,32_34_3_0
65_3_2,32_34_4_0
65_3_3,32_34_5
65_6_2,32_37_4
65_7_1,32_38_3_0
65_7_2,32_38_4_0
65_7_3,32_38_5_0
65_7_4,32_38_6_0
65_8_2,32_39_4_0
65_8_3,32_39_5_0
65_9_3,32_40_5_0
65_9_4,32_40_6_0
65_9_5,32_40_7
65_10_6,32_41_8
65_11_5,32_42_7_0
65_11_6,32_42_8_0
65_11_7,32_42_9_0
65_14_2,32_45_4_0
65_14_3,32_45_5_0
65_14_4,32_45_6_0
65_14_5,32_45_7_0
65_14_6,32_45_8
65_15_1,32_46_3_0
65_15_2,32_46_4_0
65_15_3,32_46_5_0
65_15_4,32_46_6_0
65_15_5_0,32_46_7_0
65_15_5_1,32_46_7_1
65_15_6,32_46_8_0
65_15_7,32_46_9_0
65_15_8,32_46_10
65_16_2,32_47_4
65_16_6,32_47_8_0
65_16_7,32_47_9
65_17_3,32_48_5_0
65_17_4,32_48_6_0
65_17_5,32_48_7_0
65_17_6,32_48_8_0
65_17_7,32_48_9_0
65_17_8,32_48_10_0
65_17_9,32_48_11
65_18_2,32_49_4_0
65_18_3,32_49_5_0
65_18_4_0,32_49_6_0
65_18_4_1,32_49_6_1
65_18_5,32_49_7
65_18_10,32_49_12
65_19_3,32_50_5
65_19_9,32_50_11_0
65_19_10,32_50_12_0
65_19_11,32_50_13_0
65_20_4,32_51_6_0
65_20_5,32_51_7_0
65_20_6,32_51_8_0
65_21_3,32_52_5_0
65_21_5,32_52_7
65_22_4,32_53_6_0
65_22_8,32_53_10_0
65_22_9,32_53_11_0
65_22_10,32_53_12_0
65_23_4,32_54_6_0
65_23_5,32_54_7_0
65_23_6,32_54_8_0
65_23_7,32_54_9_0
65_23_8,32_54_10_0
65_23_9_0,32_54_11_0
65_23_9_1,32_54_11_1
65_23_10,32_54_12_0
65_23_11,32_54_13_0
65_23_12,32_54_14_0
65_24_5,32_55_7_0
65_24_10,32_55_12_0
65_24_11,32_55_13
65_25_8,32_56_10_0
65_25_9,32_56_11_0
65_25_10,32_56_12_0
65_25_11,32_56_13_0
65_25_12,32_56_14_0
65_25_13,32_56_15
65_26_6,32_57_8_0
65_26_7,32_57_9_0
65_26_8,32_57_10_0
65_26_9,32_57_11_0
65_26_14,32_57_16
65_27_13,32_58_15_0
65_27_14,32_58_16_0
65_27_15,32_58_17_0
65_28_8,32_59_10_0
65_28_9,32_59_11_0
65_28_10,32_59_12_0
65_29_7,32_60_9_0
65_29_8,32_60_10_0
65_29_9,32_60_11_0
65_30_2,32_61_4_0
65_30_3,32_61_5_0
65_30_4,32_61_6_0
65_30_5,32_61_7_0
65_30_6,32_61_8_0
65_30_7,32_61_9_0
65_30_8,32_61_10_0
65_30_9,32_61_11_0
65_30_10,32_61_12_0
65_30_11,32_61_13_0
65_30_12,32_61_14_0
65_30_13,32_61_15_0
65_30_14,32_61_16
65_31_1,32_62_3_0
65_31_2,32_62_4_0
65_31_3_0,32_62_5_0
65_31_3_1,32_62_5_1
65_31_4,32_62_6_0
65_31_5_0,32_62_7_0
65_31_5_1,32_62_7_1
65_31_6,32_62_8_0
65_31_7,32_62_9_0
65_31_8_0,32_62_10_0
65_31_8_1,32_62_10_1
65_31_9_0,32_62_11_0
65_31_9_1,32_62_11_1
65_31_10_0,32_62_12_0
65_31_10_1,32_62_12_1
65_31_11,32_62_13_0
65_31_12,32_62_14_0
65_31_13_0,32_62_15_0
65_31_13_1,32_62_15_1
65_31_14,32_62_16_0
65_31_15,32_62_17_0
65_32_2,32_63_4
65_32_4,32_63_6_0
65_32_6,32_63_8_0
65_32_7,32_63_9_0
65_32_8,32_63_10_0
65_32_9,32_63_11_0
65_32_14,32_63_16_0
65_33_3,32_64_5_0
65_33_4,32_64_6_0
65_33_5,32_64_7_0
65_33_7,32_64_9_0
65_33_12,32_64_14_0
65_33_13,32_64_15_0
65_34_2,32_65_4_0
65_34_3,32_65_5_0
65_34_4,32_65_6_0
65_34_6,32_65_8_0
65_34_8,32_65_10_0
65_34_9,32_65_11_0
65_34_10,32_65_12_0
65_34_11,32_65_13_0
65_34_12,32_65_14_0
65_35_5,32_66_7_0
65_35_7,32_66_9_0
65_35_8,32_66_10_0
65_35_9,32_66_11_0
65_36_6,32_67_8_0
65_37_3,32_68_5_0
65_37_5,32_68_7_0
65_37_6,32_68_8_0
65_37_7_0,32_68_9_0
65_37_7_1,32_68_9_1
65_37_8_0,32_68_10_0
65_37_8_1,32_68_10_1
65_37_9,32_68_11_0
65_38_2,32_69_4_0
65_38_3,32_69_5_0
65_38_4_0,32_69_6_0
65_38_4_1,32_69_6_1
65_38_5,32_69_7_0
65_38_6_0,32_69_8_0
65_38_6_1,32_69_8_1
65_38_7,32_69_9_0
65_38_8,32_69_10_0
65_39_3,32_70_5_0
65_39_4,32_70_6_0
65_39_5,32_70_7_0
65_39_7,32_70_9_0
65_40_4_0,32_71_6_0
65_40_4_1,32_71_6_1
65_40_5_0,32_71_7_0
65_40_5_1,32_71_7_1
65_40_6_0,32_71_8_0
65_40_6_1,32_71_8_1
65_41_3,32_72_5_0
65_41_4,32_72_6_0
65_41_5,32_72_7
67_0_0,33_32_2_0
67_1_1,33_33_3_0
67_2_2,33_34_4_0
67_3_1,33_35_3
67_6_2,33_38_4_0
67_7_1,33_39_3_0
67_8_2,33_40_4_0
67_8_3,33_40_5_0
67_9_3,33_41_5_0
67_9_5,33_41_7_0
67_10_6,33_42_8_0
67_14_2,33_46_4_0
67_14_4,33_46_6_0
67_15_1,33_47_3_0
67_15_5_0,33_47_7_0
67_15_5_1,33_47_7_0
67_16_2,33_48_4_0
67_16_6,33_48_8_0
67_16_7,33_48_9_0
67_17_3,33_49_5_0
67_17_4,33_49_6_0
67_17_9,33_49_11_0
67_18_2,33_50_4_0
67_18_4_0,33_50_6_0
67_18_10,33_50_12
67_19_3,33_51_5_0
67_20_4,33_52_6_0
67_21_3,33_53_5_0
67_21_5,33_53_7_0
67_22_4,33_54_6_0
67_22_8,33_54_10_0
67_23_4,33_55_6_0
67_23_5,33_55_7_0
67_23_9_0,33_55_11_0
67_23_9_1,33_55_11_0
67_24_10,33_56_12_0
67_24_11,33_56_13_0
67_25_8,33_57_10_0
67_25_13,33_57_15_0
67_26_14,33_58_16
67_28_8,33_60_10_0
67_30_2,33_62_4_0
67_30_6,33_62_8_0
67_30_12,33_62_14_0
67_31_1,33_63_3_0
67_31_3_0,33_63_5_0
67_31_5_0,33_63_7_0
67_31_8_0,33_63_10_0
67_31_8_1,33_63_10_0
67_31_13_0,33_63_15_0
67_31_13_1,33_63_15_0
67_32_2,33_64_4_0
67_32_4,33_64_6_0
67_32_6,33_64_8_0
67_33_3,33_65_5_0
67_33_7,33_65_9_0
67_33_12,33_65_14_0
67_34_2,33_66_4
67_34_6,33_66_8_0
67_34_8,33_66_10_0
67_35_5,33_67_7_0
67_35_7,33_67_9_0
67_36_6,33_68_8_0
67_37_3,33_69_5_0
67_37_5,33_69_7_0
67_37_7_0,33_69_9_0
67_37_7_1,33_69_9_0
67_37_8_0,33_69_10_0
67_38_2,33_70_4_0
67_38_4_0,33_70_6_0
67_38_6_0,33_70_8_0
67_38_6_1,33_70_8_1
67_39_3,33_71_5_0
67_39_4,33_71_6_0
67_39_5,33_71_7_0
67_40_4_0,33_72_6_0
67_40_4_1,33_72_6_1
67_41_3,33_73_5
69_0_0,34_33_2
69_0_1,34_33_3_1
69_0_2,34_33_4_1
69_0_3,34_33_5_1
69_0_4,34_33_6
69_0_5,34_33_7_1
69_0_6,34_33_8
69_0_7,34_33_9
69_0_8,34_33_10
69_0_9,34_33_11
69_0_10,34_33_12_1
69_0_11,34_33_13_1
69_0_12,34_33_14_1
69_0_13,34_33_15_1
69_0_14,34_33_16_1
69_0_15,34_33_17_1
69_0_16,34_33_18
69_0_17,34_33_19
69_0_18,34_33_20
69_0_19,34_33_21
69_0_20,34_33_22
69_0_21,34_33_23
69_0_22,34_33_24
69_0_23,34_33_25
69_0_24,34_33_26
69_1_1,34_34_3_0
69_3_1,34_36_3
69_3_2,34_36_4
69_6_2,34_39_4_0
69_7_1,34_40_3
69_7_2,34_40_4_0
69_7_3,34_40_5_0
69_7_4,34_40_6_0
69_8_2,34_41_4_0
69_9_5,34_42_7_0
69_11_5,34_44_7
69_11_6,34_44_8
69_14_2,34_47_4
69_14_3,34_47_5_0
69_14_4,34_47_6_0
69_14_5,34_47_7_0
69_14_6,34_47_8_0
69_15_1,34_48_3
69_15_2,34_48_4_0
69_15_3,34_48_5_0
69_15_4,34_48_6_0
69_15_5_0,34_48_7_0
69_15_5_1,34_48_7_1
69_15_6,34_48_8_0
69_15_7,34_48_9_0
69_15_8,34_48_10
69_16_2,34_49_4_0
69_17_4,34_50_6_0
69_17_5,34_50_7
69_17_6,34_50_8
69_17_9,34_50_11
69_18_2,34_51_4
69_18_3,34_51_5_0
69_18_4_0,34_51_6_0
69_18_5,34_51_7_0
69_19_3,34_52_5_0
69_19_9,34_52_11_0
69_19_10,34_52_12
69_20_4,34_53_6_0
69_20_5,34_53_7_0
69_21_3,34_54_5_0
69_21_5,34_54_7
69_22_4,34_55_6
69_22_8,34_55_10
69_22_9,34_55_11_0
69_22_10,34_55_12_0
69_23_5,34_56_7
69_23_7,34_56_9_0
69_23_8,34_56_10_0
69_23_9_0,34_56_11_0
69_23_9_1,34_56_11_1
69_23_10,34_56_12_0
69_23_11,34_56_13_0
69_23_12,34_56_14
69_25_8,34_58_10
69_25_9,34_58_11
69_25_10,34_58_12
69_25_13,34_58_15
69_26_7,34_59_9_0
69_26_8,34_59_10_0
69_26_9,34_59_11_0
69_27_13,34_60_15_0
69_27_14,34_60_16
69_28_8,34_61_10_0
69_28_9,34_61_11_0
69_28_10,34_61_12_0
69_29_7,34_62_9_0
69_29_8,34_62_10_0
69_29_9,34_62_11_0
69_30_2,34_63_4
69_30_3,34_63_5_0
69_30_4,34_63_6_0
69_30_5,34_63_7_0
69_30_6,34_63_8_0
69_30_7,34_63_9_0
69_30_8,34_63_10_0
69_30_9,34_63_11_0
69_30_10,34_63_12
69_30_12,34_63_14
69_30_13,34_63_15_0
69_30_14,34_63_16_0
69_31_1,34_64_3
69_31_2,34_64_4_0
69_31_3_0,34_64_5_0
69_31_3_1,34_64_5_1
69_31_4,34_64_6_0
69_31_5_0,34_64_7_0
69_31_5_1,34_64_7_1
69_31_6,34_64_8_0
69_31_7,34_64_9_0
69_31_8_0,34_64_10_0
69_31_8_1,34_64_10_1
69_31_9_0,34_64_11_0
69_31_9_1,34_64_11_1
69_31_10_1,34_64_12
69_31_11,34_64_13_0
69_31_12,34_64_14_0
69_31_13_0,34_64_15_0
69_31_13_1,34_64_15_1
69_32_2,34_65_4_0
69_32_4,34_65_6_0
69_32_6,34_65_8_0
69_32_7,34_65_9_0
69_32_8,34_65_10_0
69_32_9,34_65_11_0
69_33_4,34_66_6_0
69_34_2,34_67_4
69_34_3,34_67_5_0
69_34_6,34_67_8_0
69_34_8,34_67_10_0
69_34_9,34_67_11_0
69_35_5,34_68_7_0
69_35_7,34_68_9_0
69_35_8,34_68_10_0
69_35_9,34_68_11_0
69_36_6,34_69_8_0
69_37_3,34_70_5_0
69_37_5,34_70_7_0
69_37_6,34_70_8_0
69_37_7_1,34_70_9_0
69_38_2,34_71_4
69_38_3,34_71_5_0
69_38_4_0,34_71_6_0
69_38_4_1,34_71_6_1
69_38_5,34_71_7_0
69_38_6_1,34_71_8
69_39_3,34_72_5_0
69_40_4_0,34_73_6_0
69_41_3,34_74_5
71_0_0,35_34_2_0
71_3_1,35_37_3_0
71_6_2,35_40_4_0
71_7_1,35_41_3_0
71_11_5,35_45_7_0
71_14_2,35_48_4_0
71_14_4,35_48_6_0
71_15_1,35_49_3_0
71_17_4,35_51_6_0
71_18_2,35_52_4_0
71_18_4_0,35_52_6_0
71_19_3,35_53_5_0
71_19_9,35_53_11_0
71_20_4,35_54_6_0
71_21_3,35_55_5
71_22_8,35_56_10_0
71_23_5,35_57_7_0
71_23_7,35_57_9_0
71_25_8,35_59_10_0
71_26_7,35_60_9_0
71_27_13,35_61_15
71_28_8,35_62_10_0
71_29_7,35_63_9_0
71_30_2,35_64_4_0
71_30_6,35_64_8_0
71_30_12,35_64_14_0
71_31_1,35_65_3_0
71_31_5_0,35_65_7_0
71_31_8_0,35_65_10_0
71_31_8_1,35_65_10_0
71_32_4,35_66_6_0
71_32_7,35_66_9
71_34_2,35_68_4_0
71_34_6,35_68_8_0
71_34_8,35_68_10_0
71_35_5,35_69_7_0
71_35_7,35_69_9_0
71_36_6,35_70_8_0
71_37_3,35_71_5_0
71_37_5,35_71_7_0
71_38_2,35_72_4_0
71_38_4_0,35_72_6
73_0_0,36_35_2
73_0_1,36_35_3
73_0_2,36_35_4
73_0_3,36_35_5_1
73_0_4,36_35_6
73_0_5,36_35_7_1
73_0_6,36_35_8_1
73_0_7,36_35_9_1
73_0_8,36_35_10
73_0_9,36_35_11
73_0_10,36_35_12
73_0_11,36_35_13
73_0_12,36_35_14
73_0_13,36_35_15
73_0_14,36_35_16
73_0_15,36_35_17_1
73_0_16,36_35_18_1
73_0_17,36_35_19_1
73_0_18,36_35_20
73_0_19,36_35_21
73_0_20,36_35_22
73_0_21,36_35_23
73_0_22,36_35_24
73_0_23,36_35_25
73_0_24,36_35_26
73_1_1,36_36_3
73_2_2,36_37_4
73_3_1,36_38_3_0
73_3_2,36_38_4_0
73_3_3,36_38_5_0
73_7_1,36_42_3
73_7_2,36_42_4_0
73_7_3,36_42_5_0
73_7_4,36_42_6_0
73_8_2,36_43_4_0
73_8_3,36_43_5
73_9_4,36_44_6_0
73_9_5,36_44_7
73_10_6,36_45_8
73_11_5,36_46_7_0
73_11_6,36_46_8_0
73_11_7,36_46_9
73_14_2,36_49_4_0
73_14_3,36_49_5_0
73_14_4,36_49_6_0
73_14_5,36_49_7
73_15_1,36_50_3
73_15_2,36_50_4_0
73_15_3,36_50_5
73_15_4,36_50_6_0
73_15_5_0,36_50_7_0
73_15_5_1,36_50_7_1
73_15_6,36_50_8_0
73_15_7,36_50_9_0
73_15_8,36_50_10_0
73_16_2,36_51_4
73_16_6,36_51_8_0
73_16_7,36_51_9_0
73_17_3,36_52_5_0
73_17_4,36_52_6_0
73_17_5,36_52_7
73_17_6,36_52_8_0
73_17_8,36_52_10_0
73_17_9,36_52_11_0
73_18_2,36_53_4_0
73_18_3,36_53_5_0
73_18_4_0,36_53_6_0
73_18_4_1,36_53_6_1
73_18_10,36_53_12_0
73_19_3,36_54_5
73_19_9,36_54_11_0
73_19_10,36_54_12_0
73_19_11,36_54_13_0
73_20_4,36_55_6
73_20_5,36_55_7_0
73_22_8,36_57_10_0
73_22_9,36_57_11_0
73_23_4,36_58_6_0
73_23_5,36_58_7_0
73_23_7,36_58_9
73_23_8,36_58_10_0
73_23_9_0,36_58_11_0
73_23_9_1,36_58_11_1
73_23_10,36_58_12_0
73_23_11,36_58_13_0
73_23_12,36_58_14_0
73_24_5,36_59_7
73_24_10,36_59_12_0
73_24_11,36_59_13_0
73_25_8,36_60_10_0
73_25_9,36_60_11_0
73_25_10,36_60_12_0
73_25_12,36_60_14_0
73_25_13,36_60_15_0
73_26_7,36_61_9_0
73_26_8,36_61_10_0
73_26_9,36_61_11_0
73_26_14,36_61_16
73_27_13,36_62_15_0
73_27_14,36_62_16_0
73_28_8,36_63_10_0
73_28_9,36_63_11_0
73_29_7,36_64_9_0
73_29_8,36_64_10_0
73_30_2,36_65_4_0
73_30_3,36_65_5_0
73_30_4,36_65_6_0
73_30_5,36_65_7_0
73_30_6,36_65_8_0
73_30_7,36_65_9_0
73_30_8,36_65_10_0
73_30_9,36_65_11_0
73_30_10,36_65_12_0
73_30_11,36_65_13_0
73_30_12,36_65_14_0
73_31_1,36_66_3
73_31_2,36_66_4_0
73_31_3_0,36_66_5_0
73_31_3_1,36_66_5_1
73_31_4,36_66_6_0
73_31_5_0,36_66_7_0
73_31_5_1,36_66_7_1
73_31_6,36_66_8_0
73_31_7,36_66_9
73_31_8_0,36_66_10_0
73_31_8_1,36_66_10_1
73_31_9_0,36_66_11_0
73_31_9_1,36_66_11_1
73_31_10_1,36_66_12_0
73_31_11,36_66_13
73_32_2,36_67_4
73_32_4,36_67_6_0
73_32_6,36_67_8_0
73_32_7,36_67_9_0
73_32_8,36_67_10_0
73_33_3,36_68_5_0
73_33_4,36_68_6_0
73_33_5,36_68_7_0
73_33_7,36_68_9_0
73_34_2,36_69_4_0
73_34_3,36_69_5_0
73_34_4,36_69_6_0
73_34_8,36_69_10_0
73_35_5,36_70_7_0
73_35_7,36_70_9_0
73_36_6,36_71_8
73_37_5,36_72_7_0
73_38_2,36_73_4
73_38_3,36_73_5_0
73_38_4_0,36_73_6_0
73_38_4_1,36_73_6_1
73_39_3,36_74_5_0
75_0_0,37_36_2
75_1_1,37_37_3_0
75_2_2,37_38_4_0
75_3_1,37_39_3_0
75_7_1,37_43_3
75_8_2,37_44_4_0
75_8_3,37_44_5_0
75_9_4,37_45_6_0
75_9_5,37_45_7_0
75_10_6,37_46_8_0
75_14_2,37_50_4_0
75_14_4,37_50_6_0
75_15_1,37_51_3
75_15_5_0,37_51_7_0
75_15_5_1,37_51_7_0
75_16_2,37_52_4_0
75_16_7,37_52_9
75_17_3,37_53_5_0
75_17_8,37_53_10_0
75_17_9,37_53_11_0
75_18_2,37_54_4
75_18_10,37_54_12_0
75_20_4,37_56_6
75_22_8,37_58_10
75_23_4,37_59_6
75_23_7,37_59_9
75_23_9_0,37_59_11_0
75_23_9_1,37_59_11_0
75_24_11,37_60_13_0
75_25_8,37_61_10_0
75_25_12,37_61_14_0
75_25_13,37_61_15
75_26_7,37_62_9_0
75_29_7,37_65_9_0
75_30_2,37_66_4
75_30_6,37_66_8_0
75_31_1,37_67_3
75_31_3_0,37_67_5_0
75_31_5_0,37_67_7_0
75_32_2,37_68_4_0
75_32_4,37_68_6_0
75_32_6,37_68_8_0
75_32_7,37_68_9_0
75_33_3,37_69_5_0
75_34_2,37_70_4_0
75_38_2,37_74_4
77_0_0,38_37_2
77_0_1,38_37_3_1
77_0_2,38_37_4
77_0_3,38_37_5_1
77_0_4,38_37_6_1
77_0_5,38_37_7_2
77_0_6,38_37_8_2
77_0_7,38_37_9_1
77_0_8,38_37_10_1
77_0_9,38_37_11_1
77_0_10,38_37_12_1
77_0_11,38_37_13_1
77_0_12,38_37_14
77_0_13,38_37_15
77_0_14,38_37_16
77_0_15,38_37_17
77_0_16,38_37_18
77_0_17,38_37_19
77_0_18,38_37_20
77_0_19,38_37_21
77_0_20,38_37_22
77_0_21,38_37_23
77_0_22,38_37_24
77_0_23,38_37_25
77_0_24,38_37_26
77_1_1,38_38_3_0
77_3_1,38_40_3
77_3_2,38_40_4_0
77_6_2,38_43_4
77_7_1,38_44_3
77_7_2,38_44_4_0
77_7_3,38_44_5_0
77_7_4,38_44_6_0
77_8_2,38_45_4_0
77_8_3,38_45_5_0
77_9_5,38_46_7_0
77_11_5,38_48_7_0
77_11_6,38_48_8_0
77_14_2,38_51_4
77_14_3,38_51_5_0
77_14_4,38_51_6_0
77_14_5,38_51_7_0
77_14_6,38_51_8_0
77_15_1,38_52_3
77_15_2,38_52_4_0
77_15_3,38_52_5_0
77_15_4,38_52_6_0
77_15_5_1,38_52_7
77_15_6,38_52_8_0
77_15_7,38_52_9
77_15_8,38_52_10
77_16_2,38_53_4
77_16_7,38_53_9_0
77_17_4,38_54_6_0
77_17_5,38_54_7_0
77_17_6,38_54_8_0
77_17_9,38_54_11_0
77_18_2,38_55_4
77_18_3,38_55_5_0
77_18_4_0,38_55_6
77_19_9,38_56_11_0
77_19_10,38_56_12_0
77_20_4,38_57_6_0
77_20_5,38_57_7_0
77_20_6,38_57_8_0
77_21_3,38_58_5_0
77_22_8,38_59_10_0
77_22_9,38_59_11_0
77_22_10,38_59_12_0
77_23_5,38_60_7_0
77_23_6,38_60_8_0
77_23_7,38_60_9_0
77_23_8,38_60_10_0
77_23_9_1,38_60_11_0
77_23_10,38_60_12_0
77_23_11,38_60_13_0
77_23_12,38_60_14_0
77_24_11,38_61_13_0
77_25_8,38_62_10_0
77_25_9,38_62_11_0
77_25_10,38_62_12_0
77_26_6,38_63_8_0
77_26_7,38_63_9_0
77_26_8,38_63_10_0
77_27_13,38_64_15_0
77_28_8,38_65_10_0
77_28_9,38_65_11_0
77_28_10,38_65_12_0
77_29_7,38_66_9
77_29_8,38_66_10_0
77_30_2,38_67_4
77_30_3,38_67_5_0
77_30_4,38_67_6_0
77_30_5,38_67_7_0
77_30_6,38_67_8_0
77_30_7,38_67_9_0
77_30_8,38_67_10_0
77_30_9,38_67_11_0
77_30_10,38_67_12_0
77_31_1,38_68_3
77_31_2,38_68_4_0
77_31_3_1,38_68_5_0
77_31_4,38_68_6_0
77_31_5_1,38_68_7_0
77_31_6,38_68_8_0
77_31_7,38_68_9_0
77_31_8_0,38_68_10_0
77_31_8_1,38_68_10_1
77_31_9_0,38_68_11_0
77_31_9_1,38_68_11_1
77_32_2,38_69_4
77_32_4,38_69_6_0
77_32_6,38_69_8_0
77_32_7,38_69_9_0
77_32_8,38_69_10_0
77_33_4,38_70_6_0
77_34_2,38_71_4
77_34_3,38_71_5_0
77_37_3,38_74_5
77_38_2,38_75_4
79_0_0,39_38_2_0
79_7_1,39_45_3_0
79_14_2,39_52_4
79_15_1,39_53_3
79_23_7,39_61_9_0
79_30_2,39_68_4_0
79_30_6,39_68_8_0
79_31_1,39_69_3
79_32_4,39_70_6_0
79_33_4,39_71_6_0
81_0_0,40_39_2
81_0_1,40_39_3_1
81_0_2,40_39_4_1
81_0_3,40_39_5_1
81_0_4,40_39_6
81_0_5,40_39_7_1
81_0_6,40_39_8
81_0_7,40_39_9_1
81_0_8,40_39_10
81_0_9,40_39_11
81_0_10,40_39_12_1
81_0_11,40_39_13_1
81_0_12,40_39_14_1
81_0_13,40_39_15_1
81_0_14,40_39_16_1
81_0_15,40_39_17_2
81_0_16,40_39_18_1
81_0_17,40_39_19_1
81_0_18,40_39_20_1
81_0_19,40_39_21
81_0_20,40_39_22
81_0_21,40_39_23
81_0_22,40_39_24
81_0_23,40_39_25
81_0_24,40_39_26
81_1_1,40_40_3
81_2_2,40_41_4_0
81_3_1,40_42_3_0
81_3_2,40_42_4_0
81_3_3,40_42_5
81_6_2,40_45_4_0
81_7_1,40_46_3_0
81_7_2,40_46_4_0
81_7_3,40_46_5_0
81_7_4,40_46_6_0
81_8_2,40_47_4_0
81_8_3,40_47_5_0
81_9_3,40_48_5_0
81_9_4,40_48_6_0
81_9_5,40_48_7_0
81_10_6,40_49_8
81_11_5,40_50_7_0
81_11_6,40_50_8_0
81_11_7,40_50_9
81_14_2,40_53_4
81_14_4,40_53_6_0
81_14_5,40_53_7_0
81_14_6,40_53_8
81_15_1,40_54_3
81_15_2,40_54_4
81_15_3,40_54_5_0
81_15_4,40_54_6_0
81_15_5_0,40_54_7_0
81_15_5_1,40_54_7_1
81_15_6,40_54_8_0
81_15_7,40_54_9_0
81_15_8,40_54_10_0
81_16_2,40_55_4
81_16_6,40_55_8_0
81_16_7,40_55_9
81_17_3,40_56_5_0
81_17_4,40_56_6_0
81_17_5,40_56_7_0
81_17_6,40_56_8_0
81_17_7,40_56_9_0
81_17_8,40_56_10_0
81_17_9,40_56_11_0
81_18_2,40_57_4_0
81_18_3,40_57_5_0
81_18_4_0,40_57_6_0
81_18_4_1,40_57_6_1
81_18_5,40_57_7_0
81_18_10,40_57_12_0
81_19_3,40_58_5
81_19_9,40_58_11_0
81_19_10,40_58_12_0
81_19_11,40_58_13
81_20_4,40_59_6_0
81_20_5,40_59_7_0
81_20_6,40_59_8
81_21_5,40_60_7_0
81_22_4,40_61_6_0
81_22_8,40_61_10_0
81_22_9,40_61_11_0
81_22_10,40_61_12_0
81_23_4,40_62_6_0
81_23_5,40_62_7_0
81_23_6,40_62_8_0
81_23_7,40_62_9_0
81_23_8,40_62_10_0
81_23_9_0,40_62_11_0
81_23_9_1,40_62_11_1
81_23_10,40_62_12_0
81_23_11,40_62_13_0
81_24_5,40_63_7_0
81_24_10,40_63_12_0
81_24_11,40_63_13
81_25_8,40_64_10_0
81_25_9,40_64_11_0
81_25_10,40_64_12_0
81_25_11,40_64_13_0
81_25_12,40_64_14_0
81_25_13,40_64_15_0
81_26_6,40_65_8_0
81_26_7,40_65_9_0
81_26_8,40_65_10_0
81_26_9,40_65_11_0
81_28_8,40_67_10_0
81_28_9,40_67_11_0
81_28_10,40_67_12_0
81_29_7,40_68_9_0
81_29_8,40_68_10_0
81_29_9,40_68_11_0
81_30_2,40_69_4_0
81_30_3,40_69_5_0
81_30_4,40_69_6_0
81_30_5,40_69_7_0
81_30_6,40_69_8_0
81_30_7,40_69_9_0
81_30_8,40_69_10_0
81_31_1,40_70_3
81_31_2,40_70_4_0
81_31_3_0,40_70_5_0
81_31_3_1,40_70_5_1
81_31_4,40_70_6_0
81_31_5_0,40_70_7_0
81_31_5_1,40_70_7_1
81_31_6,40_70_8_0
81_31_7,40_70_9_0
81_32_2,40_71_4
81_32_4,40_71_6_0
81_32_6,40_71_8_0
81_33_3,40_72_5_0
81_33_4,40_72_6_0
81_33_5,40_72_7_0
81_34_2,40_73_4_0
81_34_3,40_73_5_0
81_34_4,40_73_6_0
83_0_0,41_40_2
83_1_1,41_41_3_0
83_2_2,41_42_4
83_3_1,41_43_3
83_6_2,41_46_4_0
83_7_1,41_47_3_0
83_8_2,41_48_4_0
83_8_3,41_48_5_0
83_9_3,41_49_5_0
83_9_5,41_49_7
83_10_6,41_50_8
83_14_4,41_54_6_0
83_15_1,41_55_3
83_15_5_0,41_55_7_0
83_15_5_1,41_55_7_0
83_16_2,41_56_4_0
83_16_6,41_56_8
83_16_7,41_56_9_0
83_17_3,41_57_5_0
83_17_4,41_57_6
83_17_9,41_57_11_0
83_18_2,41_58_4_0
83_18_4_0,41_58_6_0
83_18_10,41_58_12
83_19_3,41_59_5_0
83_20_4,41_60_6_0
83_21_5,41_61_7_0
83_22_4,41_62_6_0
83_22_8,41_62_10_0
83_23_4,41_63_6_0
83_23_5,41_63_7_0
83_23_9_0,41_63_11_0
83_23_9_1,41_63_11_0
83_24_10,41_64_12
83_24_11,41_64_13
83_25_8,41_65_10_0
83_28_8,41_68_10_0
83_30_2,41_70_4_0
83_30_6,41_70_8_0
83_31_1,41_71_3
83_31_3_0,41_71_5_0
83_31_5_0,41_71_7_0
83_32_2,41_72_4_0
83_32_4,41_72_6
83_33_3,41_73_5
83_34_2,41_74_4
85_0_0,42_41_2
85_0_1,42_41_3_1
85_0_2,42_41_4_1
85_0_3,42_41_5_1
85_0_4,42_41_6
85_0_5,42_41_7_1
85_0_6,42_41_8
85_0_7,42_41_9
85_0_8,42_41_10_1
85_0_9,42_41_11_1
85_0_10,42_41_12
85_0_11,42_41_13
85_0_12,42_41_14
85_0_13,42_41_15
85_0_14,42_41_16_1
85_0_15,42_41_17_1
85_0_16,42_41_18_1
85_0_17,42_41_19_1
85_0_18,42_41_20_1
85_0_19,42_41_21_1
85_0_20,42_41_22
85_0_21,42_41_23
85_0_22,42_41_24
85_0_23,42_41_25
85_0_24,42_41_26
85_1_1,42_42_3
85_3_1,42_44_3
85_3_2,42_44_4_0
85_6_2,42_47_4
85_7_1,42_48_3
85_7_2,42_48_4_0
85_7_3,42_48_5_0
85_7_4,42_48_6_0
85_8_2,42_49_4
85_9_5,42_50_7
85_11_5,42_52_7
85_11_6,42_52_8_0
85_14_2,42_55_4
85_14_3,42_55_5
85_14_4,42_55_6
85_14_5,42_55_7_0
85_14_6,42_55_8
85_15_1,42_56_3
85_15_2,42_56_4_0
85_15_3,42_56_5_0
85_15_4,42_56_6_0
85_15_5_0,42_56_7_0
85_15_5_1,42_56_7_1
85_15_6,42_56_8
85_15_7,42_56_9_0
85_15_8,42_56_10_0
85_16_2,42_57_4_0
85_17_4,42_58_6_0
85_17_5,42_58_7_0
85_17_6,42_58_8_0
85_17_9,42_58_11
85_18_2,42_59_4
85_18_3,42_59_5_0
85_18_4_0,42_59_6_0
85_18_5,42_59_7
85_19_3,42_60_5
85_19_9,42_60_11_0
85_19_10,42_60_12_0
85_20_4,42_61_6_0
85_20_5,42_61_7_0
85_20_6,42_61_8_0
85_21_3,42_62_5_0
85_21_5,42_62_7_0
85_22_4,42_63_6_0
85_22_8,42_63_10_0
85_22_9,42_63_11_0
85_22_10,42_63_12
85_23_5,42_64_7_0
85_23_7,42_64_9_0
85_23_8,42_64_10_0
85_23_9_0,42_64_11_0
85_23_9_1,42_64_11_1
85_23_10,42_64_12
85_23_11,42_64_13
85_23_12,42_64_14_0
85_25_8,42_66_10_0
85_25_9,42_66_11_0
85_25_10,42_66_12_0
85_26_7,42_67_9_0
85_26_8,42_67_10_0
85_26_9,42_67_11_0
85_28_8,42_69_10_0
85_29_7,42_70_9_0
85_30_2,42_71_4
85_30_3,42_71_5_0
85_30_4,42_71_6_0
85_30_5,42_71_7_0
85_30_6,42_71_8_0
85_31_1,42_72_3
85_31_2,42_72_4_0
85_31_3_0,42_72_5_0
85_31_3_1,42_72_5_1
85_31_4,42_72_6
85_31_5_0,42_72_7_0
85_31_5_1,42_72_7_1
85_32_2,42_73_4
85_32_4,42_73_6
85_34_2,42_75_4
87_0_0,43_42_2
87_3_1,43_45_3_0
87_6_2,43_48_4_0
87_7_1,43_49_3
87_11_5,43_53_7_0
87_14_4,43_56_6
87_15_1,43_57_3
87_17_4,43_59_6
87_18_2,43_60_4
87_18_4_0,43_60_6
87_19_3,43_61_5_0
87_19_9,43_61_11_0
87_20_4,43_62_6_0
87_22_4,43_64_6_0
87_22_8,43_64_10_0
87_23_5,43_65_7_0
87_23_7,43_65_9_0
87_25_8,43_67_10_0
87_26_7,43_68_9_0
87_30_2,43_72_4
87_31_1,43_73_3
89_0_0,44_43_2
89_0_1,44_43_3
89_0_2,44_43_4
89_0_3,44_43_5
89_0_4,44_43_6
89_0_5,44_43_7
89_0_6,44_43_8
89_0_7,44_43_9
89_0_8,44_43_10
89_0_9,44_43_11_1
89_0_10,44_43_12_1
89_0_11,44_43_13_1
89_0_12,44_43_14
89_0_13,44_43_15
89_0_14,44_43_16
89_0_15,44_43_17
89_0_16,44_43_18
89_0_17,44_43_19
89_0_18,44_43_20
89_0_19,44_43_21_1
89_0_20,44_43_22_1
89_0_21,44_43_23_1
89_0_22,44_43_24
89_0_23,44_43_25
89_0_24,44_43_26
89_1_1,44_44_3
89_2_2,44_45_4_0
89_3_1,44_46_3_0
89_3_2,44_46_4_0
89_3_3,44_46_5
89_7_1,44_50_3
89_7_2,44_50_4_0
89_7_3,44_50_5_0
89_7_4,44_50_6_0
89_8_2,44_51_4_0
89_8_3,44_51_5_0
89_9_4,44_52_6_0
89_9_5,44_52_7
89_10_6,44_53_8
89_11_5,44_54_7_0
89_11_6,44_54_8_0
89_11_7,44_54_9_0
89_14_2,44_57_4_0
89_14_3,44_57_5_0
89_14_4,44_57_6
89_14_5,44_57_7_0
89_15_1,44_58_3
89_15_2,44_58_4_0
89_15_3,44_58_5
89_15_4,44_58_6_0
89_15_5_0,44_58_7_0
89_15_5_1,44_58_7_1
89_15_6,44_58_8_0
89_15_7,44_58_9_0
89_15_8,44_58_10
89_16_2,44_59_4
89_16_6,44_59_8_0
89_16_7,44_59_9
89_17_3,44_60_5
89_17_4,44_60_6
89_17_5,44_60_7_0
89_17_6,44_60_8_0
89_17_8,44_60_10_0
89_17_9,44_60_11_0
89_18_2,44_61_4_0
89_18_3,44_61_5_0
89_18_4_0,44_61_6_0
89_18_4_1,44_61_6_1
89_18_5,44_61_7_0
89_18_10,44_61_12_0
89_19_3,44_62_5_0
89_19_9,44_62_11_0
89_19_10,44_62_12_0
89_20_4,44_63_6_0
89_20_5,44_63_7_0
89_22_8,44_65_10_0
89_22_9,44_65_11_0
89_23_4,44_66_6_0
89_23_5,44_66_7_0
89_23_7,44_66_9
89_23_8,44_66_10_0
89_23_9_0,44_66_11_0
89_23_9_1,44_66_11_1
89_23_10,44_66_12_0
89_23_11,44_66_13_0
89_24_5,44_67_7_0
89_24_10,44_67_12_0
89_25_8,44_68_10_0
89_25_9,44_68_11_0
89_26_7,44_69_9_0
89_26_8,44_69_10_0
89_30_2,44_73_4
89_30_3,44_73_5
89_30_4,44_73_6
89_31_1,44_74_3
89_31_2,44_74_4_0
89_31_3_0,44_74_5_0
89_31_3_1,44_74_5_1
89_32_2,44_75_4
91_0_0,45_44_2
91_1_1,45_45_3_0
91_2_2,45_46_4
91_3_1,45_47_3
91_7_1,45_51_3
91_8_2,45_52_4
91_8_3,45_52_5_0
91_9_4,45_53_6
91_9_5,45_53_7_0
91_10_6,45_54_8_0
91_14_2,45_58_4
91_14_4,45_58_6_0
91_15_1,45_59_3
91_15_5_0,45_59_7
91_15_5_1,45_59_7
91_16_2,45_60_4
91_16_7,45_60_9_0
91_17_3,45_61_5_0
91_17_4,45_61_6_0
91_17_8,45_61_10_0
91_17_9,45_61_11_0
91_18_2,45_62_4_0
91_19_3,45_63_5
91_20_4,45_64_6_0
91_22_8,45_66_10_0
91_23_4,45_67_6_0
91_23_7,45_67_9_0
91_23_9_0,45_67_11_0
91_23_9_1,45_67_11_0
91_24_5,45_68_7_0
91_26_7,45_70_9_0
91_30_2,45_74_4
91_31_1,45_75_3
93_0_0,46_45_2
93_0_1,46_45_3_1
93_0_2,46_45_4_1
93_0_3,46_45_5_2
93_0_4,46_45_6_1
93_0_5,46_45_7_1
93_0_6,46_45_8
93_0_7,46_45_9_1
93_0_8,46_45_10
93_0_9,46_45_11
93_0_10,46_45_12_1
93_0_11,46_45_13
93_0_12,46_45_14
93_0_13,46_45_15_1
93_0_14,46_45_16_1
93_0_15,46_45_17_1
93_0_16,46_45_18
93_0_17,46_45_19
93_0_18,46_45_20
93_0_19,46_45_21
93_0_20,46_45_22
93_0_21,46_45_23
93_0_22,46_45_24
93_0_23,46_45_25
93_0_24,46_45_26
93_1_1,46_46_3
93_3_1,46_48_3
93_3_2,46_48_4_0
93_6_2,46_51_4
93_7_1,46_52_3
93_7_2,46_52_4
93_7_3,46_52_5_0
93_7_4,46_52_6_0
93_8_3,46_53_5_0
93_9_5,46_54_7
93_11_5,46_56_7
93_11_6,46_56_8
93_14_2,46_59_4
93_14_3,46_59_5
93_14_4,46_59_6
93_14_5,46_59_7
93_14_6,46_59_8
93_15_1,46_60_3
93_15_2,46_60_4
93_15_3,46_60_5
93_15_4,46_60_6
93_15_5_1,46_60_7_0
93_15_6,46_60_8_0
93_15_7,46_60_9_0
93_15_8,46_60_10_0
93_16_2,46_61_4_0
93_16_7,46_61_9_0
93_17_4,46_62_6_0
93_17_5,46_62_7_0
93_17_6,46_62_8_0
93_18_2,46_63_4
93_18_3,46_63_5_0
93_18_4_0,46_63_6_0
93_19_3,46_64_5_0
93_19_9,46_64_11
93_19_10,46_64_12
93_20_4,46_65_6_0
93_20_5,46_65_7_0
93_20_6,46_65_8_0
93_21_3,46_66_5_0
93_22_8,46_67_10_0
93_22_9,46_67_11_0
93_22_10,46_67_12_0
93_23_4,46_68_6_0
93_23_5,46_68_7_0
93_23_6,46_68_8_0
93_23_7,46_68_9_0
93_23_8,46_68_10_0
93_23_9_1,46_68_11_0
93_26_6,46_71_8
93_30_2,46_75_4
93_31_1,46_76_3
95_0_0,47_46_2
95_15_1,47_61_3
97_0_0,48_47_2
97_0_1,48_47_3
97_0_2,48_47_4
97_0_3,48_47_5_1
97_0_4,48_47_6_1
97_0_5,48_47_7_1
97_0_6,48_47_8_2
97_0_7,48_47_9
97_0_8,48_47_10_1
97_0_9,48_47_11
97_0_10,48_47_12
97_0_11,48_47_13_2
97_0_12,48_47_14_1
97_0_13,48_47_15_1
97_0_14,48_47_16_2
97_0_15,48_47_17_2
97_0_16,48_47_18_2
97_0_17,48_47_19_1
97_0_18,48_47_20_1
97_0_19,48_47_21_2
97_0_20,48_47_22_1
97_0_21,48_47_23_1
97_0_22,48_47_24_1
97_0_23,48_47_25
97_0_24,48_47_26
97_1_1,48_48_3
97_2_2,48_49_4
97_3_1,48_50_3_0
97_3_2,48_50_4_0
97_3_3,48_50_5
97_6_2,48_53_4
97_7_1,48_54_3_0
97_7_2,48_54_4_0
97_7_3,48_54_5_0
97_7_4,48_54_6_0
97_8_2,48_55_4_0
97_8_3,48_55_5
97_9_3,48_56_5_0
97_9_4,48_56_6_0
97_9_5,48_56_7
97_10_6,48_57_8_0
97_11_5,48_58_7_0
97_11_6,48_58_8_0
97_11_7,48_58_9
97_14_2,48_61_4_0
97_14_3,48_61_5_0
97_14_4,48_61_6_0
97_14_5,48_61_7_0
97_14_6,48_61_8_0
97_15_1,48_62_3_0
97_15_2,48_62_4_0
97_15_3,48_62_5_0
97_15_4,48_62_6_0
97_15_5_0,48_62_7_0
97_15_5_1,48_62_7_1
97_15_6,48_62_8_0
97_15_7,48_62_9_0
97_16_2,48_63_4
97_16_6,48_63_8_0
97_16_7,48_63_9_0
97_17_3,48_64_5_0
97_17_4,48_64_6_0
97_17_5,48_64_7_0
97_17_6,48_64_8_0
97_17_7,48_64_9_0
97_17_8,48_64_10_0
97_17_9,48_64_11
97_18_2,48_65_4_0
97_18_3,48_65_5_0
97_18_4_0,48_65_6_0
97_18_4_1,48_65_6_1
97_18_5,48_65_7_0
97_18_10,48_65_12_0
97_19_3,48_66_5
97_19_9,48_66_11_0
97_19_10,48_66_12_0
97_19_11,48_66_13
97_20_4,48_67_6_0
97_20_5,48_67_7_0
97_20_6,48_67_8_0
97_21_3,48_68_5_0
97_21_5,48_68_7_0
97_22_4,48_69_6_0
97_22_8,48_69_10_0
97_23_4,48_70_6_0
97_23_5,48_70_7_0
97_23_6,48_70_8_0
97_23_7,48_70_9_0
97_24_5,48_71_7_0
99_0_0,49_48_2
99_1_1,49_49_3
99_2_2,49_50_4_0
99_3_1,49_51_3
99_6_2,49_54_4_0
99_7_1,49_55_3_0
99_8_2,49_56_4_0
99_8_3,49_56_5
99_9_3,49_57_5
99_9_5,49_57_7_0
99_10_6,49_58_8_0
99_14_2,49_62_4_0
99_14_4,49_62_6_0
99_15_1,49_63_3_0
99_15_5_0,49_63_7_0
99_15_5_1,49_63_7_0
99_16_2,49_64_4_0
99_16_6,49_64_8_0
99_16_7,49_64_9_0
99_17_3,49_65_5_0
99_17_4,49_65_6_0
99_17_9,49_65_11_0
99_18_2,49_66_4_0
99_18_4_0,49_66_6_0
99_18_10,49_66_12_0
99_19_3,49_67_5_0
99_20_4,49_68_6_0
99_21_3,49_69_5_0
99_21_5,49_69_7_0
99_22_4,49_70_6_0
99_23_4,49_71_6_0
101_0_0,50_49_2
101_0_1,50_49_3
101_0_2,50_49_4
101_0_3,50_49_5_1
101_0_4,50_49_6_1
101_0_5,50_49_7
101_0_6,50_49_8
101_0_7,50_49_9
101_0_8,50_49_10
101_0_9,50_49_11_1
101_0_10,50_49_12
101_0_11,50_49_13
101_0_12,50_49_14_1
101_0_13,50_49_15_1
101_0_14,50_49_16
101_0_15,50_49_17
101_0_16,50_49_18
101_0_17,50_49_19
101_0_18,50_49_20_1
101_0_19,50_49_21_1
101_0_20,50_49_22_1
101_0_21,50_49_23_1
101_0_22,50_49_24_1
101_0_23,50_49_25_1
101_0_24,50_49_26
101_1_1,50_50_3
101_3_1,50_52_3
101_3_2,50_52_4
101_6_2,50_55_4
101_7_1,50_56_3
101_7_2,50_56_4_0
101_7_3,50_56_5
101_7_4,50_56_6
101_8_2,50_57_4
101_9_5,50_58_7_0
101_11_5,50_60_7_0
101_11_6,50_60_8_0
101_14_2,50_63_4
101_14_3,50_63_5
101_14_4,50_63_6_0
101_14_5,50_63_7_0
101_14_6,50_63_8_0
101_15_1,50_64_3
101_15_2,50_64_4_0
101_15_3,50_64_5_0
101_15_4,50_64_6_0
101_15_5_0,50_64_7_0
101_15_5_1,50_64_7_1
101_15_6,50_64_8_0
101_15_7,50_64_9_0
101_15_8,50_64_10_0
101_16_2,50_65_4_0
101_17_4,50_66_6_0
101_17_5,50_66_7_0
101_17_6,50_66_8_0
101_17_9,50_66_11_0
101_18_2,50_67_4
101_18_3,50_67_5_0
101_18_4_0,50_67_6_0
101_18_5,50_67_7_0
101_19_3,50_68_5_0
101_19_9,50_68_11_0
101_20_4,50_69_6_0
101_20_5,50_69_7_0
101_21_3,50_70_5_0
101_21_5,50_70_7_0
101_23_5,50_72_7
103_0_0,51_50_2
103_3_1,51_53_3
103_6_2,51_56_4
103_7_1,51_57_3
103_11_5,51_61_7_0
103_14_2,51_64_4_0
103_14_4,51_64_6_0
103_15_1,51_65_3_0
103_17_4,51_67_6_0
103_18_2,51_68_4_0
103_18_4_0,51_68_6_0
103_19_3,51_69_5_0
103_20_4,51_70_6_0
105_0_0,52_51_2
105_0_1,52_51_3
105_0_2,52_51_4
105_0_3,52_51_5_1
105_0_4,52_51_6_1
105_0_5,52_51_7_1
105_0_6,52_51_8_1
105_0_7,52_51_9_1
105_0_8,52_51_10
105_0_9,52_51_11
105_0_10,52_51_12_1
105_0_11,52_51_13
105_0_12,52_51_14
105_0_13,52_51_15_1
105_0_14,52_51_16_1
105_0_15,52_51_17_1
105_0_16,52_51_18
105_0_17,52_51_19
105_0_18,52_51_20
105_0_19,52_51_21
105_0_20,52_51_22
105_0_21,52_51_23
105_0_22,52_51_24
105_0_23,52_51_25_1
105_0_24,52_51_26_1
105_1_1,52_52_3
105_2_2,52_53_4
105_3_1,52_54_3_0
105_3_2,52_54_4_0
105_3_3,52_54_5
105_7_1,52_58_3
105_7_2,52_58_4_0
105_7_3,52_58_5_0
105_7_4,52_58_6_0
105_8_2,52_59_4_0
105_8_3,52_59_5
105_9_4,52_60_6_0
105_9_5,52_60_7_0
105_10_6,52_61_8_0
105_11_5,52_62_7_0
105_11_6,52_62_8_0
105_14_2,52_65_4_0
105_14_3,52_65_5_0
105_14_4,52_65_6_0
105_14_5,52_65_7_0
105_15_1,52_66_3
105_15_2,52_66_4_0
105_15_3,52_66_5
105_15_4,52_66_6_0
105_15_5_0,52_66_7_0
105_15_5_1,52_66_7_1
105_15_6,52_66_8_0
105_15_7,52_66_9_0
105_15_8,52_66_10_0
105_16_2,52_67_4
105_16_6,52_67_8_0
105_16_7,52_67_9_0
105_17_3,52_68_5_0
105_17_4,52_68_6_0
105_17_5,52_68_7_0
105_17_6,52_68_8_0
105_17_8,52_68_10_0
105_17_9,52_68_11_0
105_18_2,52_69_4_0
105_18_3,52_69_5_0
105_18_4_0,52_69_6_0
105_20_4,52_71_6_0
105_20_5,52_71_7_0
107_0_0,53_52_2
107_1_1,53_53_3
107_2_2,53_54_4
107_3_1,53_55_3
107_7_1,53_59_3
107_8_2,53_60_4
107_8_3,53_60_5
107_9_4,53_61_6_0
107_9_5,53_61_7_0
107_14_2,53_66_4
107_14_4,53_66_6_0
107_15_1,53_67_3
107_15_5_0,53_67_7_0
107_15_5_1,53_67_7_0
107_16_2,53_68_4_0
107_16_7,53_68_9_0
107_17_8,53_69_10_0
107_20_4,53_72_6_0
109_0_0,54_53_2
109_0_1,54_53_3
109_0_2,54_53_4
109_0_3,54_53_5_1
109_0_4,54_53_6
109_0_5,54_53_7_1
109_0_6,54_53_8
109_0_7,54_53_9_1
109_0_8,54_53_10_1
109_0_9,54_53_11_1
109_0_10,54_53_12_1
109_0_11,54_53_13_2
109_0_12,54_53_14_1
109_0_13,54_53_15_1
109_0_14,54_53_16_2
109_0_15,54_53_17_1
109_0_16,54_53_18_1
109_0_17,54_53_19_1
109_0_18,54_53_20_1
109_0_19,54_53_21_1
109_0_20,54_53_22
109_0_21,54_53_23
109_0_22,54_53_24
109_0_23,54_53_25
109_0_24,54_53_26
109_1_1,54_54_3
109_3_1,54_56_3
109_3_2,54_56_4
109_6_2,54_59_4
109_7_1,54_60_3
109_7_2,54_60_4
109_7_3,54_60_5
109_7_4,54_60_6
109_8_2,54_61_4_0
109_8_3,54_61_5
109_11_5,54_64_7_0
109_11_6,54_64_8_0
109_14_2,54_67_4
109_14_3,54_67_5_0
109_14_4,54_67_6_0
109_14_5,54_67_7_0
109_14_6,54_67_8_0
109_15_1,54_68_3
109_15_2,54_68_4_0
109_15_3,54_68_5_0
109_15_4,54_68_6_0
109_15_5_1,54_68_7_0
109_15_6,54_68_8_0
109_15_7,54_68_9_0
109_15_8,54_68_10_0
109_16_7,54_69_9_0
109_17_4,54_70_6_0
109_17_5,54_70_7_0
109_17_6,54_70_8_0
109_18_2,54_71_4_0
109_18_3,54_71_5_0
109_18_4_0,54_71_6_0
109_20_4,54_73_6_0
109_21_3,54_74_5_0
111_0_0,55_54_2
111_7_1,55_61_3
113_0_0,56_55_2
113_0_1,56_55_3
113_0_2,56_55_4
113_0_3,56_55_5
113_0_4,56_55_6
113_0_5,56_55_7_1
113_0_6,56_55_8
113_0_7,56_55_9
113_0_8,56_55_10
113_0_9,56_55_11_1
113_0_10,56_55_12_1
113_0_11,56_55_13
113_0_12,56_55_14_1
113_0_13,56_55_15
113_0_14,56_55_16
113_0_15,56_55_17_1
113_0_16,56_55_18
113_0_17,56_55_19
113_0_18,56_55_20_1
113_0_19,56_55_21_1
113_0_20,56_55_22_1
113_0_21,56_55_23_1
113_0_22,56_55_24_1
113_1_1,56_56_3
113_2_2,56_57_4
113_3_1,56_58_3_0
113_3_2,56_58_4_0
113_3_3,56_58_5
113_6_2,56_61_4_0
113_7_1,56_62_3_0
113_7_2,56_62_4_0
113_7_3,56_62_5_0
113_8_2,56_63_4_0
113_8_3,56_63_5
113_9_3,56_64_5_0
113_9_4,56_64_6_0
113_9_5,56_64_7_0
113_10_6,56_65_8_0
113_11_5,56_66_7_0
113_11_6,56_66_8_0
113_11_7,56_66_9
113_14_2,56_69_4_0
113_14_4,56_69_6_0
113_14_5,56_69_7_0
113_14_6,56_69_8_0
113_15_1,56_70_3_0
113_15_2,56_70_4_0
113_15_3,56_70_5_0
113_15_4,56_70_6_0
113_15_5_0,56_70_7_0
113_15_5_1,56_70_7_1
113_15_6,56_70_8_0
113_15_7,56_70_9_0
113_16_2,56_71_4_0
113_16_6,56_71_8_0
113_17_3,56_72_5_0
113_17_4,56_72_6_0
113_17_5,56_72_7_0
113_18_2,56_73_4_0
113_18_3,56_73_5_0
113_18_4_0,56_73_6_0
113_18_4_1,56_73_6_1
113_19_3,56_74_5
115_0_0,57_56_2
115_1_1,57_57_3
115_2_2,57_58_4
115_3_1,57_59_3
115_6_2,57_62_4_0
115_7_1,57_63_3_0
115_8_2,57_64_4_0
115_8_3,57_64_5_0
115_9_5,57_65_7_0
115_10_6,57_66_8_0
115_14_4,57_70_6_0
115_15_1,57_71_3_0
115_15_5_0,57_71_7_0
115_15_5_1,57_71_7_0
115_16_2,57_72_4_0
115_17_3,57_73_5_0
115_17_4,57_73_6
115_18_2,57_74_4_0
117_0_0,58_57_2
117_0_1,58_57_3
117_0_2,58_57_4
117_0_3,58_57_5
117_0_4,58_57_6
117_0_5,58_57_7_1
117_0_6,58_57_8_2
117_0_7,58_57_9_2
117_0_8,58_57_10_1
117_0_9,58_57_11_1
117_0_10,58_57_12_1
117_0_11,58_57_13
117_0_12,58_57_14
117_0_13,58_57_15_1
117_0_14,58_57_16
117_0_15,58_57_17
117_0_16,58_57_18_1
117_0_17,58_57_19_1
117_0_18,58_57_20
117_0_19,58_57_21
117_0_20,58_57_22
117_1_1,58_58_3
117_3_1,58_60_3
117_3_2,58_60_4
117_6_2,58_63_4
117_7_1,58_64_3
117_7_2,58_64_4_0
117_7_3,58_64_5_0
117_7_4,58_64_6_0
117_9_5,58_66_7_0
117_11_5,58_68_7_0
117_11_6,58_68_8_0
117_14_2,58_71_4_0
117_14_3,58_71_5_0
117_14_4,58_71_6_0
117_14_5,58_71_7_0
117_14_6,58_71_8
117_15_1,58_72_3
117_15_2,58_72_4_0
117_15_3,58_72_5_0
117_15_4,58_72_6_0
117_15_5_0,58_72_7_0
117_15_5_1,58_72_7_1
117_16_2,58_73_4_0
117_18_2,58_75_4
119_0_0,59_58_2
119_3_1,59_61_3
119_11_5,59_69_7_0
119_14_4,59_72_6_0
119_15_1,59_73_3
121_0_0,60_59_2
121_0_1,60_59_3
121_0_2,60_59_4
121_0_3,60_59_5
121_0_4,60_59_6
121_0_5,60_59_7
121_0_6,60_59_8
121_0_7,60_59_9
121_0_8,60_59_10_1
121_0_9,60_59_11_1
121_0_10,60_59_12_1
121_0_11,60_59_13_1
121_0_12,60_59_14
121_0_13,60_59_15
121_0_14,60_59_16_1
121_0_15,60_59_17
121_0_16,60_59_18
121_0_17,60_59_19_1
121_0_18,60_59_20_1
121_1_1,60_60_3
121_2_2,60_61_4_0
121_3_1,60_62_3_0
121_3_2,60_62_4_0
121_7_1,60_66_3_0
121_7_2,60_66_4_0
121_7_3,60_66_5_0
121_7_4,60_66_6_0
121_8_2,60_67_4_0
121_8_3,60_67_5_0
121_9_4,60_68_6_0
121_9_5,60_68_7_0
121_10_6,60_69_8_0
121_11_5,60_70_7_0
121_11_6,60_70_8_0
121_11_7,60_70_9_0
121_14_2,60_73_4_0
121_14_3,60_73_5_0
121_14_4,60_73_6
121_15_1,60_74_3
121_15_2,60_74_4_0
121_15_3,60_74_5
121_16_2,60_75_4
123_0_0,61_60_2
123_1_1,61_61_3
123_7_1,61_67_3
123_8_2,61_68_4_0
123_8_3,61_68_5_0
123_9_4,61_69_6_0
123_9_5,61_69_7_0
123_10_6,61_70_8_0
123_14_2,61_74_4
123_15_1,61_75_3
125_0_0,62_61_2
125_0_1,62_61_3
125_0_2,62_61_4_1
125_0_3,62_61_5
125_0_4,62_61_6_2
125_0_5,62_61_7_2
125_0_6,62_61_8_1
125_0_7,62_61_9_1
125_0_8,62_61_10_1
125_0_9,62_61_11_2
125_0_10,62_61_12_1
125_0_11,62_61_13_1
125_0_12,62_61_14_1
125_0_13,62_61_15
125_0_14,62_61_16
125_0_15,62_61_17_1
125_0_16,62_61_18
125_3_1,62_64_3
125_3_2,62_64_4_0
125_6_2,62_67_4
125_7_1,62_68_3
125_7_2,62_68_4_0
125_7_3,62_68_5_0
125_7_4,62_68_6_0
125_8_3,62_69_5_0
125_9_5,62_70_7_0
125_11_5,62_72_7
125_14_2,62_75_4
125_15_1,62_76_3
129_0_0,64_63_2_1
129_0_1,64_63_3_2
129_0_2,64_63_4_1
129_0_3,64_63_5_1
129_0_4,64_63_6_2
129_0_5,64_63_7_3
129_0_6,64_63_8_2
129_0_7,64_63_9_3
129_0_8,64_63_10_2
129_0_9,64_63_11_3
129_0_10,64_63_12_1
129_0_11,64_63_13_1
129_0_12,64_63_14_1
129_0_13,64_63_15_2
129_0_14,64_63_16_2
129_1_1,64_64_3
129_2_2,64_65_4_0
129_3_1,64_66_3_0
129_3_2,64_66_4_0
129_3_3,64_66_5
129_6_2,64_69_4_0
129_7_1,64_70_3_0
129_7_2,64_70_4_0
129_7_3,64_70_5_0
129_7_4,64_70_6_0
129_8_2,64_71_4_0
129_8_3,64_71_5_0
129_9_3,64_72_5_0
129_9_4,64_72_6_0
129_9_5,64_72_7
131_0_0,65_64_2_0
131_1_1,65_65_3_0
131_2_2,65_66_4_0
131_3_1,65_67_3
131_6_2,65_70_4_0
131_7_1,65_71_3_0
131_8_2,65_72_4_0
131_8_3,65_72_5_0
131_9_3,65_73_5
133_0_0,66_65_2
133_0_1,66_65_3_2
133_0_2,66_65_4_1
133_0_3,66_65_5_1
133_0_4,66_65_6_1
133_0_5,66_65_7_2
133_0_6,66_65_8_1
133_0_7,66_65_9_2
133_0_8,66_65_10_1
133_0_9,66_65_11_2
133_0_10,66_65_12_2
133_0_11,66_65_13_2
133_0_12,66_65_14_1
133_1_1,66_66_3_0
133_3_1,66_68_3
133_3_2,66_68_4_0
133_6_2,66_71_4_0
133_7_1,66_72_3
133_7_2,66_72_4_0
133_7_3,66_72_5_0
133_7_4,66_72_6_0
133_8_2,66_73_4
135_0_0,67_66_2_0
135_3_1,67_69_3_0
135_6_2,67_72_4_0
135_7_1,67_73_3
137_0_0,68_67_2
137_0_1,68_67_3
137_0_2,68_67_4
137_0_3,68_67_5_2
137_0_4,68_67_6_2
137_0_5,68_67_7_1
137_0_6,68_67_8_1
137_0_7,68_67_9_2
137_0_8,68_67_10_1
137_0_9,68_67_11_2
137_0_10,68_67_12_1
137_1_1,68_68_3
137_2_2,68_69_4_0
137_3_1,68_70_3_0
137_3_2,68_70_4_0
137_3_3,68_70_5_0
137_7_1,68_74_3
137_7_2,68_74_4_0
137_7_3,68_74_5_0
137_8_2,68_75_4_0
139_0_0,69_68_2
139_1_1,69_69_3_0
139_2_2,69_70_4_0
139_3_1,69_71_3_0
139_7_1,69_75_3
141_0_0,70_69_2
141_0_1,70_69_3_1
141_0_2,70_69_4_1
141_0_3,70_69_5_1
141_0_4,70_69_6_2
141_0_5,70_69_7_1
141_0_6,70_69_8_2
141_0_7,70_69_9_2
141_0_8,70_69_10_1
141_1_1,70_70_3_0
141_3_1,70_72_3
141_3_2,70_72_4_0
141_6_2,70_75_4
141_7_1,70_76_3
143_0_0,71_70_2_0
145_0_0,72_71_2
145_0_1,72_71_3_1
145_0_2,72_71_4_1
145_0_3,72_71_5_1
145_0_4,72_71_6_2
145_0_5,72_71_7_1
145_0_6,72_71_8
145_1_1,72_72_3
145_2_2,72_73_4
145_3_1,72_74_3_0
145_3_2,72_74_4_0
145_3_3,72_74_5
147_0_0,73_72_2
147_1_1,73_73_3
147_2_2,73_74_4
147_3_1,73_75_3
149_0_0,74_73_2
149_0_1,74_73_3
149_0_2,74_73_4
149_0_3,74_73_5
149_0_4,74_73_6
149_1_1,74_74_3
149_3_1,74_76_3
151_0_0,75_74_2
153_0_0,76_75_2
153_0_1,76_75_3
153_0_2,76_75_4
153_1_1,76_76_3
155_0_0,77_76_2
